Elevation,Aspect,Slope,Horizontal_Distance_To_Hydrology,Vertical_Distance_To_Hydrology,Horizontal_Distance_To_Roadways,Hillshade_9am,Hillshade_Noon,Hillshade_3pm,Horizontal_Distance_To_Fire_Points,CoverTypeBinary
3071.0,287.0,5.0,641.0,4.0,2721.0,206.0,240.0,172.0,1149.0,0
2679.0,108.0,12.0,124.0,28.0,1894.0,240.0,226.0,114.0,277.0,1
2948.0,79.0,11.0,309.0,17.0,2045.0,234.0,220.0,117.0,942.0,0
3295.0,216.0,8.0,531.0,73.0,3655.0,212.0,248.0,173.0,2577.0,0
3004.0,250.0,15.0,618.0,98.0,5777.0,187.0,249.0,199.0,4898.0,1
3175.0,162.0,13.0,216.0,26.0,981.0,233.0,243.0,138.0,2100.0,0
3277.0,141.0,7.0,390.0,51.0,1719.0,230.0,238.0,141.0,666.0,0
3303.0,312.0,14.0,513.0,75.0,1890.0,183.0,229.0,187.0,895.0,0
3192.0,4.0,10.0,659.0,181.0,872.0,207.0,221.0,151.0,1989.0,0
3100.0,331.0,18.0,95.0,18.0,3017.0,176.0,215.0,178.0,631.0,0
3016.0,69.0,8.0,234.0,40.0,1677.0,229.0,224.0,128.0,1813.0,1
2945.0,331.0,15.0,67.0,14.0,3803.0,183.0,220.0,175.0,1291.0,0
3249.0,17.0,11.0,270.0,-29.0,1421.0,211.0,218.0,142.0,1513.0,0
3167.0,331.0,17.0,537.0,146.0,874.0,177.0,216.0,177.0,1830.0,0
2987.0,82.0,10.0,402.0,99.0,2353.0,235.0,222.0,118.0,1736.0,1
2981.0,329.0,6.0,190.0,22.0,4742.0,207.0,233.0,165.0,2440.0,0
2985.0,72.0,7.0,497.0,13.0,5372.0,228.0,227.0,133.0,6482.0,0
2766.0,104.0,10.0,272.0,36.0,2609.0,238.0,227.0,119.0,2135.0,1
2910.0,284.0,13.0,95.0,32.0,2560.0,184.0,240.0,196.0,713.0,0
3418.0,79.0,17.0,524.0,133.0,2125.0,240.0,207.0,92.0,1500.0,0
3024.0,181.0,10.0,234.0,23.0,1458.0,224.0,247.0,155.0,516.0,0
2750.0,308.0,25.0,495.0,-4.0,892.0,144.0,216.0,208.0,1266.0,1
3032.0,240.0,7.0,446.0,37.0,1181.0,208.0,246.0,176.0,1719.0,1
2965.0,45.0,24.0,192.0,43.0,5021.0,218.0,179.0,83.0,3094.0,0
2988.0,189.0,22.0,85.0,16.0,720.0,215.0,250.0,158.0,1500.0,1
2623.0,28.0,10.0,268.0,17.0,2651.0,216.0,217.0,136.0,2602.0,1
3291.0,166.0,14.0,573.0,89.0,2768.0,231.0,244.0,142.0,1165.0,0
2886.0,292.0,4.0,0.0,0.0,4994.0,207.0,239.0,170.0,1400.0,1
3045.0,133.0,22.0,738.0,217.0,4498.0,248.0,224.0,93.0,1543.0,1
2687.0,3.0,10.0,418.0,64.0,1276.0,207.0,221.0,152.0,1431.0,1
3031.0,359.0,11.0,255.0,36.0,2387.0,203.0,220.0,154.0,2030.0,1
2945.0,40.0,16.0,642.0,-39.0,860.0,220.0,203.0,113.0,543.0,1
2936.0,0.0,3.0,420.0,21.0,3719.0,215.0,234.0,156.0,5763.0,1
3000.0,338.0,17.0,319.0,45.0,3354.0,182.0,214.0,171.0,2044.0,0
3303.0,108.0,4.0,212.0,48.0,5893.0,226.0,235.0,144.0,421.0,0
2765.0,62.0,5.0,361.0,42.0,2650.0,224.0,230.0,142.0,6779.0,0
3172.0,220.0,20.0,108.0,21.0,2073.0,193.0,254.0,192.0,418.0,1
3120.0,335.0,18.0,124.0,17.0,3750.0,178.0,213.0,174.0,3211.0,0
3198.0,40.0,7.0,285.0,24.0,2014.0,221.0,224.0,138.0,3027.0,1
3129.0,327.0,8.0,67.0,14.0,1071.0,201.0,231.0,170.0,1514.0,0
3395.0,196.0,14.0,671.0,195.0,2329.0,216.0,251.0,166.0,918.0,0
2818.0,37.0,14.0,201.0,43.0,1653.0,219.0,208.0,122.0,2592.0,0
3060.0,80.0,11.0,201.0,25.0,2089.0,234.0,221.0,118.0,1401.0,0
3264.0,155.0,15.0,342.0,31.0,2180.0,237.0,240.0,129.0,1165.0,1
3080.0,315.0,1.0,228.0,22.0,1405.0,215.0,237.0,160.0,2138.0,1
2995.0,148.0,15.0,120.0,22.0,4735.0,239.0,238.0,124.0,3389.0,1
2708.0,45.0,6.0,150.0,19.0,2015.0,222.0,227.0,141.0,5584.0,1
2887.0,128.0,24.0,95.0,16.0,1775.0,251.0,217.0,79.0,1829.0,1
3469.0,3.0,28.0,420.0,176.0,2561.0,172.0,176.0,132.0,2359.0,0
3279.0,349.0,4.0,618.0,81.0,1207.0,213.0,233.0,158.0,1728.0,0
2877.0,8.0,7.0,30.0,0.0,1031.0,212.0,227.0,152.0,2233.0,0
2930.0,355.0,14.0,30.0,4.0,2053.0,196.0,214.0,155.0,834.0,0
3209.0,320.0,8.0,408.0,25.0,797.0,199.0,233.0,173.0,1801.0,0
3101.0,230.0,8.0,300.0,-19.0,2252.0,207.0,248.0,177.0,1774.0,1
2797.0,105.0,7.0,162.0,12.0,2073.0,232.0,232.0,133.0,2289.0,1
2833.0,332.0,16.0,134.0,31.0,1492.0,182.0,218.0,175.0,2701.0,1
2676.0,152.0,4.0,450.0,76.0,1044.0,224.0,239.0,151.0,2611.0,1
2698.0,135.0,5.0,540.0,-17.0,1055.0,229.0,238.0,143.0,1572.0,1
3092.0,239.0,4.0,514.0,21.0,2588.0,212.0,243.0,169.0,1123.0,0
2760.0,35.0,4.0,90.0,4.0,1879.0,219.0,231.0,148.0,1651.0,1
2995.0,108.0,12.0,108.0,18.0,993.0,240.0,226.0,115.0,2208.0,1
3352.0,135.0,7.0,300.0,152.0,2868.0,232.0,237.0,137.0,531.0,0
2682.0,85.0,14.0,170.0,-1.0,671.0,239.0,216.0,104.0,1191.0,1
2923.0,249.0,25.0,459.0,274.0,1902.0,158.0,248.0,222.0,1590.0,1
2879.0,20.0,10.0,0.0,0.0,495.0,213.0,218.0,141.0,1902.0,0
2548.0,344.0,10.0,30.0,7.0,1148.0,199.0,224.0,163.0,649.0,1
2520.0,145.0,17.0,30.0,7.0,570.0,241.0,235.0,117.0,300.0,1
3005.0,200.0,15.0,108.0,29.0,1594.0,214.0,252.0,169.0,446.0,1
2868.0,70.0,22.0,573.0,187.0,940.0,237.0,190.0,73.0,443.0,0
3361.0,268.0,8.0,837.0,104.0,947.0,199.0,243.0,184.0,2233.0,0
3200.0,119.0,11.0,30.0,-11.0,1025.0,239.0,230.0,120.0,2850.0,1
3097.0,245.0,5.0,366.0,52.0,1772.0,210.0,244.0,172.0,671.0,1
3163.0,314.0,13.0,120.0,24.0,2529.0,184.0,229.0,185.0,430.0,0
2854.0,48.0,20.0,497.0,56.0,2644.0,223.0,193.0,96.0,228.0,0
2647.0,127.0,5.0,210.0,0.0,696.0,229.0,237.0,142.0,1768.0,1
2965.0,91.0,15.0,153.0,37.0,5454.0,242.0,215.0,99.0,1698.0,0
3141.0,72.0,5.0,190.0,-2.0,4673.0,226.0,230.0,138.0,1948.0,0
3094.0,138.0,6.0,497.0,60.0,5134.0,230.0,238.0,142.0,1617.0,0
3128.0,309.0,13.0,120.0,1.0,3636.0,183.0,231.0,188.0,1172.0,0
3039.0,118.0,12.0,210.0,2.0,912.0,241.0,229.0,116.0,1626.0,0
3179.0,95.0,18.0,256.0,19.0,5295.0,246.0,210.0,86.0,2865.0,1
2723.0,17.0,21.0,234.0,107.0,1124.0,197.0,191.0,124.0,871.0,1
3077.0,64.0,16.0,85.0,10.0,3589.0,233.0,206.0,100.0,2893.0,1
2836.0,52.0,16.0,150.0,31.0,153.0,227.0,204.0,106.0,342.0,0
2999.0,78.0,12.0,120.0,27.0,2147.0,235.0,219.0,114.0,2549.0,0
3014.0,221.0,14.0,134.0,30.0,2940.0,202.0,253.0,185.0,457.0,1
2991.0,6.0,7.0,272.0,16.0,3154.0,211.0,226.0,152.0,6091.0,0
2283.0,356.0,11.0,0.0,0.0,108.0,202.0,220.0,155.0,977.0,1
2709.0,93.0,10.0,201.0,41.0,1155.0,236.0,225.0,120.0,3037.0,1
2982.0,27.0,10.0,210.0,-24.0,2089.0,216.0,219.0,139.0,1179.0,0
3048.0,337.0,16.0,0.0,0.0,3290.0,183.0,216.0,171.0,2743.0,0
3172.0,331.0,11.0,342.0,30.0,1050.0,195.0,227.0,171.0,2415.0,0
3131.0,207.0,13.0,60.0,8.0,2359.0,211.0,252.0,174.0,834.0,1
3248.0,111.0,20.0,162.0,22.0,1689.0,250.0,214.0,83.0,2904.0,0
2972.0,153.0,6.0,67.0,7.0,4952.0,228.0,240.0,146.0,5770.0,0
2936.0,291.0,10.0,60.0,11.0,2550.0,192.0,239.0,186.0,518.0,1
3321.0,72.0,21.0,67.0,9.0,2282.0,238.0,196.0,79.0,2151.0,0
3097.0,114.0,5.0,313.0,20.0,2527.0,228.0,235.0,141.0,1983.0,0
2902.0,305.0,12.0,201.0,29.0,2658.0,187.0,233.0,186.0,2324.0,0
3271.0,134.0,17.0,750.0,155.0,2521.0,245.0,230.0,107.0,2489.0,0
3090.0,0.0,8.0,30.0,4.0,3182.0,208.0,225.0,154.0,5194.0,0
3067.0,307.0,5.0,547.0,76.0,5767.0,207.0,237.0,169.0,5139.0,0
2789.0,0.0,7.0,594.0,98.0,2870.0,210.0,228.0,155.0,1509.0,1
2767.0,185.0,16.0,60.0,10.0,1613.0,221.0,249.0,156.0,2363.0,1
3026.0,2.0,6.0,402.0,53.0,2563.0,212.0,229.0,154.0,331.0,0
2879.0,33.0,18.0,120.0,54.0,1666.0,214.0,198.0,114.0,2791.0,1
3083.0,104.0,22.0,150.0,16.0,1452.0,251.0,206.0,72.0,1380.0,0
2960.0,304.0,7.0,569.0,4.0,1528.0,201.0,237.0,175.0,1337.0,1
3261.0,13.0,23.0,1100.0,244.0,1860.0,192.0,187.0,125.0,2242.0,0
3099.0,97.0,10.0,365.0,28.0,1749.0,236.0,226.0,120.0,1531.0,0
3260.0,42.0,19.0,589.0,189.0,3603.0,219.0,195.0,104.0,1895.0,0
2762.0,165.0,27.0,60.0,0.0,1266.0,231.0,237.0,118.0,2026.0,1
3149.0,63.0,3.0,247.0,36.0,3822.0,222.0,233.0,146.0,3241.0,0
2900.0,123.0,14.0,379.0,13.0,912.0,243.0,228.0,111.0,2486.0,1
3197.0,0.0,14.0,591.0,64.0,4286.0,199.0,214.0,151.0,3350.0,0
3246.0,135.0,13.0,30.0,-3.0,1159.0,240.0,234.0,122.0,1249.0,0
3213.0,346.0,15.0,90.0,39.0,3376.0,190.0,215.0,163.0,2465.0,0
3128.0,110.0,28.0,182.0,51.0,3885.0,254.0,196.0,50.0,2262.0,0
3011.0,213.0,11.0,283.0,-9.0,5613.0,210.0,250.0,175.0,2799.0,0
2740.0,254.0,4.0,216.0,22.0,2412.0,210.0,242.0,170.0,6902.0,0
2997.0,320.0,16.0,150.0,20.0,1240.0,177.0,223.0,185.0,1839.0,1
3192.0,146.0,5.0,67.0,2.0,2513.0,227.0,239.0,146.0,1015.0,0
2894.0,212.0,21.0,120.0,53.0,612.0,196.0,254.0,186.0,1655.0,1
3014.0,189.0,18.0,90.0,23.0,2703.0,218.0,251.0,159.0,1632.0,1
2721.0,306.0,8.0,108.0,18.0,2396.0,198.0,236.0,178.0,5156.0,1
2640.0,162.0,16.0,313.0,40.0,899.0,234.0,242.0,135.0,2447.0,1
2607.0,40.0,16.0,376.0,10.0,655.0,220.0,204.0,114.0,911.0,1
3244.0,234.0,8.0,0.0,0.0,1173.0,206.0,248.0,179.0,1736.0,0
2851.0,26.0,28.0,451.0,96.0,1442.0,194.0,167.0,95.0,781.0,1
3078.0,258.0,12.0,0.0,0.0,1616.0,192.0,247.0,193.0,1050.0,0
2611.0,40.0,16.0,361.0,47.0,685.0,220.0,204.0,114.0,2879.0,1
2812.0,27.0,12.0,743.0,119.0,420.0,215.0,214.0,134.0,1087.0,1
3088.0,323.0,26.0,182.0,47.0,1996.0,146.0,203.0,192.0,1838.0,1
3129.0,126.0,16.0,792.0,81.0,2884.0,245.0,227.0,106.0,2761.0,1
3391.0,295.0,5.0,323.0,15.0,2992.0,206.0,238.0,172.0,1976.0,0
2834.0,126.0,14.0,309.0,38.0,2580.0,243.0,229.0,112.0,1698.0,1
2944.0,201.0,19.0,630.0,187.0,1294.0,209.0,253.0,172.0,1746.0,1
2839.0,39.0,12.0,330.0,18.0,2697.0,220.0,213.0,126.0,3707.0,0
3187.0,310.0,12.0,108.0,7.0,1205.0,187.0,232.0,185.0,1189.0,0
3156.0,58.0,36.0,124.0,60.0,3933.0,219.0,142.0,0.0,1027.0,0
3337.0,244.0,22.0,450.0,116.0,1841.0,171.0,251.0,213.0,3396.0,0
3092.0,76.0,4.0,30.0,1.0,1632.0,225.0,232.0,143.0,3152.0,0
2908.0,63.0,24.0,108.0,16.0,630.0,233.0,183.0,70.0,1831.0,1
2783.0,91.0,11.0,0.0,0.0,1442.0,237.0,223.0,115.0,2233.0,1
3198.0,56.0,14.0,212.0,5.0,1905.0,228.0,209.0,111.0,706.0,0
3234.0,95.0,17.0,511.0,73.0,1240.0,245.0,212.0,90.0,1797.0,0
3091.0,54.0,8.0,0.0,0.0,1583.0,225.0,223.0,131.0,624.0,0
3150.0,24.0,11.0,42.0,2.0,2197.0,214.0,215.0,136.0,2789.0,0
2919.0,129.0,6.0,85.0,-5.0,1744.0,230.0,236.0,139.0,1812.0,0
2664.0,205.0,31.0,108.0,45.0,1890.0,185.0,250.0,180.0,1087.0,1
3273.0,121.0,18.0,85.0,8.0,1271.0,247.0,223.0,97.0,1321.0,0
2981.0,251.0,24.0,446.0,167.0,1756.0,160.0,248.0,221.0,684.0,1
3059.0,253.0,6.0,0.0,0.0,1867.0,207.0,244.0,175.0,424.0,0
2978.0,318.0,6.0,95.0,16.0,3231.0,205.0,235.0,169.0,6354.0,0
2838.0,355.0,6.0,285.0,40.0,2029.0,211.0,230.0,157.0,1742.0,1
3042.0,331.0,23.0,153.0,46.0,484.0,161.0,205.0,180.0,2220.0,0
3221.0,45.0,2.0,90.0,5.0,3167.0,220.0,234.0,150.0,1689.0,0
2937.0,73.0,19.0,150.0,44.0,2103.0,239.0,200.0,84.0,1679.0,1
2987.0,32.0,13.0,60.0,12.0,1159.0,216.0,210.0,127.0,700.0,0
3149.0,97.0,4.0,124.0,-2.0,4810.0,226.0,234.0,143.0,2096.0,0
2989.0,38.0,16.0,589.0,108.0,1734.0,218.0,203.0,115.0,2992.0,1
3042.0,11.0,11.0,108.0,21.0,1939.0,208.0,217.0,145.0,1380.0,0
3105.0,90.0,11.0,30.0,0.0,1850.0,237.0,222.0,114.0,400.0,0
3296.0,342.0,20.0,319.0,101.0,1570.0,176.0,207.0,168.0,2742.0,0
2873.0,75.0,28.0,67.0,52.0,700.0,240.0,175.0,46.0,541.0,1
2776.0,133.0,9.0,268.0,27.0,1939.0,235.0,236.0,131.0,2410.0,1
3188.0,114.0,6.0,212.0,13.0,3511.0,232.0,233.0,135.0,4525.0,0
3329.0,37.0,24.0,268.0,115.0,1822.0,211.0,179.0,92.0,2502.0,0
3033.0,203.0,13.0,484.0,66.0,4567.0,213.0,251.0,171.0,1513.0,1
2984.0,166.0,9.0,470.0,52.0,1910.0,228.0,243.0,148.0,2470.0,1
3235.0,4.0,13.0,218.0,36.0,330.0,203.0,215.0,149.0,1329.0,0
3100.0,54.0,13.0,30.0,7.0,2951.0,227.0,211.0,115.0,3327.0,0
3045.0,303.0,31.0,384.0,251.0,990.0,121.0,208.0,220.0,1366.0,0
2706.0,34.0,15.0,242.0,61.0,1080.0,216.0,206.0,121.0,1869.0,1
2847.0,348.0,17.0,150.0,33.0,4231.0,186.0,209.0,160.0,5117.0,1
2590.0,25.0,10.0,170.0,42.0,664.0,215.0,219.0,139.0,3088.0,1
2919.0,81.0,8.0,342.0,-8.0,808.0,231.0,226.0,128.0,2375.0,1
2903.0,276.0,19.0,127.0,34.0,4063.0,165.0,240.0,213.0,730.0,1
3068.0,353.0,13.0,30.0,7.0,2603.0,197.0,217.0,157.0,774.0,0
2925.0,75.0,16.0,658.0,127.0,3084.0,238.0,207.0,95.0,595.0,1
3096.0,50.0,27.0,30.0,15.0,3889.0,220.0,172.0,70.0,853.0,0
2892.0,195.0,10.0,42.0,4.0,1879.0,218.0,249.0,164.0,2250.0,1
2943.0,154.0,7.0,365.0,105.0,2223.0,229.0,241.0,145.0,1302.0,1
2903.0,25.0,18.0,339.0,50.0,3078.0,208.0,197.0,120.0,1869.0,1
2642.0,275.0,29.0,153.0,65.0,1099.0,131.0,232.0,234.0,1939.0,1
3231.0,93.0,9.0,618.0,23.0,3904.0,235.0,226.0,121.0,2918.0,0
3037.0,241.0,27.0,371.0,-53.0,2955.0,160.0,250.0,219.0,990.0,1
3064.0,190.0,14.0,127.0,11.0,2030.0,219.0,250.0,161.0,30.0,0
2552.0,339.0,39.0,180.0,109.0,930.0,109.0,154.0,165.0,1638.0,1
3052.0,133.0,8.0,60.0,7.0,1572.0,233.0,236.0,135.0,2886.0,0
3234.0,49.0,5.0,365.0,0.0,162.0,222.0,229.0,143.0,1112.0,0
2897.0,298.0,12.0,120.0,33.0,1986.0,185.0,236.0,190.0,1006.0,1
3244.0,30.0,19.0,108.0,6.0,4161.0,211.0,196.0,116.0,3445.0,0
2961.0,302.0,15.0,175.0,-19.0,3771.0,178.0,232.0,194.0,1530.0,1
3226.0,270.0,7.0,240.0,2.0,5975.0,203.0,242.0,179.0,1236.0,0
3174.0,147.0,18.0,256.0,-8.0,2337.0,242.0,235.0,115.0,466.0,0
2624.0,83.0,12.0,30.0,7.0,1092.0,237.0,219.0,112.0,474.0,1
2683.0,333.0,18.0,150.0,26.0,1890.0,175.0,214.0,176.0,2240.0,1
2917.0,278.0,26.0,134.0,27.0,5094.0,142.0,234.0,227.0,1364.0,1
3261.0,249.0,3.0,792.0,151.0,1830.0,212.0,242.0,167.0,2372.0,0
3175.0,8.0,11.0,564.0,55.0,1968.0,207.0,218.0,147.0,2550.0,0
2767.0,163.0,24.0,42.0,5.0,1259.0,234.0,238.0,119.0,2053.0,1
2800.0,59.0,28.0,485.0,273.0,1136.0,228.0,168.0,54.0,987.0,1
3004.0,270.0,7.0,810.0,108.0,5825.0,203.0,242.0,179.0,6199.0,1
3080.0,146.0,5.0,626.0,72.0,5894.0,228.0,239.0,145.0,1566.0,0
2675.0,80.0,10.0,30.0,6.0,1825.0,234.0,223.0,120.0,2423.0,1
3083.0,37.0,9.0,283.0,10.0,2704.0,220.0,219.0,134.0,2860.0,1
3095.0,156.0,8.0,0.0,0.0,4399.0,230.0,241.0,144.0,1471.0,0
2992.0,55.0,13.0,120.0,25.0,190.0,228.0,211.0,114.0,511.0,1
3208.0,315.0,8.0,492.0,105.0,3035.0,199.0,234.0,174.0,3723.0,0
2960.0,110.0,21.0,268.0,46.0,4533.0,250.0,212.0,80.0,1601.0,1
3170.0,197.0,14.0,360.0,30.0,2274.0,215.0,251.0,167.0,811.0,0
3167.0,356.0,15.0,258.0,69.0,3596.0,195.0,212.0,154.0,3271.0,0
2937.0,321.0,15.0,402.0,91.0,3124.0,180.0,224.0,183.0,1974.0,0
3261.0,137.0,11.0,443.0,54.0,1221.0,237.0,236.0,129.0,2512.0,1
2846.0,0.0,15.0,60.0,12.0,1455.0,196.0,210.0,150.0,2563.0,0
3254.0,276.0,14.0,720.0,144.0,1201.0,181.0,242.0,200.0,2803.0,0
3223.0,36.0,2.0,700.0,54.0,1443.0,219.0,234.0,152.0,2508.0,1
2826.0,83.0,28.0,242.0,161.0,1412.0,246.0,178.0,42.0,1022.0,1
2834.0,3.0,16.0,150.0,39.0,2496.0,197.0,208.0,146.0,2814.0,1
2799.0,101.0,9.0,319.0,47.0,2423.0,235.0,228.0,124.0,2616.0,1
3014.0,0.0,21.0,426.0,95.0,4696.0,184.0,196.0,145.0,3593.0,0
2922.0,127.0,19.0,0.0,0.0,1947.0,248.0,224.0,97.0,2847.0,1
2823.0,198.0,1.0,0.0,0.0,2588.0,218.0,239.0,157.0,2671.0,1
3293.0,119.0,23.0,216.0,34.0,2296.0,252.0,213.0,76.0,1913.0,0
3269.0,86.0,10.0,192.0,15.0,2722.0,234.0,224.0,120.0,2714.0,0
3210.0,205.0,4.0,362.0,62.0,492.0,217.0,243.0,162.0,765.0,0
2909.0,7.0,10.0,301.0,32.0,577.0,208.0,220.0,149.0,1727.0,1
3097.0,68.0,27.0,663.0,-77.0,1095.0,236.0,176.0,55.0,904.0,0
2776.0,279.0,20.0,60.0,10.0,1864.0,163.0,239.0,214.0,1670.0,0
3233.0,54.0,15.0,745.0,140.0,1712.0,227.0,206.0,108.0,3019.0,0
3149.0,6.0,5.0,0.0,0.0,4572.0,214.0,230.0,154.0,3036.0,0
2798.0,356.0,33.0,228.0,81.0,3156.0,150.0,163.0,137.0,1682.0,1
2780.0,51.0,9.0,0.0,0.0,1106.0,225.0,220.0,128.0,2151.0,1
3169.0,91.0,12.0,60.0,13.0,4702.0,239.0,220.0,109.0,1226.0,0
3195.0,270.0,8.0,446.0,60.0,459.0,199.0,243.0,183.0,2730.0,1
3272.0,30.0,22.0,170.0,65.0,1969.0,208.0,188.0,107.0,2173.0,0
3180.0,2.0,5.0,342.0,52.0,4616.0,212.0,229.0,155.0,2384.0,1
3021.0,9.0,9.0,234.0,23.0,3751.0,211.0,223.0,149.0,2193.0,1
2926.0,63.0,11.0,295.0,57.0,2072.0,230.0,218.0,121.0,2205.0,1
3070.0,32.0,9.0,60.0,3.0,6837.0,218.0,221.0,139.0,2833.0,1
3360.0,164.0,17.0,390.0,68.0,2989.0,233.0,243.0,134.0,1216.0,0
3331.0,333.0,15.0,424.0,15.0,5024.0,184.0,220.0,174.0,3060.0,0
3128.0,298.0,17.0,384.0,86.0,3123.0,172.0,232.0,200.0,1381.0,0
2621.0,279.0,9.0,272.0,52.0,1276.0,196.0,241.0,184.0,1321.0,1
2869.0,292.0,15.0,30.0,10.0,2604.0,176.0,236.0,199.0,342.0,1
3217.0,99.0,5.0,300.0,15.0,2525.0,228.0,233.0,140.0,1369.0,0
2765.0,52.0,15.0,0.0,0.0,1611.0,227.0,206.0,108.0,1397.0,0
2595.0,52.0,5.0,95.0,2.0,649.0,223.0,228.0,141.0,5706.0,1
3204.0,317.0,17.0,270.0,61.0,4629.0,174.0,223.0,188.0,1084.0,0
3227.0,42.0,15.0,90.0,26.0,3043.0,221.0,206.0,116.0,2363.0,0
3160.0,49.0,15.0,210.0,12.0,5463.0,225.0,207.0,113.0,2316.0,1
3108.0,108.0,8.0,426.0,15.0,5207.0,233.0,232.0,130.0,1421.0,0
3017.0,294.0,29.0,313.0,-86.0,1045.0,126.0,218.0,225.0,2797.0,0
3202.0,38.0,14.0,297.0,26.0,1379.0,219.0,209.0,122.0,1142.0,0
3141.0,159.0,11.0,466.0,-33.0,1080.0,231.0,242.0,141.0,1120.0,1
2910.0,105.0,27.0,582.0,105.0,534.0,253.0,195.0,51.0,702.0,0
3054.0,183.0,13.0,430.0,56.0,5731.0,223.0,248.0,156.0,1768.0,0
3112.0,46.0,15.0,216.0,28.0,1857.0,224.0,207.0,114.0,2728.0,1
3381.0,348.0,14.0,874.0,198.0,1061.0,193.0,216.0,161.0,708.0,0
2795.0,187.0,10.0,42.0,1.0,3662.0,222.0,248.0,159.0,3118.0,0
2819.0,134.0,24.0,67.0,17.0,4452.0,249.0,221.0,85.0,366.0,0
3314.0,329.0,18.0,797.0,86.0,2121.0,176.0,217.0,179.0,886.0,0
2925.0,69.0,10.0,150.0,5.0,4443.0,231.0,221.0,122.0,4440.0,0
3170.0,118.0,28.0,247.0,133.0,3734.0,254.0,202.0,55.0,2736.0,0
3191.0,104.0,10.0,361.0,17.0,5179.0,237.0,228.0,121.0,2343.0,0
2930.0,255.0,19.0,518.0,139.0,2249.0,173.0,248.0,211.0,1831.0,1
2775.0,95.0,13.0,30.0,2.0,2053.0,241.0,220.0,106.0,2676.0,1
3165.0,166.0,10.0,437.0,-41.0,564.0,229.0,244.0,145.0,2089.0,1
3101.0,279.0,16.0,726.0,64.0,1961.0,175.0,241.0,204.0,765.0,1
3094.0,79.0,11.0,90.0,17.0,2147.0,235.0,220.0,115.0,1746.0,0
2827.0,22.0,10.0,150.0,16.0,1398.0,214.0,218.0,140.0,3004.0,0
2898.0,268.0,5.0,361.0,30.0,1065.0,206.0,242.0,175.0,492.0,1
2975.0,99.0,26.0,297.0,128.0,6173.0,252.0,193.0,53.0,4131.0,1
3426.0,47.0,12.0,741.0,147.0,2117.0,224.0,214.0,122.0,1597.0,0
3075.0,182.0,21.0,150.0,17.0,1635.0,221.0,248.0,150.0,2259.0,0
3012.0,39.0,18.0,420.0,184.0,450.0,218.0,197.0,108.0,872.0,1
3534.0,25.0,13.0,510.0,122.0,2852.0,213.0,210.0,132.0,1690.0,0
2982.0,7.0,18.0,313.0,45.0,342.0,196.0,202.0,140.0,633.0,1
2529.0,191.0,4.0,0.0,0.0,800.0,219.0,242.0,159.0,824.0,0
2968.0,161.0,10.0,350.0,29.0,5976.0,230.0,243.0,143.0,3335.0,1
3180.0,44.0,17.0,228.0,43.0,1057.0,221.0,200.0,107.0,5046.0,0
3330.0,107.0,20.0,175.0,50.0,876.0,249.0,212.0,82.0,646.0,0
2809.0,42.0,20.0,190.0,22.0,2922.0,219.0,191.0,99.0,2264.0,0
3218.0,349.0,16.0,30.0,5.0,3029.0,189.0,212.0,160.0,4169.0,0
3100.0,276.0,7.0,67.0,4.0,2048.0,201.0,242.0,179.0,2460.0,0
3172.0,344.0,19.0,384.0,62.0,1657.0,178.0,206.0,165.0,2006.0,0
3158.0,177.0,18.0,524.0,91.0,2649.0,226.0,247.0,147.0,3121.0,1
3151.0,112.0,5.0,323.0,17.0,4344.0,229.0,234.0,139.0,1921.0,1
2773.0,1.0,14.0,85.0,10.0,741.0,199.0,213.0,150.0,2422.0,1
3024.0,164.0,17.0,1075.0,226.0,2754.0,233.0,243.0,134.0,1189.0,1
3223.0,250.0,18.0,708.0,157.0,6201.0,179.0,250.0,207.0,1698.0,1
3152.0,18.0,5.0,150.0,20.0,5600.0,216.0,229.0,150.0,661.0,0
3508.0,99.0,19.0,888.0,223.0,2489.0,247.0,210.0,84.0,1129.0,0
2890.0,176.0,24.0,182.0,60.0,3937.0,224.0,245.0,139.0,1442.0,1
2894.0,57.0,22.0,190.0,64.0,376.0,229.0,189.0,82.0,1614.0,1
3085.0,353.0,16.0,331.0,16.0,1140.0,191.0,211.0,156.0,3396.0,1
3079.0,307.0,12.0,90.0,6.0,4902.0,187.0,233.0,186.0,757.0,0
3038.0,63.0,3.0,360.0,-1.0,3212.0,222.0,233.0,146.0,1036.0,1
3200.0,78.0,8.0,592.0,84.0,2018.0,231.0,226.0,128.0,2841.0,0
3255.0,129.0,17.0,190.0,18.0,2253.0,245.0,228.0,106.0,1842.0,0
2896.0,320.0,8.0,0.0,0.0,854.0,200.0,233.0,172.0,2067.0,0
3046.0,130.0,12.0,450.0,71.0,2577.0,240.0,233.0,121.0,2764.0,1
2947.0,324.0,16.0,216.0,27.0,2856.0,177.0,221.0,182.0,466.0,0
2986.0,358.0,14.0,30.0,9.0,1507.0,197.0,212.0,152.0,1395.0,1
3161.0,114.0,26.0,170.0,72.0,997.0,254.0,203.0,60.0,1131.0,0
2982.0,34.0,7.0,272.0,37.0,4584.0,219.0,225.0,142.0,5713.0,1
3070.0,270.0,2.0,659.0,102.0,2771.0,213.0,240.0,165.0,1189.0,0
2887.0,357.0,13.0,424.0,37.0,2044.0,198.0,215.0,154.0,1537.0,1
3026.0,142.0,11.0,295.0,-1.0,892.0,236.0,238.0,131.0,1019.0,0
2692.0,141.0,20.0,60.0,16.0,2312.0,245.0,230.0,104.0,4732.0,1
3189.0,162.0,10.0,67.0,-10.0,2274.0,230.0,243.0,144.0,3985.0,0
2998.0,15.0,8.0,443.0,79.0,5026.0,213.0,223.0,147.0,5852.0,0
3158.0,43.0,11.0,458.0,65.0,1862.0,222.0,216.0,127.0,3164.0,0
2642.0,121.0,35.0,95.0,58.0,1566.0,253.0,187.0,28.0,1101.0,1
3162.0,113.0,8.0,120.0,-9.0,3357.0,234.0,232.0,129.0,4912.0,0
2794.0,60.0,10.0,30.0,11.0,1940.0,228.0,218.0,122.0,1855.0,0
3444.0,316.0,13.0,779.0,49.0,2431.0,184.0,228.0,183.0,1429.0,0
3217.0,206.0,10.0,351.0,54.0,2800.0,214.0,250.0,170.0,886.0,0
3053.0,41.0,24.0,297.0,85.0,5029.0,215.0,181.0,89.0,2505.0,0
3272.0,26.0,11.0,283.0,24.0,4344.0,215.0,215.0,136.0,1513.0,0
2885.0,121.0,11.0,277.0,52.0,2922.0,238.0,231.0,122.0,2207.0,1
2768.0,49.0,5.0,0.0,0.0,1814.0,222.0,228.0,141.0,1652.0,0
2782.0,8.0,14.0,395.0,-5.0,797.0,202.0,211.0,144.0,842.0,1
2932.0,330.0,12.0,319.0,42.0,4317.0,192.0,226.0,173.0,5803.0,1
3325.0,315.0,23.0,301.0,95.0,2137.0,152.0,214.0,199.0,2208.0,1
3003.0,285.0,21.0,537.0,206.0,2226.0,159.0,235.0,214.0,1194.0,0
3019.0,0.0,5.0,124.0,-10.0,830.0,212.0,230.0,156.0,1710.0,0
2806.0,153.0,2.0,0.0,0.0,2312.0,222.0,239.0,153.0,2510.0,1
3148.0,88.0,8.0,124.0,13.0,577.0,232.0,227.0,128.0,2478.0,1
3084.0,52.0,13.0,90.0,1.0,1507.0,227.0,212.0,117.0,618.0,1
3376.0,118.0,6.0,270.0,37.0,1748.0,230.0,235.0,138.0,3154.0,0
2965.0,152.0,10.0,60.0,-2.0,4149.0,233.0,240.0,138.0,5332.0,1
2968.0,138.0,12.0,201.0,29.0,4694.0,238.0,236.0,127.0,3036.0,1
3221.0,164.0,9.0,242.0,19.0,2568.0,228.0,243.0,147.0,1284.0,1
3195.0,221.0,11.0,335.0,32.0,2694.0,207.0,250.0,179.0,911.0,0
3063.0,20.0,15.0,272.0,6.0,1800.0,208.0,207.0,133.0,1128.0,0
3226.0,27.0,1.0,564.0,75.0,631.0,218.0,236.0,155.0,484.0,0
2875.0,105.0,13.0,573.0,141.0,360.0,241.0,224.0,110.0,1100.0,1
2790.0,52.0,9.0,339.0,52.0,1605.0,225.0,221.0,130.0,2527.0,1
3226.0,8.0,7.0,90.0,9.0,5892.0,212.0,227.0,152.0,582.0,0
3009.0,350.0,14.0,277.0,37.0,2802.0,194.0,216.0,159.0,644.0,0
2823.0,110.0,6.0,674.0,35.0,751.0,230.0,234.0,138.0,1430.0,0
3106.0,27.0,14.0,362.0,13.0,3811.0,213.0,210.0,130.0,3690.0,0
2981.0,258.0,15.0,457.0,4.0,4871.0,183.0,248.0,203.0,285.0,1
2912.0,354.0,7.0,60.0,1.0,2922.0,209.0,228.0,157.0,1523.0,0
3351.0,196.0,20.0,371.0,50.0,3018.0,211.0,252.0,167.0,1434.0,0
2945.0,37.0,28.0,313.0,125.0,553.0,206.0,168.0,82.0,708.0,1
3099.0,66.0,3.0,30.0,1.0,3667.0,222.0,233.0,147.0,3001.0,0
3266.0,138.0,18.0,342.0,76.0,1549.0,244.0,231.0,108.0,1279.0,0
3035.0,105.0,15.0,201.0,32.0,3034.0,244.0,220.0,100.0,531.0,1
2867.0,29.0,9.0,339.0,22.0,1142.0,217.0,221.0,139.0,2732.0,0
2832.0,235.0,17.0,95.0,25.0,1651.0,188.0,253.0,199.0,977.0,1
3032.0,135.0,7.0,42.0,7.0,3271.0,232.0,237.0,137.0,5403.0,1
3017.0,41.0,17.0,256.0,24.0,3725.0,220.0,201.0,111.0,4929.0,1
3007.0,327.0,20.0,127.0,29.0,242.0,169.0,214.0,183.0,1465.0,1
2698.0,236.0,39.0,127.0,76.0,1533.0,127.0,240.0,227.0,1253.0,1
3113.0,276.0,6.0,376.0,-7.0,2324.0,203.0,241.0,178.0,2470.0,1
2915.0,342.0,10.0,108.0,8.0,2954.0,199.0,225.0,164.0,1556.0,0
3113.0,214.0,9.0,277.0,28.0,1762.0,212.0,249.0,172.0,799.0,1
3450.0,283.0,29.0,182.0,36.0,3109.0,129.0,227.0,231.0,1914.0,0
3284.0,349.0,10.0,509.0,113.0,2567.0,202.0,224.0,160.0,2358.0,0
3148.0,279.0,16.0,30.0,7.0,2644.0,176.0,241.0,204.0,638.0,0
3185.0,77.0,20.0,360.0,94.0,5303.0,240.0,199.0,81.0,1398.0,0
3362.0,22.0,24.0,366.0,147.0,2021.0,197.0,181.0,111.0,2060.0,0
2876.0,284.0,34.0,240.0,117.0,2497.0,110.0,218.0,238.0,685.0,1
2982.0,157.0,12.0,153.0,30.0,4157.0,233.0,241.0,137.0,2300.0,1
3255.0,244.0,6.0,774.0,115.0,2132.0,208.0,245.0,175.0,2081.0,0
3165.0,26.0,22.0,485.0,89.0,518.0,204.0,188.0,112.0,1731.0,1
2871.0,120.0,5.0,30.0,0.0,1442.0,229.0,235.0,140.0,2630.0,0
3230.0,224.0,21.0,240.0,25.0,1874.0,187.0,254.0,197.0,4110.0,0
3088.0,307.0,7.0,633.0,3.0,1020.0,201.0,236.0,175.0,1052.0,1
2998.0,169.0,16.0,175.0,33.0,4002.0,230.0,245.0,141.0,2258.0,1
3066.0,5.0,12.0,30.0,6.0,1323.0,205.0,217.0,149.0,2490.0,0
2723.0,75.0,27.0,90.0,26.0,1366.0,240.0,179.0,53.0,2270.0,1
2610.0,128.0,21.0,60.0,-7.0,1376.0,249.0,222.0,91.0,5125.0,1
3359.0,338.0,18.0,350.0,27.0,1400.0,179.0,212.0,171.0,2012.0,0
3278.0,185.0,13.0,371.0,90.0,1361.0,222.0,249.0,157.0,2780.0,0
3027.0,321.0,16.0,350.0,63.0,594.0,176.0,222.0,185.0,570.0,1
3041.0,350.0,9.0,666.0,155.0,5783.0,203.0,224.0,160.0,5175.0,1
2683.0,300.0,38.0,67.0,52.0,2556.0,93.0,196.0,229.0,6751.0,1
3378.0,16.0,23.0,218.0,85.0,2561.0,194.0,186.0,122.0,2555.0,0
2653.0,129.0,6.0,30.0,3.0,1972.0,231.0,236.0,138.0,2766.0,1
2896.0,135.0,12.0,153.0,39.0,4080.0,239.0,235.0,124.0,5987.0,1
2877.0,320.0,12.0,0.0,0.0,5249.0,188.0,228.0,180.0,4293.0,0
2706.0,46.0,26.0,95.0,31.0,95.0,217.0,174.0,76.0,2754.0,1
3288.0,135.0,24.0,537.0,-33.0,525.0,249.0,221.0,86.0,4262.0,1
3156.0,295.0,11.0,120.0,19.0,2170.0,189.0,237.0,188.0,755.0,0
3018.0,0.0,2.0,67.0,0.0,4096.0,216.0,235.0,156.0,1114.0,1
3281.0,334.0,22.0,90.0,47.0,4572.0,164.0,205.0,177.0,716.0,1
3224.0,306.0,7.0,390.0,40.0,283.0,201.0,236.0,174.0,1291.0,1
3047.0,301.0,11.0,256.0,-6.0,2285.0,189.0,235.0,186.0,793.0,0
2952.0,84.0,10.0,283.0,74.0,1871.0,234.0,224.0,121.0,1207.0,1
3077.0,270.0,6.0,153.0,26.0,4712.0,204.0,242.0,177.0,836.0,0
2966.0,6.0,17.0,666.0,194.0,726.0,196.0,204.0,142.0,1315.0,1
3157.0,56.0,7.0,124.0,-2.0,5146.0,225.0,226.0,135.0,2903.0,0
3006.0,114.0,8.0,437.0,67.0,1557.0,233.0,233.0,131.0,2341.0,1
3125.0,335.0,21.0,470.0,143.0,350.0,168.0,207.0,176.0,1262.0,0
2873.0,66.0,9.0,361.0,116.0,1507.0,229.0,221.0,124.0,1591.0,1
2786.0,30.0,7.0,342.0,45.0,1566.0,218.0,226.0,143.0,2486.0,1
2848.0,356.0,9.0,240.0,13.0,1869.0,205.0,224.0,156.0,1655.0,1
3232.0,312.0,11.0,270.0,89.0,4696.0,189.0,232.0,183.0,940.0,0
2733.0,8.0,19.0,323.0,124.0,1703.0,195.0,199.0,137.0,2532.0,1
2955.0,76.0,14.0,30.0,6.0,5199.0,237.0,213.0,105.0,2729.0,0
3059.0,112.0,10.0,30.0,6.0,3534.0,238.0,229.0,121.0,458.0,0
3291.0,121.0,12.0,127.0,36.0,5957.0,240.0,230.0,117.0,361.0,0
2683.0,177.0,12.0,67.0,5.0,2190.0,226.0,247.0,151.0,1825.0,1
3138.0,308.0,6.0,240.0,26.0,1485.0,204.0,236.0,171.0,2262.0,0
2779.0,67.0,9.0,127.0,20.0,760.0,229.0,222.0,125.0,2278.0,1
3140.0,153.0,19.0,201.0,55.0,4802.0,239.0,237.0,120.0,1342.0,0
2959.0,73.0,13.0,42.0,2.0,2412.0,235.0,214.0,108.0,1854.0,1
3242.0,65.0,13.0,108.0,16.0,4569.0,232.0,212.0,110.0,1348.0,0
2889.0,7.0,19.0,376.0,28.0,3501.0,193.0,198.0,139.0,3150.0,1
2671.0,73.0,5.0,162.0,14.0,201.0,226.0,230.0,139.0,977.0,1
3235.0,32.0,7.0,450.0,130.0,1380.0,219.0,224.0,142.0,2525.0,0
3194.0,133.0,13.0,30.0,-1.0,1254.0,240.0,234.0,121.0,1570.0,0
3041.0,127.0,12.0,421.0,-55.0,553.0,240.0,232.0,120.0,1356.0,0
3166.0,47.0,18.0,255.0,49.0,5171.0,223.0,199.0,104.0,2903.0,1
2843.0,350.0,24.0,297.0,120.0,3200.0,169.0,192.0,156.0,1611.0,1
2599.0,51.0,6.0,247.0,-16.0,1071.0,223.0,227.0,139.0,285.0,1
3036.0,338.0,5.0,228.0,16.0,4455.0,209.0,233.0,162.0,1110.0,1
2646.0,71.0,15.0,60.0,22.0,1460.0,236.0,210.0,102.0,218.0,1
3083.0,339.0,22.0,42.0,13.0,4155.0,167.0,202.0,171.0,811.0,0
3209.0,74.0,20.0,306.0,82.0,4092.0,239.0,198.0,81.0,3629.0,0
3293.0,118.0,10.0,60.0,-6.0,1357.0,238.0,231.0,122.0,1380.0,0
2971.0,285.0,16.0,90.0,17.0,391.0,173.0,238.0,205.0,745.0,1
3336.0,351.0,19.0,595.0,185.0,2630.0,184.0,205.0,157.0,323.0,0
3273.0,264.0,17.0,216.0,55.0,3481.0,176.0,246.0,207.0,1842.0,0
2630.0,63.0,2.0,30.0,0.0,67.0,221.0,234.0,150.0,601.0,1
2992.0,75.0,7.0,335.0,34.0,3778.0,228.0,228.0,133.0,1463.0,1
2999.0,125.0,11.0,90.0,-14.0,2176.0,239.0,232.0,121.0,3328.0,0
2761.0,15.0,3.0,30.0,0.0,702.0,217.0,233.0,154.0,2952.0,0
2988.0,332.0,19.0,644.0,72.0,5618.0,172.0,212.0,178.0,1771.0,1
3237.0,290.0,35.0,150.0,52.0,2227.0,105.0,211.0,235.0,3038.0,0
2992.0,290.0,26.0,390.0,195.0,2565.0,140.0,226.0,222.0,1559.0,0
3054.0,112.0,15.0,268.0,-6.0,3661.0,245.0,223.0,102.0,180.0,1
2998.0,115.0,7.0,268.0,26.0,5254.0,232.0,233.0,134.0,6258.0,0
3036.0,92.0,14.0,180.0,37.0,5158.0,242.0,216.0,101.0,3330.0,1
3054.0,154.0,28.0,424.0,-22.0,774.0,240.0,228.0,98.0,2273.0,0
2833.0,130.0,15.0,175.0,32.0,2971.0,243.0,230.0,112.0,2138.0,1
3270.0,315.0,17.0,190.0,46.0,3971.0,173.0,224.0,190.0,1332.0,0
2989.0,58.0,26.0,277.0,90.0,2084.0,228.0,176.0,66.0,1744.0,0
3099.0,125.0,18.0,85.0,24.0,2809.0,247.0,224.0,98.0,3833.0,0
2896.0,45.0,5.0,201.0,26.0,4069.0,222.0,228.0,142.0,6292.0,1
3382.0,102.0,18.0,242.0,182.0,2766.0,247.0,213.0,87.0,485.0,1
3178.0,149.0,20.0,658.0,-36.0,732.0,242.0,234.0,112.0,2018.0,1
3292.0,13.0,13.0,618.0,68.0,2994.0,207.0,214.0,142.0,3472.0,0
3017.0,356.0,28.0,201.0,21.0,417.0,164.0,177.0,142.0,2173.0,0
3057.0,32.0,6.0,127.0,14.0,2971.0,219.0,227.0,145.0,1477.0,1
3086.0,41.0,15.0,268.0,91.0,3920.0,221.0,205.0,116.0,5073.0,0
3137.0,153.0,33.0,450.0,48.0,1800.0,238.0,220.0,83.0,1597.0,1
3002.0,41.0,16.0,124.0,36.0,1464.0,220.0,203.0,113.0,1397.0,1
3362.0,344.0,18.0,534.0,129.0,4979.0,182.0,210.0,165.0,3034.0,0
3027.0,30.0,7.0,365.0,-7.0,2613.0,218.0,226.0,143.0,1505.0,1
3291.0,113.0,33.0,382.0,53.0,3947.0,254.0,186.0,31.0,2456.0,0
2856.0,8.0,15.0,295.0,58.0,3261.0,201.0,208.0,143.0,459.0,1
2745.0,24.0,20.0,150.0,-45.0,150.0,204.0,192.0,117.0,324.0,0
3266.0,202.0,13.0,541.0,64.0,2549.0,213.0,251.0,170.0,1431.0,1
3259.0,345.0,20.0,150.0,33.0,3578.0,177.0,205.0,164.0,4034.0,0
3260.0,328.0,14.0,283.0,23.0,4364.0,186.0,224.0,177.0,661.0,0
3121.0,92.0,6.0,270.0,78.0,5187.0,230.0,230.0,133.0,594.0,0
3047.0,65.0,10.0,350.0,-16.0,3427.0,230.0,221.0,123.0,2913.0,0
3235.0,130.0,14.0,391.0,97.0,750.0,243.0,231.0,114.0,2232.0,1
3041.0,108.0,8.0,323.0,69.0,2313.0,235.0,231.0,128.0,2322.0,0
3266.0,31.0,6.0,811.0,118.0,6030.0,219.0,228.0,145.0,2643.0,1
2878.0,90.0,14.0,335.0,-49.0,503.0,241.0,216.0,101.0,1907.0,1
3250.0,285.0,11.0,335.0,96.0,4740.0,188.0,240.0,192.0,3432.0,0
3312.0,34.0,7.0,170.0,-9.0,3195.0,219.0,224.0,141.0,1932.0,0
3310.0,299.0,15.0,765.0,40.0,3352.0,175.0,233.0,197.0,1026.0,0
3145.0,90.0,13.0,150.0,13.0,3754.0,240.0,219.0,107.0,182.0,0
3077.0,0.0,14.0,124.0,20.0,1952.0,198.0,212.0,151.0,1812.0,1
3086.0,310.0,14.0,582.0,46.0,5221.0,180.0,230.0,189.0,735.0,1
2849.0,359.0,26.0,162.0,55.0,1103.0,172.0,184.0,142.0,1834.0,1
3233.0,301.0,4.0,404.0,52.0,256.0,208.0,238.0,168.0,1140.0,0
3146.0,48.0,6.0,190.0,25.0,5541.0,223.0,226.0,139.0,636.0,0
2944.0,161.0,19.0,240.0,55.0,1207.0,235.0,241.0,128.0,684.0,1
2887.0,335.0,12.0,153.0,37.0,2643.0,193.0,224.0,170.0,2610.0,1
2715.0,345.0,10.0,212.0,16.0,914.0,200.0,224.0,163.0,1350.0,1
3216.0,249.0,4.0,162.0,-7.0,5999.0,211.0,242.0,170.0,1320.0,0
3467.0,87.0,24.0,514.0,33.0,2490.0,247.0,192.0,59.0,2271.0,0
3183.0,2.0,7.0,524.0,46.0,2095.0,210.0,226.0,154.0,703.0,0
3158.0,263.0,12.0,124.0,18.0,5666.0,189.0,246.0,196.0,2400.0,1
3174.0,315.0,5.0,404.0,76.0,4019.0,206.0,235.0,169.0,966.0,1
3204.0,126.0,9.0,764.0,-2.0,1040.0,235.0,234.0,130.0,2213.0,1
2912.0,352.0,21.0,95.0,31.0,1290.0,178.0,198.0,155.0,1801.0,1
2731.0,24.0,8.0,30.0,4.0,1209.0,216.0,222.0,143.0,2271.0,1
3015.0,110.0,33.0,560.0,210.0,582.0,254.0,184.0,29.0,1590.0,0
3206.0,289.0,30.0,124.0,4.0,3200.0,123.0,221.0,230.0,2197.0,0
3170.0,29.0,19.0,124.0,-9.0,1693.0,210.0,195.0,115.0,2367.0,0
3267.0,169.0,12.0,30.0,12.0,6111.0,229.0,245.0,145.0,228.0,0
3357.0,303.0,13.0,793.0,219.0,4015.0,185.0,234.0,189.0,2363.0,1
3396.0,195.0,11.0,560.0,196.0,2452.0,218.0,250.0,165.0,808.0,0
3244.0,244.0,14.0,350.0,50.0,3022.0,190.0,251.0,197.0,999.0,1
3178.0,62.0,15.0,582.0,3.0,4014.0,231.0,208.0,106.0,4213.0,0
2990.0,264.0,13.0,30.0,7.0,2761.0,186.0,246.0,198.0,875.0,0
3115.0,103.0,3.0,484.0,34.0,1860.0,225.0,235.0,145.0,2800.0,0
2727.0,57.0,8.0,361.0,29.0,2048.0,226.0,223.0,131.0,6072.0,1
3416.0,188.0,7.0,418.0,47.0,2793.0,221.0,246.0,159.0,1756.0,0
3299.0,151.0,22.0,162.0,-11.0,2454.0,242.0,233.0,109.0,3611.0,0
3258.0,57.0,22.0,212.0,17.0,3121.0,229.0,189.0,82.0,2379.0,0
2914.0,57.0,8.0,0.0,0.0,1398.0,226.0,223.0,132.0,2507.0,0
2886.0,169.0,15.0,752.0,110.0,2308.0,230.0,245.0,142.0,1634.0,1
2653.0,63.0,7.0,0.0,0.0,371.0,226.0,226.0,134.0,600.0,1
2945.0,33.0,15.0,612.0,222.0,3126.0,216.0,206.0,122.0,1518.0,1
2916.0,122.0,9.0,361.0,10.0,4477.0,236.0,233.0,128.0,5874.0,1
3164.0,34.0,15.0,192.0,28.0,2384.0,216.0,206.0,121.0,2241.0,0
3326.0,2.0,12.0,30.0,4.0,1749.0,203.0,216.0,151.0,1939.0,0
3251.0,339.0,16.0,67.0,19.0,3583.0,184.0,215.0,169.0,2438.0,0
3360.0,45.0,2.0,190.0,33.0,3453.0,219.0,235.0,152.0,2151.0,0
3221.0,336.0,6.0,134.0,20.0,1421.0,206.0,231.0,164.0,499.0,0
2945.0,36.0,8.0,531.0,55.0,4154.0,220.0,222.0,138.0,5590.0,1
3058.0,255.0,11.0,170.0,46.0,1861.0,194.0,247.0,192.0,1476.0,0
3258.0,271.0,12.0,216.0,46.0,4866.0,188.0,244.0,195.0,1092.0,1
3116.0,225.0,17.0,684.0,134.0,6037.0,195.0,254.0,191.0,1771.0,1
2945.0,113.0,16.0,162.0,26.0,4677.0,246.0,221.0,98.0,5712.0,1
2876.0,58.0,18.0,277.0,60.0,3398.0,230.0,199.0,96.0,3000.0,1
2704.0,327.0,16.0,42.0,12.0,1354.0,179.0,220.0,180.0,2227.0,1
2586.0,45.0,10.0,534.0,22.0,1323.0,223.0,217.0,128.0,1624.0,1
2682.0,338.0,28.0,212.0,61.0,990.0,149.0,190.0,173.0,1816.0,1
2666.0,352.0,24.0,120.0,60.0,2071.0,171.0,191.0,152.0,7061.0,1
3064.0,180.0,4.0,60.0,-15.0,6825.0,221.0,242.0,156.0,2898.0,1
2745.0,2.0,13.0,537.0,103.0,564.0,201.0,215.0,150.0,607.0,1
3255.0,131.0,22.0,300.0,98.0,4114.0,250.0,221.0,87.0,2930.0,0
3140.0,18.0,20.0,335.0,45.0,5721.0,199.0,193.0,124.0,1182.0,0
3027.0,172.0,13.0,85.0,5.0,1542.0,228.0,246.0,147.0,2402.0,0
2955.0,305.0,14.0,0.0,0.0,3332.0,181.0,232.0,191.0,1994.0,0
3304.0,336.0,11.0,638.0,60.0,778.0,194.0,225.0,169.0,1243.0,0
3264.0,75.0,13.0,636.0,-20.0,1358.0,235.0,216.0,110.0,2094.0,0
2991.0,356.0,7.0,270.0,39.0,4334.0,209.0,228.0,157.0,1950.0,1
3327.0,264.0,20.0,1179.0,406.0,3649.0,166.0,245.0,216.0,2567.0,1
3279.0,318.0,19.0,30.0,24.0,6159.0,167.0,220.0,191.0,242.0,0
3034.0,35.0,13.0,120.0,-3.0,3313.0,218.0,210.0,125.0,1495.0,0
3125.0,135.0,7.0,418.0,44.0,1396.0,231.0,237.0,139.0,2718.0,0
3277.0,110.0,22.0,612.0,116.0,1275.0,251.0,209.0,73.0,1736.0,0
2741.0,144.0,10.0,134.0,9.0,1549.0,235.0,238.0,133.0,2460.0,1
3206.0,47.0,19.0,162.0,16.0,1231.0,223.0,196.0,101.0,1376.0,0
2927.0,62.0,13.0,150.0,-48.0,638.0,230.0,214.0,114.0,690.0,0
2991.0,341.0,14.0,85.0,18.0,895.0,191.0,219.0,167.0,2514.0,0
3160.0,217.0,19.0,558.0,63.0,3360.0,197.0,254.0,188.0,1910.0,0
2622.0,101.0,19.0,242.0,81.0,424.0,248.0,212.0,85.0,1650.0,1
2975.0,6.0,15.0,454.0,-6.0,4691.0,201.0,211.0,146.0,5164.0,1
3229.0,189.0,19.0,30.0,-8.0,2382.0,217.0,251.0,159.0,3773.0,0
2778.0,293.0,15.0,190.0,82.0,3078.0,176.0,235.0,199.0,6286.0,0
3077.0,50.0,19.0,342.0,-91.0,953.0,225.0,196.0,97.0,874.0,0
2967.0,236.0,12.0,234.0,67.0,457.0,198.0,251.0,189.0,1475.0,1
2913.0,59.0,4.0,240.0,10.0,4070.0,223.0,231.0,143.0,6344.0,1
3018.0,339.0,12.0,285.0,108.0,1900.0,195.0,223.0,167.0,2647.0,1
2975.0,10.0,15.0,360.0,40.0,5135.0,202.0,209.0,141.0,1846.0,0
3035.0,90.0,5.0,42.0,3.0,2550.0,227.0,232.0,139.0,4002.0,0
3198.0,10.0,5.0,67.0,-12.0,4081.0,214.0,229.0,152.0,3365.0,0
2840.0,9.0,16.0,95.0,26.0,4287.0,201.0,207.0,141.0,5055.0,1
2848.0,117.0,14.0,30.0,0.0,4060.0,244.0,226.0,108.0,3361.0,0
2748.0,36.0,20.0,175.0,75.0,190.0,214.0,191.0,105.0,2710.0,1
2992.0,320.0,12.0,330.0,15.0,4686.0,188.0,228.0,180.0,201.0,1
2994.0,29.0,7.0,351.0,62.0,3221.0,218.0,224.0,142.0,977.0,1
2883.0,267.0,27.0,210.0,116.0,2506.0,141.0,239.0,231.0,658.0,1
3238.0,177.0,18.0,330.0,93.0,488.0,226.0,247.0,147.0,2654.0,0
2591.0,198.0,15.0,90.0,-6.0,2321.0,214.0,252.0,169.0,2051.0,1
3451.0,237.0,13.0,914.0,183.0,3556.0,197.0,251.0,191.0,454.0,0
3190.0,352.0,14.0,150.0,37.0,1233.0,195.0,215.0,157.0,2366.0,1
3318.0,75.0,15.0,402.0,104.0,1018.0,237.0,212.0,103.0,2670.0,1
2868.0,96.0,19.0,300.0,72.0,854.0,246.0,210.0,85.0,731.0,1
3208.0,63.0,12.0,295.0,13.0,1034.0,230.0,216.0,117.0,1329.0,0
2896.0,30.0,27.0,212.0,73.0,400.0,200.0,169.0,91.0,408.0,1
2735.0,328.0,10.0,216.0,10.0,1321.0,195.0,228.0,172.0,2135.0,1
3143.0,309.0,10.0,379.0,17.0,1806.0,192.0,233.0,182.0,721.0,0
3121.0,130.0,12.0,60.0,4.0,626.0,240.0,233.0,122.0,1774.0,1
3048.0,152.0,20.0,365.0,37.0,1240.0,240.0,236.0,116.0,937.0,1
2827.0,145.0,11.0,212.0,23.0,3487.0,236.0,238.0,132.0,6307.0,1
3329.0,236.0,16.0,390.0,108.0,1917.0,191.0,252.0,197.0,3314.0,0
3005.0,72.0,3.0,324.0,42.0,4058.0,223.0,233.0,146.0,1296.0,1
3182.0,39.0,19.0,551.0,164.0,4592.0,217.0,194.0,105.0,2230.0,0
2695.0,27.0,7.0,366.0,64.0,1359.0,218.0,225.0,144.0,1482.0,1
2898.0,127.0,17.0,175.0,34.0,2708.0,245.0,227.0,105.0,1976.0,1
3171.0,46.0,16.0,390.0,58.0,1961.0,223.0,203.0,109.0,3419.0,0
3189.0,47.0,9.0,153.0,9.0,2040.0,223.0,220.0,131.0,1822.0,0
3233.0,309.0,9.0,247.0,57.0,2678.0,194.0,234.0,180.0,1084.0,0
3061.0,299.0,23.0,247.0,48.0,2828.0,151.0,225.0,211.0,2454.0,0
2784.0,353.0,6.0,488.0,78.0,2929.0,210.0,230.0,158.0,1385.0,1
2952.0,310.0,19.0,300.0,-22.0,1015.0,165.0,224.0,197.0,824.0,1
2998.0,11.0,4.0,755.0,72.0,5299.0,216.0,232.0,153.0,6036.0,1
2561.0,37.0,19.0,247.0,-9.0,785.0,216.0,196.0,108.0,67.0,1
2533.0,74.0,30.0,42.0,11.0,1573.0,239.0,168.0,38.0,1579.0,1
3191.0,90.0,7.0,201.0,26.0,4844.0,231.0,229.0,132.0,1383.0,0
3231.0,175.0,3.0,323.0,27.0,5493.0,221.0,240.0,156.0,1250.0,0
3009.0,93.0,18.0,902.0,211.0,3078.0,246.0,209.0,85.0,811.0,1
3158.0,285.0,5.0,201.0,-7.0,3556.0,207.0,240.0,172.0,1395.0,0
2990.0,337.0,7.0,175.0,3.0,3882.0,204.0,230.0,165.0,752.0,0
3209.0,53.0,5.0,150.0,14.0,5654.0,223.0,229.0,142.0,834.0,0
2900.0,0.0,0.0,95.0,0.0,5209.0,218.0,238.0,156.0,4807.0,1
3119.0,29.0,17.0,342.0,98.0,4782.0,212.0,201.0,120.0,2012.0,0
3247.0,282.0,13.0,335.0,53.0,3034.0,184.0,241.0,196.0,1015.0,1
3278.0,212.0,9.0,693.0,143.0,720.0,213.0,249.0,172.0,2438.0,1
2967.0,13.0,16.0,268.0,15.0,518.0,203.0,207.0,138.0,277.0,1
3084.0,67.0,14.0,134.0,16.0,878.0,233.0,211.0,106.0,2089.0,0
2635.0,115.0,13.0,339.0,34.0,604.0,242.0,227.0,113.0,1448.0,1
2826.0,118.0,17.0,60.0,13.0,864.0,247.0,223.0,99.0,1142.0,1
2543.0,33.0,21.0,162.0,41.0,914.0,210.0,188.0,105.0,976.0,1
2736.0,11.0,1.0,108.0,6.0,1329.0,217.0,236.0,156.0,1865.0,0
3236.0,104.0,18.0,660.0,98.0,633.0,248.0,214.0,88.0,1956.0,1
3164.0,333.0,7.0,0.0,0.0,1677.0,205.0,232.0,166.0,2329.0,0
3203.0,315.0,2.0,0.0,0.0,4756.0,213.0,237.0,162.0,331.0,0
3153.0,42.0,11.0,446.0,72.0,1053.0,222.0,215.0,127.0,2514.0,1
3226.0,342.0,20.0,150.0,45.0,1559.0,175.0,206.0,167.0,2707.0,0
3005.0,18.0,23.0,124.0,29.0,1974.0,196.0,186.0,119.0,3893.0,0
2726.0,42.0,20.0,108.0,30.0,1020.0,219.0,191.0,99.0,1798.0,1
2998.0,30.0,18.0,750.0,236.0,1708.0,212.0,198.0,117.0,2114.0,1
2933.0,348.0,21.0,242.0,90.0,1782.0,176.0,200.0,159.0,2720.0,1
2624.0,76.0,12.0,90.0,16.0,301.0,234.0,218.0,114.0,382.0,1
2548.0,11.0,5.0,30.0,3.0,1465.0,215.0,230.0,152.0,1323.0,1
3211.0,34.0,20.0,150.0,32.0,4168.0,213.0,193.0,108.0,3196.0,0
3034.0,198.0,2.0,824.0,115.0,5395.0,218.0,241.0,159.0,5794.0,1
2821.0,17.0,30.0,484.0,205.0,1216.0,181.0,163.0,104.0,658.0,1
3197.0,312.0,13.0,525.0,53.0,6004.0,185.0,230.0,185.0,1140.0,0
2998.0,310.0,7.0,42.0,1.0,779.0,201.0,235.0,174.0,1365.0,0
3005.0,318.0,12.0,277.0,41.0,598.0,189.0,229.0,180.0,916.0,1
2858.0,44.0,14.0,283.0,89.0,2647.0,222.0,210.0,119.0,2763.0,1
3093.0,15.0,11.0,108.0,13.0,3546.0,210.0,216.0,142.0,2831.0,0
3360.0,176.0,15.0,570.0,154.0,1661.0,226.0,247.0,149.0,1597.0,0
3126.0,15.0,11.0,424.0,45.0,1222.0,210.0,217.0,143.0,2590.0,0
3276.0,93.0,16.0,306.0,47.0,433.0,243.0,215.0,97.0,725.0,1
3465.0,137.0,10.0,663.0,180.0,2230.0,236.0,236.0,131.0,1410.0,0
2644.0,147.0,21.0,60.0,13.0,1775.0,243.0,232.0,108.0,1398.0,1
3359.0,185.0,11.0,309.0,-27.0,3130.0,222.0,248.0,157.0,350.0,0
3078.0,15.0,11.0,350.0,46.0,1048.0,210.0,217.0,143.0,1230.0,1
2569.0,38.0,5.0,277.0,-6.0,2589.0,220.0,228.0,144.0,2647.0,1
3365.0,113.0,13.0,258.0,165.0,2816.0,241.0,227.0,113.0,499.0,0
3193.0,327.0,16.0,108.0,29.0,2532.0,180.0,220.0,180.0,2742.0,0
3178.0,49.0,14.0,270.0,3.0,3208.0,225.0,208.0,114.0,5050.0,0
2915.0,319.0,21.0,277.0,30.0,4470.0,161.0,216.0,193.0,379.0,1
2808.0,117.0,8.0,474.0,20.0,902.0,234.0,233.0,131.0,1299.0,0
3055.0,44.0,17.0,153.0,44.0,1115.0,222.0,201.0,109.0,1064.0,0
2971.0,72.0,6.0,433.0,32.0,2592.0,227.0,228.0,136.0,2315.0,1
3222.0,268.0,11.0,624.0,102.0,3270.0,192.0,244.0,192.0,1041.0,0
3126.0,58.0,7.0,162.0,0.0,1342.0,226.0,225.0,133.0,2139.0,0
3366.0,152.0,21.0,450.0,3.0,592.0,241.0,234.0,112.0,659.0,0
3103.0,45.0,11.0,268.0,30.0,3038.0,223.0,216.0,126.0,1592.0,1
2947.0,122.0,12.0,240.0,25.0,4243.0,240.0,230.0,118.0,4463.0,1
2686.0,14.0,32.0,30.0,19.0,2866.0,172.0,156.0,104.0,6453.0,1
3118.0,6.0,16.0,313.0,-16.0,1277.0,199.0,208.0,144.0,210.0,0
3062.0,0.0,0.0,30.0,0.0,4155.0,218.0,237.0,156.0,764.0,0
3240.0,247.0,16.0,228.0,50.0,1027.0,186.0,250.0,201.0,331.0,0
2989.0,84.0,9.0,192.0,23.0,1485.0,233.0,225.0,125.0,1992.0,1
3024.0,47.0,22.0,391.0,115.0,4399.0,221.0,185.0,87.0,4564.0,0
3241.0,206.0,15.0,666.0,27.0,573.0,209.0,253.0,175.0,2568.0,1
2920.0,249.0,17.0,600.0,123.0,2400.0,181.0,250.0,205.0,1722.0,1
3091.0,36.0,2.0,150.0,0.0,4038.0,219.0,234.0,152.0,1266.0,0
3080.0,177.0,5.0,285.0,26.0,2862.0,222.0,242.0,155.0,1702.0,1
3155.0,354.0,4.0,437.0,180.0,2099.0,212.0,232.0,157.0,3870.0,0
3054.0,111.0,11.0,466.0,20.0,6456.0,238.0,229.0,119.0,3282.0,1
3197.0,104.0,16.0,467.0,65.0,658.0,246.0,217.0,95.0,5628.0,0
3169.0,252.0,3.0,540.0,-37.0,466.0,213.0,241.0,166.0,1943.0,1
3226.0,78.0,6.0,417.0,19.0,4790.0,227.0,230.0,137.0,2290.0,0
2962.0,357.0,15.0,153.0,26.0,4441.0,196.0,212.0,153.0,1865.0,1
3255.0,50.0,24.0,616.0,89.0,938.0,223.0,181.0,79.0,1667.0,0
3062.0,265.0,8.0,60.0,1.0,2813.0,199.0,244.0,184.0,1364.0,1
2734.0,107.0,5.0,134.0,20.0,1293.0,229.0,234.0,139.0,2084.0,0
3107.0,336.0,10.0,190.0,33.0,4921.0,197.0,226.0,168.0,607.0,1
2662.0,77.0,4.0,30.0,2.0,497.0,226.0,231.0,141.0,630.0,1
3353.0,122.0,16.0,570.0,196.0,3999.0,246.0,225.0,102.0,2665.0,0
2824.0,335.0,32.0,192.0,63.0,2377.0,131.0,178.0,176.0,1048.0,1
2623.0,242.0,18.0,376.0,33.0,960.0,183.0,252.0,204.0,1668.0,1
2863.0,36.0,2.0,551.0,101.0,3638.0,219.0,234.0,152.0,6037.0,1
2917.0,101.0,5.0,60.0,-7.0,1742.0,228.0,233.0,139.0,1784.0,0
3253.0,162.0,9.0,120.0,12.0,5433.0,229.0,243.0,145.0,702.0,1
3300.0,97.0,10.0,95.0,40.0,6057.0,236.0,226.0,120.0,630.0,0
2876.0,15.0,5.0,153.0,17.0,3483.0,216.0,230.0,152.0,3303.0,1
3139.0,245.0,26.0,272.0,108.0,2347.0,158.0,249.0,222.0,1641.0,0
2785.0,230.0,22.0,60.0,4.0,1318.0,180.0,254.0,204.0,1578.0,1
3273.0,49.0,9.0,234.0,53.0,1572.0,224.0,220.0,130.0,2877.0,0
3010.0,314.0,15.0,162.0,6.0,2423.0,178.0,227.0,188.0,1466.0,0
3251.0,117.0,13.0,474.0,212.0,3660.0,242.0,228.0,113.0,2105.0,0
3080.0,135.0,9.0,30.0,4.0,4468.0,235.0,236.0,132.0,1050.0,0
2959.0,58.0,18.0,192.0,56.0,4527.0,230.0,198.0,94.0,4780.0,0
2901.0,99.0,20.0,301.0,20.0,2001.0,248.0,209.0,80.0,2973.0,1
3175.0,311.0,24.0,497.0,108.0,1691.0,149.0,215.0,203.0,3195.0,0
3251.0,352.0,14.0,830.0,107.0,6204.0,195.0,216.0,158.0,1501.0,0
2946.0,45.0,14.0,638.0,-15.0,900.0,223.0,208.0,116.0,577.0,1
3025.0,162.0,6.0,339.0,51.0,511.0,226.0,242.0,149.0,1181.0,0
2856.0,27.0,11.0,42.0,3.0,1340.0,215.0,217.0,137.0,2513.0,1
2967.0,236.0,2.0,258.0,19.0,4895.0,216.0,240.0,162.0,2272.0,0
3076.0,166.0,2.0,242.0,11.0,1448.0,221.0,239.0,155.0,1595.0,0
3383.0,30.0,4.0,474.0,54.0,1560.0,218.0,231.0,149.0,2277.0,0
2655.0,11.0,23.0,210.0,86.0,1824.0,189.0,187.0,128.0,1455.0,1
3158.0,262.0,15.0,108.0,18.0,1260.0,182.0,246.0,202.0,1340.0,0
2933.0,306.0,14.0,295.0,60.0,1606.0,180.0,231.0,191.0,1215.0,0
3319.0,296.0,7.0,90.0,14.0,3420.0,200.0,238.0,178.0,1892.0,0
3319.0,340.0,10.0,361.0,67.0,4611.0,200.0,226.0,165.0,912.0,0
3101.0,90.0,2.0,108.0,0.0,4120.0,222.0,236.0,150.0,1392.0,0
3037.0,0.0,0.0,0.0,0.0,2666.0,218.0,238.0,156.0,837.0,0
3186.0,54.0,4.0,210.0,25.0,1019.0,222.0,231.0,144.0,2083.0,0
3199.0,155.0,12.0,190.0,61.0,735.0,234.0,241.0,136.0,2385.0,1
2669.0,126.0,16.0,85.0,19.0,1410.0,245.0,227.0,106.0,1575.0,1
3047.0,155.0,15.0,190.0,25.0,1650.0,237.0,240.0,129.0,2308.0,0
2891.0,200.0,19.0,480.0,134.0,1383.0,209.0,253.0,171.0,1594.0,1
3157.0,32.0,13.0,631.0,140.0,1728.0,216.0,211.0,128.0,2561.0,0
3232.0,337.0,7.0,721.0,88.0,6185.0,204.0,230.0,165.0,1380.0,0
3105.0,21.0,6.0,0.0,0.0,5241.0,216.0,227.0,148.0,726.0,0
2923.0,91.0,20.0,480.0,127.0,1012.0,246.0,204.0,79.0,860.0,1
2691.0,199.0,29.0,212.0,83.0,1892.0,196.0,250.0,171.0,1380.0,1
3254.0,19.0,16.0,150.0,31.0,3241.0,206.0,203.0,131.0,3247.0,1
3198.0,100.0,12.0,693.0,26.0,4220.0,240.0,223.0,111.0,1986.0,0
3303.0,334.0,9.0,671.0,103.0,3629.0,199.0,228.0,168.0,4006.0,0
2908.0,69.0,13.0,162.0,-19.0,677.0,233.0,214.0,110.0,2083.0,1
2955.0,321.0,12.0,120.0,16.0,1533.0,189.0,228.0,179.0,3337.0,0
3004.0,309.0,23.0,90.0,57.0,474.0,150.0,218.0,205.0,2287.0,0
3208.0,181.0,12.0,360.0,64.0,900.0,224.0,247.0,155.0,467.0,0
3139.0,351.0,5.0,210.0,47.0,671.0,212.0,232.0,158.0,1034.0,0
2547.0,66.0,17.0,335.0,15.0,1026.0,234.0,203.0,95.0,1032.0,1
3008.0,296.0,6.0,60.0,3.0,5540.0,203.0,238.0,175.0,2131.0,0
2837.0,341.0,14.0,551.0,80.0,3189.0,189.0,218.0,167.0,1410.0,1
3011.0,195.0,11.0,277.0,46.0,5645.0,218.0,250.0,165.0,2116.0,0
2922.0,253.0,22.0,108.0,29.0,5006.0,165.0,248.0,217.0,1283.0,1
3268.0,207.0,11.0,339.0,110.0,1697.0,213.0,250.0,172.0,4114.0,0
3155.0,268.0,9.0,0.0,0.0,2592.0,197.0,244.0,185.0,1045.0,0
3077.0,120.0,20.0,85.0,33.0,3326.0,249.0,219.0,89.0,2931.0,0
3014.0,310.0,8.0,95.0,-3.0,3633.0,199.0,235.0,175.0,2644.0,0
2821.0,45.0,3.0,319.0,95.0,3297.0,220.0,232.0,149.0,6170.0,0
3072.0,113.0,17.0,631.0,84.0,1194.0,247.0,221.0,96.0,2053.0,1
3256.0,333.0,5.0,900.0,190.0,6390.0,208.0,233.0,164.0,1618.0,1
3334.0,358.0,14.0,175.0,45.0,1940.0,198.0,214.0,153.0,2012.0,0
3093.0,30.0,8.0,30.0,6.0,3789.0,218.0,223.0,140.0,1631.0,1
3258.0,60.0,8.0,722.0,182.0,674.0,226.0,224.0,132.0,1191.0,0
2766.0,343.0,9.0,0.0,0.0,618.0,202.0,226.0,163.0,2871.0,1
3103.0,329.0,13.0,402.0,36.0,3768.0,187.0,223.0,175.0,4350.0,0
3013.0,115.0,26.0,240.0,77.0,1687.0,253.0,205.0,63.0,2687.0,0
3150.0,90.0,5.0,360.0,16.0,4434.0,227.0,232.0,139.0,1953.0,1
2947.0,33.0,13.0,42.0,10.0,4648.0,217.0,211.0,127.0,4664.0,0
3218.0,337.0,11.0,569.0,-32.0,2835.0,196.0,225.0,168.0,108.0,0
3031.0,142.0,11.0,774.0,-81.0,5933.0,236.0,237.0,130.0,3163.0,1
3203.0,317.0,23.0,466.0,136.0,1771.0,154.0,214.0,197.0,3247.0,0
2960.0,338.0,32.0,474.0,40.0,2871.0,136.0,179.0,172.0,384.0,0
2930.0,358.0,16.0,716.0,164.0,2365.0,193.0,209.0,152.0,721.0,1
2941.0,216.0,23.0,201.0,104.0,2509.0,190.0,254.0,191.0,2097.0,1
3037.0,354.0,7.0,765.0,118.0,5375.0,209.0,228.0,157.0,5680.0,1
3012.0,149.0,18.0,361.0,83.0,660.0,241.0,236.0,118.0,1772.0,1
3017.0,338.0,3.0,90.0,8.0,4243.0,214.0,235.0,160.0,927.0,1
2574.0,127.0,9.0,42.0,10.0,962.0,236.0,234.0,128.0,339.0,1
2955.0,76.0,12.0,134.0,27.0,4672.0,235.0,217.0,111.0,4504.0,1
3017.0,356.0,23.0,270.0,158.0,816.0,176.0,192.0,149.0,3262.0,1
2915.0,44.0,18.0,300.0,26.0,2349.0,221.0,197.0,104.0,1471.0,0
3096.0,342.0,18.0,342.0,96.0,518.0,180.0,210.0,167.0,1917.0,0
2916.0,96.0,26.0,589.0,154.0,499.0,251.0,192.0,54.0,646.0,0
3127.0,264.0,9.0,90.0,8.0,2296.0,197.0,245.0,186.0,2172.0,1
3222.0,302.0,14.0,0.0,0.0,3542.0,179.0,233.0,193.0,1798.0,0
3260.0,233.0,5.0,417.0,-14.0,2702.0,212.0,244.0,169.0,457.0,0
2881.0,47.0,21.0,300.0,31.0,1616.0,222.0,190.0,94.0,957.0,1
3106.0,56.0,11.0,339.0,-16.0,3911.0,227.0,218.0,123.0,4786.0,0
3240.0,289.0,15.0,0.0,0.0,5340.0,177.0,237.0,200.0,201.0,1
2929.0,213.0,11.0,255.0,23.0,5752.0,210.0,251.0,175.0,5264.0,1
2616.0,348.0,19.0,67.0,18.0,1445.0,182.0,206.0,161.0,1973.0,1
2884.0,298.0,14.0,300.0,40.0,2223.0,181.0,235.0,193.0,1207.0,1
3159.0,158.0,20.0,30.0,-2.0,2284.0,237.0,239.0,123.0,3348.0,0
3163.0,78.0,10.0,90.0,25.0,1583.0,234.0,221.0,118.0,2520.0,0
3090.0,22.0,4.0,30.0,1.0,3922.0,217.0,230.0,150.0,1120.0,0
2876.0,39.0,20.0,150.0,59.0,1651.0,217.0,192.0,102.0,2760.0,1
2634.0,118.0,14.0,150.0,14.0,192.0,243.0,227.0,110.0,677.0,1
3239.0,29.0,26.0,190.0,81.0,4835.0,201.0,175.0,98.0,1531.0,0
2996.0,88.0,6.0,120.0,2.0,4851.0,230.0,229.0,133.0,3158.0,1
3190.0,307.0,14.0,212.0,27.0,4272.0,180.0,231.0,190.0,488.0,0
2880.0,95.0,9.0,60.0,10.0,5155.0,234.0,227.0,124.0,4313.0,0
2914.0,106.0,27.0,0.0,0.0,1101.0,253.0,196.0,51.0,1529.0,0
2831.0,292.0,16.0,256.0,39.0,4098.0,173.0,235.0,201.0,5525.0,0
3155.0,22.0,9.0,371.0,13.0,3321.0,215.0,221.0,143.0,3983.0,0
3018.0,123.0,20.0,42.0,14.0,6469.0,250.0,220.0,88.0,3302.0,1
2931.0,357.0,28.0,150.0,58.0,268.0,166.0,179.0,142.0,2103.0,0
3039.0,339.0,7.0,0.0,0.0,2966.0,204.0,230.0,164.0,2641.0,0
3358.0,186.0,17.0,470.0,96.0,4466.0,220.0,250.0,157.0,2695.0,0
2860.0,130.0,12.0,85.0,13.0,3963.0,240.0,233.0,122.0,6139.0,1
3149.0,54.0,24.0,324.0,82.0,4024.0,226.0,183.0,77.0,2816.0,1
3071.0,0.0,1.0,319.0,15.0,3362.0,217.0,236.0,156.0,541.0,0
2873.0,32.0,6.0,437.0,24.0,2821.0,219.0,227.0,145.0,2804.0,1
3148.0,294.0,20.0,42.0,2.0,1121.0,160.0,231.0,209.0,2563.0,0
3051.0,51.0,3.0,60.0,6.0,4713.0,221.0,232.0,147.0,1084.0,1
3007.0,65.0,11.0,60.0,15.0,2024.0,230.0,218.0,119.0,2946.0,0
3279.0,322.0,21.0,607.0,182.0,3321.0,163.0,214.0,189.0,3479.0,1
3140.0,118.0,29.0,212.0,63.0,3777.0,254.0,199.0,50.0,2363.0,0
3048.0,249.0,6.0,541.0,68.0,2542.0,207.0,244.0,175.0,1240.0,1
3085.0,195.0,14.0,234.0,31.0,390.0,217.0,251.0,165.0,767.0,1
3172.0,332.0,10.0,785.0,128.0,4352.0,196.0,227.0,171.0,2060.0,0
2995.0,183.0,13.0,247.0,33.0,5622.0,223.0,248.0,156.0,2220.0,0
3146.0,134.0,17.0,124.0,19.0,2121.0,244.0,230.0,109.0,3160.0,0
2919.0,257.0,6.0,30.0,2.0,3842.0,205.0,244.0,177.0,4905.0,0
2885.0,5.0,12.0,400.0,20.0,2051.0,205.0,217.0,149.0,1624.0,1
3067.0,189.0,5.0,42.0,3.0,1567.0,220.0,243.0,159.0,524.0,0
2652.0,77.0,14.0,30.0,3.0,1847.0,237.0,212.0,103.0,301.0,1
3272.0,185.0,15.0,150.0,14.0,4701.0,222.0,249.0,156.0,2807.0,0
3091.0,172.0,11.0,120.0,20.0,283.0,228.0,245.0,148.0,812.0,1
2710.0,40.0,8.0,162.0,30.0,2067.0,221.0,222.0,135.0,5413.0,1
2985.0,255.0,13.0,598.0,89.0,5758.0,190.0,248.0,195.0,5567.0,1
3089.0,241.0,21.0,743.0,279.0,2014.0,174.0,252.0,210.0,842.0,1
3064.0,16.0,9.0,604.0,-2.0,3745.0,212.0,222.0,146.0,4549.0,0
2702.0,40.0,8.0,42.0,6.0,1324.0,221.0,223.0,137.0,2202.0,1
2768.0,132.0,16.0,30.0,5.0,3271.0,245.0,229.0,108.0,3116.0,0
3015.0,88.0,14.0,218.0,46.0,2128.0,241.0,215.0,101.0,2402.0,0
3044.0,45.0,4.0,553.0,66.0,5455.0,221.0,231.0,146.0,6220.0,1
3253.0,68.0,21.0,162.0,63.0,2080.0,236.0,192.0,77.0,2389.0,0
3028.0,16.0,8.0,190.0,26.0,3271.0,214.0,224.0,147.0,1765.0,0
3041.0,144.0,14.0,430.0,13.0,339.0,239.0,237.0,124.0,1544.0,0
3129.0,128.0,29.0,319.0,69.0,4250.0,253.0,208.0,62.0,769.0,1
3291.0,297.0,3.0,598.0,107.0,576.0,210.0,238.0,166.0,1300.0,0
3179.0,280.0,12.0,417.0,103.0,3065.0,186.0,241.0,195.0,1114.0,0
3240.0,229.0,4.0,516.0,6.0,488.0,213.0,244.0,168.0,582.0,0
3024.0,90.0,0.0,60.0,-4.0,2516.0,219.0,237.0,155.0,1195.0,1
3268.0,47.0,16.0,525.0,80.0,3887.0,224.0,203.0,109.0,3763.0,0
3046.0,40.0,13.0,95.0,8.0,1249.0,221.0,212.0,124.0,2971.0,0
3252.0,149.0,19.0,402.0,80.0,1788.0,241.0,235.0,115.0,1333.0,0
3122.0,345.0,16.0,268.0,60.0,3030.0,187.0,213.0,164.0,2419.0,0
2982.0,78.0,17.0,469.0,51.0,339.0,240.0,207.0,93.0,708.0,0
2940.0,263.0,17.0,268.0,27.0,5174.0,174.0,246.0,209.0,1651.0,1
2978.0,338.0,5.0,30.0,2.0,2594.0,209.0,233.0,162.0,858.0,0
3027.0,133.0,15.0,108.0,15.0,3091.0,243.0,231.0,112.0,2142.0,1
3060.0,52.0,11.0,384.0,70.0,1504.0,226.0,217.0,124.0,2313.0,1
2838.0,73.0,7.0,218.0,39.0,1226.0,229.0,226.0,131.0,2250.0,1
2863.0,20.0,11.0,30.0,-5.0,1387.0,212.0,217.0,140.0,2630.0,1
3228.0,54.0,17.0,90.0,-12.0,1103.0,228.0,202.0,102.0,3004.0,1
2796.0,25.0,5.0,170.0,1.0,1176.0,218.0,229.0,148.0,2524.0,0
3135.0,20.0,15.0,331.0,57.0,2731.0,208.0,208.0,134.0,1075.0,0
3169.0,158.0,14.0,134.0,27.0,3436.0,235.0,241.0,134.0,1543.0,1
3150.0,229.0,16.0,162.0,17.0,633.0,195.0,253.0,192.0,5050.0,1
3261.0,67.0,14.0,180.0,38.0,3390.0,233.0,211.0,106.0,3051.0,1
3126.0,81.0,12.0,42.0,3.0,2210.0,237.0,218.0,110.0,2026.0,0
3057.0,108.0,13.0,390.0,82.0,2949.0,241.0,225.0,111.0,6264.0,0
3251.0,327.0,8.0,589.0,-23.0,2603.0,201.0,231.0,170.0,365.0,0
3055.0,41.0,5.0,190.0,10.0,3267.0,220.0,229.0,145.0,1476.0,0
2927.0,139.0,10.0,95.0,13.0,3283.0,235.0,237.0,132.0,2440.0,1
3211.0,280.0,18.0,242.0,39.0,4045.0,168.0,239.0,209.0,1484.0,0
3219.0,63.0,11.0,600.0,91.0,1277.0,230.0,218.0,120.0,1921.0,1
3289.0,322.0,12.0,255.0,21.0,450.0,190.0,228.0,178.0,1120.0,1
3214.0,108.0,5.0,525.0,32.0,4978.0,229.0,234.0,138.0,2420.0,1
2976.0,97.0,13.0,361.0,50.0,1710.0,241.0,220.0,106.0,1747.0,1
3044.0,128.0,8.0,691.0,-68.0,5966.0,234.0,235.0,132.0,3078.0,1
2865.0,25.0,23.0,283.0,52.0,3137.0,201.0,184.0,110.0,2334.0,0
2890.0,18.0,24.0,134.0,42.0,2244.0,195.0,183.0,117.0,1931.0,0
3447.0,252.0,22.0,390.0,137.0,3576.0,166.0,249.0,217.0,1026.0,0
3287.0,299.0,17.0,875.0,152.0,900.0,171.0,232.0,200.0,2532.0,1
3203.0,315.0,3.0,0.0,0.0,4755.0,211.0,237.0,164.0,300.0,0
3133.0,130.0,4.0,30.0,-2.0,4485.0,226.0,237.0,146.0,1831.0,0
3182.0,347.0,20.0,67.0,10.0,5194.0,177.0,203.0,161.0,977.0,0
2976.0,131.0,29.0,60.0,-17.0,2630.0,251.0,210.0,64.0,1518.0,0
2896.0,222.0,27.0,175.0,59.0,847.0,174.0,253.0,202.0,722.0,1
3191.0,63.0,12.0,90.0,-5.0,2156.0,230.0,216.0,117.0,872.0,0
3119.0,102.0,17.0,162.0,1.0,1248.0,246.0,216.0,93.0,1123.0,1
3005.0,269.0,27.0,488.0,195.0,1777.0,140.0,238.0,231.0,671.0,1
3165.0,270.0,12.0,190.0,30.0,2648.0,188.0,244.0,195.0,607.0,1
3171.0,29.0,24.0,631.0,-23.0,840.0,204.0,182.0,104.0,1615.0,0
3326.0,179.0,33.0,272.0,103.0,3969.0,213.0,237.0,130.0,2989.0,0
2495.0,325.0,25.0,60.0,21.0,573.0,151.0,204.0,189.0,1100.0,1
3132.0,81.0,10.0,134.0,23.0,2785.0,233.0,223.0,121.0,3471.0,0
3221.0,203.0,14.0,108.0,25.0,1172.0,212.0,252.0,171.0,430.0,0
2660.0,166.0,16.0,0.0,0.0,1003.0,232.0,244.0,137.0,1953.0,1
2765.0,90.0,2.0,256.0,98.0,2624.0,222.0,236.0,150.0,6731.0,0
3194.0,121.0,23.0,210.0,-11.0,4160.0,252.0,215.0,78.0,2188.0,0
2900.0,158.0,11.0,60.0,3.0,4036.0,232.0,242.0,139.0,4055.0,1
3267.0,48.0,21.0,420.0,16.0,785.0,222.0,189.0,91.0,2495.0,0
2907.0,249.0,28.0,630.0,-29.0,3714.0,150.0,247.0,226.0,1442.0,1
3000.0,110.0,37.0,108.0,-24.0,953.0,253.0,172.0,0.0,1443.0,1
2965.0,32.0,9.0,150.0,25.0,2003.0,218.0,220.0,137.0,607.0,0
3352.0,302.0,12.0,495.0,12.0,3316.0,186.0,234.0,189.0,1674.0,0
2988.0,17.0,7.0,454.0,16.0,5402.0,214.0,225.0,147.0,6520.0,0
2822.0,99.0,9.0,210.0,9.0,3302.0,235.0,228.0,123.0,2631.0,1
3325.0,26.0,6.0,379.0,46.0,3453.0,217.0,227.0,146.0,2223.0,0
2882.0,80.0,7.0,108.0,11.0,1610.0,229.0,228.0,133.0,1103.0,1
3130.0,85.0,8.0,376.0,62.0,5218.0,232.0,226.0,126.0,1765.0,0
3329.0,301.0,20.0,959.0,219.0,3877.0,160.0,227.0,205.0,2358.0,0
3152.0,347.0,24.0,361.0,65.0,1598.0,167.0,194.0,160.0,2056.0,0
3067.0,19.0,13.0,150.0,5.0,1465.0,210.0,212.0,137.0,655.0,1
2724.0,342.0,14.0,60.0,10.0,1240.0,190.0,218.0,166.0,2420.0,1
3279.0,145.0,4.0,339.0,39.0,5143.0,225.0,239.0,149.0,722.0,1
3120.0,52.0,8.0,210.0,24.0,5310.0,225.0,222.0,131.0,768.0,0
3254.0,97.0,11.0,819.0,138.0,2190.0,239.0,224.0,114.0,2496.0,0
3162.0,15.0,14.0,218.0,27.0,534.0,207.0,211.0,139.0,2466.0,1
3144.0,5.0,20.0,470.0,3.0,2190.0,190.0,196.0,139.0,1273.0,1
3052.0,21.0,8.0,124.0,15.0,1233.0,215.0,223.0,145.0,2335.0,1
3031.0,15.0,16.0,134.0,30.0,134.0,204.0,206.0,136.0,765.0,0
3223.0,151.0,11.0,85.0,-12.0,2455.0,234.0,240.0,135.0,3818.0,0
3156.0,332.0,12.0,30.0,5.0,1825.0,191.0,224.0,172.0,2147.0,1
3069.0,114.0,17.0,258.0,45.0,4273.0,247.0,220.0,96.0,2527.0,1
2730.0,225.0,3.0,361.0,41.0,2118.0,215.0,242.0,164.0,5878.0,1
2950.0,198.0,12.0,771.0,-70.0,1131.0,216.0,250.0,167.0,1667.0,1
2551.0,121.0,12.0,108.0,28.0,750.0,240.0,230.0,117.0,162.0,1
3093.0,321.0,16.0,300.0,85.0,618.0,177.0,222.0,185.0,1801.0,0
2836.0,148.0,4.0,190.0,20.0,3169.0,226.0,239.0,148.0,2791.0,1
3273.0,96.0,21.0,510.0,150.0,4293.0,248.0,205.0,76.0,1153.0,1
2538.0,47.0,8.0,391.0,12.0,708.0,223.0,223.0,134.0,3609.0,1
2977.0,56.0,12.0,30.0,9.0,4513.0,228.0,214.0,117.0,2022.0,0
2911.0,350.0,19.0,350.0,14.0,2352.0,182.0,204.0,158.0,2526.0,1
2808.0,19.0,25.0,270.0,80.0,979.0,192.0,178.0,112.0,2067.0,1
3087.0,151.0,23.0,212.0,72.0,513.0,242.0,232.0,106.0,1190.0,1
2544.0,17.0,5.0,90.0,14.0,979.0,216.0,229.0,151.0,5059.0,1
2791.0,79.0,28.0,228.0,136.0,234.0,243.0,179.0,47.0,1773.0,1
2857.0,87.0,25.0,180.0,75.0,1434.0,247.0,190.0,57.0,1994.0,1
3100.0,205.0,13.0,170.0,27.0,6126.0,212.0,251.0,172.0,2239.0,1
3241.0,80.0,16.0,120.0,-13.0,1103.0,239.0,210.0,97.0,3035.0,1
3204.0,9.0,7.0,858.0,96.0,3049.0,212.0,225.0,151.0,2597.0,1
2808.0,175.0,20.0,362.0,27.0,1611.0,227.0,246.0,142.0,1396.0,1
3405.0,63.0,27.0,485.0,120.0,2003.0,232.0,175.0,59.0,1651.0,0
3153.0,303.0,16.0,60.0,26.0,2621.0,175.0,231.0,195.0,824.0,1
2919.0,67.0,2.0,424.0,-2.0,3919.0,221.0,235.0,151.0,4217.0,1
3211.0,108.0,12.0,134.0,13.0,2884.0,240.0,226.0,114.0,5048.0,0
3046.0,135.0,10.0,30.0,2.0,150.0,236.0,236.0,131.0,997.0,1
3203.0,218.0,3.0,376.0,105.0,2631.0,216.0,242.0,162.0,853.0,0
2912.0,284.0,37.0,228.0,135.0,2376.0,98.0,213.0,241.0,1577.0,0
2890.0,83.0,34.0,180.0,63.0,5493.0,243.0,159.0,0.0,4390.0,1
2877.0,130.0,11.0,201.0,58.0,2623.0,238.0,234.0,124.0,2106.0,1
2918.0,50.0,15.0,134.0,41.0,300.0,226.0,207.0,112.0,426.0,0
2817.0,132.0,22.0,42.0,13.0,2597.0,249.0,223.0,91.0,1987.0,1
3083.0,104.0,10.0,67.0,0.0,3006.0,238.0,227.0,119.0,5627.0,0
3060.0,88.0,17.0,510.0,11.0,3120.0,243.0,211.0,92.0,324.0,0
2551.0,178.0,6.0,323.0,82.0,1120.0,223.0,244.0,155.0,720.0,1
2564.0,81.0,28.0,361.0,161.0,859.0,244.0,177.0,43.0,899.0,1
2836.0,64.0,8.0,228.0,44.0,1131.0,228.0,224.0,129.0,3169.0,1
3438.0,2.0,7.0,785.0,220.0,1060.0,210.0,226.0,154.0,930.0,0
3039.0,27.0,7.0,95.0,4.0,2030.0,217.0,224.0,143.0,1813.0,1
3275.0,333.0,12.0,258.0,52.0,4349.0,192.0,225.0,171.0,2016.0,0
2541.0,69.0,7.0,0.0,0.0,752.0,227.0,227.0,134.0,3279.0,1
3186.0,0.0,4.0,60.0,3.0,5211.0,213.0,232.0,156.0,1879.0,0
2909.0,325.0,13.0,127.0,42.0,4960.0,188.0,226.0,177.0,4530.0,1
2946.0,102.0,16.0,201.0,48.0,2293.0,245.0,217.0,95.0,1958.0,1
3277.0,112.0,7.0,384.0,19.0,6120.0,232.0,233.0,133.0,513.0,0
2640.0,7.0,21.0,0.0,0.0,1392.0,190.0,193.0,135.0,1173.0,1
3160.0,301.0,17.0,277.0,84.0,2918.0,170.0,230.0,200.0,1165.0,0
2950.0,10.0,16.0,706.0,155.0,2874.0,202.0,207.0,140.0,1429.0,1
2762.0,346.0,8.0,85.0,9.0,932.0,205.0,228.0,161.0,2109.0,1
3133.0,318.0,14.0,162.0,0.0,2015.0,182.0,226.0,184.0,932.0,0
2883.0,4.0,4.0,474.0,28.0,2836.0,215.0,232.0,155.0,3577.0,0
3083.0,125.0,11.0,201.0,64.0,2190.0,239.0,232.0,122.0,3513.0,0
2935.0,136.0,14.0,391.0,125.0,404.0,240.0,234.0,120.0,1339.0,0
3031.0,32.0,19.0,362.0,19.0,4860.0,212.0,196.0,113.0,3152.0,0
3049.0,346.0,8.0,0.0,0.0,3662.0,205.0,228.0,161.0,511.0,0
2592.0,149.0,22.0,30.0,7.0,1485.0,242.0,232.0,107.0,933.0,1
3279.0,181.0,16.0,564.0,91.0,1517.0,224.0,248.0,152.0,2283.0,0
3068.0,263.0,8.0,60.0,11.0,1530.0,201.0,244.0,182.0,1706.0,0
2846.0,16.0,10.0,85.0,10.0,1237.0,211.0,219.0,143.0,2389.0,1
3076.0,7.0,6.0,295.0,9.0,5159.0,213.0,229.0,153.0,2635.0,0
2887.0,162.0,15.0,190.0,38.0,3126.0,234.0,242.0,135.0,3266.0,1
3084.0,155.0,13.0,247.0,29.0,1950.0,235.0,241.0,133.0,1762.0,1
2988.0,88.0,9.0,240.0,62.0,5392.0,234.0,226.0,124.0,1570.0,1
2931.0,62.0,33.0,391.0,122.0,819.0,227.0,154.0,34.0,684.0,1
2988.0,20.0,20.0,85.0,18.0,2474.0,202.0,194.0,123.0,1704.0,0
3065.0,206.0,16.0,127.0,36.0,658.0,208.0,253.0,176.0,618.0,1
3073.0,58.0,12.0,150.0,56.0,1839.0,228.0,214.0,117.0,3046.0,0
2928.0,131.0,9.0,212.0,44.0,3502.0,236.0,235.0,130.0,2098.0,1
3229.0,113.0,13.0,256.0,-8.0,1597.0,241.0,227.0,113.0,2713.0,0
3040.0,240.0,14.0,551.0,171.0,3001.0,192.0,251.0,195.0,631.0,1
2722.0,77.0,3.0,210.0,6.0,2315.0,224.0,233.0,145.0,4462.0,1
3001.0,54.0,20.0,511.0,13.0,1828.0,227.0,192.0,89.0,1052.0,0
2940.0,40.0,11.0,30.0,0.0,2438.0,221.0,216.0,129.0,1883.0,0
3235.0,311.0,14.0,443.0,87.0,3930.0,181.0,229.0,188.0,2145.0,0
3096.0,163.0,11.0,210.0,0.0,1805.0,230.0,243.0,144.0,2143.0,1
2929.0,340.0,17.0,335.0,16.0,5354.0,183.0,214.0,169.0,2163.0,1
3221.0,246.0,9.0,390.0,22.0,418.0,203.0,247.0,182.0,1100.0,0
3078.0,34.0,5.0,120.0,14.0,2648.0,219.0,228.0,146.0,1800.0,0
2898.0,40.0,16.0,319.0,87.0,319.0,220.0,204.0,114.0,558.0,1
3250.0,121.0,10.0,404.0,45.0,3289.0,237.0,232.0,125.0,4524.0,0
2859.0,79.0,24.0,30.0,13.0,2662.0,243.0,189.0,62.0,2002.0,0
2516.0,336.0,29.0,134.0,24.0,816.0,143.0,187.0,176.0,1776.0,1
3166.0,36.0,8.0,30.0,0.0,2518.0,220.0,222.0,138.0,2729.0,0
2652.0,63.0,11.0,210.0,24.0,3360.0,230.0,218.0,120.0,2352.0,1
3088.0,49.0,11.0,150.0,10.0,2509.0,224.0,217.0,125.0,721.0,0
3207.0,123.0,14.0,150.0,-16.0,1200.0,243.0,228.0,111.0,2624.0,0
2903.0,123.0,10.0,192.0,33.0,4294.0,237.0,233.0,126.0,5806.0,1
3183.0,198.0,26.0,212.0,45.0,1022.0,202.0,251.0,170.0,4689.0,1
2909.0,327.0,18.0,150.0,30.0,1841.0,173.0,217.0,182.0,1362.0,1
3045.0,324.0,15.0,437.0,116.0,1410.0,180.0,223.0,182.0,3113.0,0
2635.0,191.0,29.0,85.0,12.0,1950.0,205.0,247.0,157.0,1065.0,1
2642.0,170.0,12.0,30.0,2.0,3315.0,229.0,245.0,147.0,2069.0,1
3002.0,336.0,13.0,361.0,70.0,3127.0,191.0,222.0,170.0,1120.0,1
2677.0,336.0,13.0,30.0,6.0,2210.0,190.0,222.0,170.0,1991.0,1
2915.0,141.0,7.0,216.0,25.0,2120.0,230.0,238.0,141.0,825.0,1
2882.0,355.0,10.0,313.0,84.0,3335.0,204.0,222.0,157.0,582.0,1
3085.0,12.0,18.0,962.0,216.0,2661.0,199.0,200.0,134.0,1687.0,1
3239.0,79.0,10.0,108.0,24.0,1205.0,233.0,223.0,121.0,2028.0,0
2695.0,90.0,9.0,95.0,1.0,1538.0,233.0,227.0,125.0,1672.0,1
2997.0,248.0,10.0,0.0,0.0,2040.0,198.0,248.0,187.0,1365.0,0
3327.0,335.0,19.0,618.0,109.0,3755.0,173.0,211.0,175.0,1425.0,0
3302.0,8.0,9.0,30.0,5.0,3139.0,210.0,223.0,150.0,2056.0,0
2938.0,154.0,15.0,306.0,56.0,841.0,237.0,240.0,128.0,1965.0,1
3155.0,215.0,11.0,474.0,88.0,5971.0,209.0,251.0,176.0,1840.0,1
2949.0,256.0,30.0,60.0,33.0,2721.0,137.0,242.0,233.0,2230.0,1
3005.0,127.0,5.0,295.0,53.0,4353.0,229.0,237.0,142.0,1987.0,1
2901.0,75.0,17.0,67.0,2.0,524.0,239.0,205.0,91.0,182.0,1
2995.0,213.0,11.0,474.0,79.0,5594.0,210.0,251.0,175.0,3355.0,1
3117.0,290.0,16.0,67.0,14.0,3151.0,175.0,236.0,0.0,1456.0,1
2952.0,109.0,14.0,342.0,36.0,4611.0,243.0,224.0,108.0,2028.0,1
3011.0,333.0,15.0,60.0,7.0,2496.0,185.0,220.0,173.0,1516.0,0
3113.0,351.0,11.0,30.0,6.0,2974.0,201.0,222.0,159.0,2193.0,0
3210.0,0.0,5.0,124.0,-12.0,4079.0,213.0,231.0,156.0,1265.0,0
3175.0,186.0,19.0,404.0,85.0,5600.0,219.0,250.0,156.0,1421.0,0
3241.0,324.0,16.0,268.0,45.0,742.0,178.0,221.0,182.0,1806.0,0
2773.0,130.0,4.0,0.0,0.0,3119.0,226.0,237.0,146.0,5730.0,1
3114.0,291.0,10.0,162.0,-6.0,2138.0,192.0,239.0,186.0,2087.0,1
2948.0,108.0,14.0,95.0,13.0,2123.0,243.0,223.0,106.0,845.0,0
2663.0,126.0,7.0,300.0,-22.0,959.0,232.0,236.0,137.0,1864.0,1
3200.0,82.0,7.0,228.0,-8.0,2457.0,230.0,228.0,130.0,1084.0,0
3073.0,21.0,10.0,192.0,11.0,2647.0,214.0,219.0,141.0,2899.0,1
2932.0,278.0,15.0,134.0,29.0,5069.0,177.0,241.0,203.0,1536.0,1
3094.0,113.0,12.0,255.0,64.0,2236.0,240.0,228.0,117.0,3511.0,0
2824.0,318.0,21.0,90.0,-1.0,4029.0,161.0,216.0,194.0,792.0,1
2989.0,346.0,16.0,518.0,94.0,1036.0,187.0,213.0,163.0,1865.0,1
2975.0,351.0,27.0,335.0,84.0,1827.0,161.0,183.0,152.0,1518.0,1
2834.0,23.0,29.0,499.0,151.0,1061.0,190.0,166.0,98.0,2233.0,1
3075.0,356.0,19.0,716.0,237.0,732.0,185.0,202.0,151.0,1423.0,1
2847.0,195.0,19.0,240.0,57.0,4345.0,213.0,252.0,165.0,5046.0,1
3240.0,29.0,7.0,30.0,4.0,3427.0,218.0,224.0,142.0,1978.0,0
3216.0,14.0,15.0,295.0,30.0,1173.0,204.0,207.0,137.0,492.0,0
2952.0,16.0,4.0,255.0,49.0,3312.0,216.0,231.0,152.0,1804.0,1
3273.0,187.0,6.0,228.0,6.0,1034.0,221.0,244.0,159.0,3137.0,1
3213.0,27.0,6.0,570.0,69.0,6282.0,217.0,226.0,145.0,1295.0,0
3039.0,207.0,19.0,1127.0,161.0,3171.0,205.0,254.0,178.0,1368.0,1
3017.0,16.0,23.0,182.0,59.0,180.0,193.0,186.0,121.0,1381.0,1
3145.0,119.0,8.0,300.0,25.0,351.0,235.0,233.0,129.0,5552.0,0
3063.0,156.0,6.0,30.0,0.0,1689.0,227.0,241.0,148.0,2047.0,0
2842.0,349.0,5.0,335.0,46.0,2143.0,211.0,232.0,159.0,1934.0,1
3052.0,72.0,11.0,30.0,-6.0,1448.0,233.0,219.0,117.0,2388.0,1
2784.0,343.0,24.0,371.0,168.0,1445.0,163.0,195.0,165.0,1249.0,1
3010.0,10.0,17.0,42.0,8.0,2548.0,200.0,204.0,138.0,1611.0,0
2982.0,359.0,11.0,30.0,6.0,3363.0,203.0,220.0,154.0,2017.0,0
3200.0,1.0,20.0,997.0,395.0,1529.0,187.0,199.0,145.0,888.0,0
3184.0,86.0,13.0,240.0,79.0,1172.0,239.0,217.0,107.0,2314.0,1
3028.0,9.0,6.0,120.0,20.0,2379.0,214.0,228.0,152.0,1020.0,0
2662.0,347.0,15.0,212.0,46.0,1463.0,190.0,214.0,162.0,1360.0,1
2425.0,344.0,28.0,127.0,56.0,691.0,152.0,184.0,163.0,1499.0,1
3169.0,144.0,6.0,190.0,7.0,4465.0,229.0,239.0,143.0,1054.0,0
3107.0,19.0,20.0,330.0,27.0,1022.0,201.0,194.0,124.0,1406.0,0
2997.0,83.0,11.0,451.0,-22.0,1680.0,236.0,220.0,114.0,1172.0,1
3046.0,172.0,19.0,1213.0,187.0,3155.0,229.0,245.0,139.0,1231.0,1
3260.0,123.0,11.0,247.0,39.0,3684.0,239.0,231.0,121.0,3384.0,0
3217.0,354.0,23.0,497.0,92.0,1706.0,176.0,194.0,152.0,1992.0,0
3166.0,23.0,7.0,85.0,9.0,5449.0,216.0,225.0,145.0,1981.0,1
3078.0,359.0,28.0,95.0,15.0,1050.0,167.0,177.0,138.0,180.0,0
3313.0,165.0,10.0,1036.0,197.0,2499.0,229.0,243.0,146.0,2205.0,0
3236.0,131.0,15.0,0.0,0.0,1209.0,243.0,231.0,112.0,3061.0,1
3146.0,106.0,23.0,382.0,102.0,938.0,252.0,205.0,69.0,1804.0,0
3118.0,63.0,6.0,182.0,3.0,4362.0,226.0,227.0,135.0,1638.0,0
3171.0,17.0,15.0,30.0,11.0,1530.0,206.0,207.0,135.0,2516.0,0
2970.0,332.0,5.0,0.0,0.0,1084.0,209.0,234.0,163.0,2120.0,1
3028.0,43.0,8.0,127.0,20.0,2460.0,222.0,222.0,135.0,1052.0,0
3144.0,143.0,5.0,95.0,8.0,4460.0,227.0,239.0,145.0,1862.0,0
3109.0,25.0,15.0,700.0,-65.0,4256.0,211.0,206.0,128.0,4274.0,0
2884.0,346.0,19.0,713.0,47.0,1317.0,181.0,207.0,163.0,900.0,1
2849.0,10.0,13.0,150.0,14.0,474.0,206.0,213.0,144.0,604.0,1
3077.0,0.0,14.0,323.0,60.0,1339.0,199.0,214.0,151.0,2571.0,0
3212.0,310.0,15.0,607.0,135.0,3189.0,179.0,229.0,190.0,1840.0,0
3095.0,344.0,3.0,42.0,-2.0,5155.0,213.0,234.0,159.0,666.0,0
3018.0,334.0,20.0,162.0,13.0,5667.0,171.0,210.0,176.0,2007.0,0
3120.0,259.0,2.0,323.0,39.0,1387.0,213.0,240.0,165.0,2766.0,0
2970.0,177.0,19.0,150.0,23.0,2268.0,225.0,247.0,146.0,2984.0,1
3150.0,267.0,12.0,466.0,72.0,1127.0,189.0,245.0,195.0,990.0,0
2561.0,126.0,11.0,582.0,0.0,1008.0,239.0,233.0,123.0,3879.0,1
2803.0,177.0,33.0,277.0,140.0,2496.0,215.0,237.0,128.0,819.0,1
2642.0,272.0,36.0,437.0,172.0,875.0,104.0,223.0,245.0,1740.0,1
3046.0,8.0,20.0,180.0,-17.0,912.0,193.0,196.0,135.0,1385.0,0
3033.0,25.0,19.0,780.0,164.0,2491.0,207.0,195.0,118.0,1740.0,1
3185.0,321.0,10.0,201.0,30.0,4478.0,195.0,231.0,175.0,3267.0,0
2732.0,63.0,4.0,182.0,24.0,1075.0,224.0,231.0,143.0,2268.0,1
3146.0,352.0,13.0,85.0,17.0,3123.0,196.0,217.0,158.0,2310.0,0
2566.0,355.0,11.0,170.0,11.0,2418.0,202.0,221.0,156.0,2467.0,1
3237.0,201.0,19.0,258.0,87.0,1570.0,208.0,253.0,173.0,4237.0,0
2848.0,315.0,19.0,150.0,50.0,3155.0,167.0,221.0,193.0,446.0,1
3294.0,176.0,15.0,503.0,76.0,4308.0,226.0,247.0,149.0,2271.0,0
3017.0,129.0,28.0,60.0,-3.0,2590.0,252.0,210.0,65.0,1492.0,0
3125.0,247.0,14.0,408.0,17.0,2208.0,191.0,250.0,196.0,2640.0,1
3041.0,343.0,13.0,95.0,12.0,2521.0,194.0,220.0,165.0,2980.0,0
3190.0,356.0,15.0,228.0,49.0,3310.0,195.0,212.0,154.0,2490.0,0
3171.0,97.0,14.0,300.0,65.0,2317.0,242.0,219.0,104.0,1550.0,1
2715.0,39.0,6.0,240.0,15.0,684.0,221.0,226.0,141.0,1744.0,0
3043.0,135.0,10.0,95.0,14.0,2965.0,236.0,236.0,131.0,1084.0,0
3136.0,90.0,12.0,0.0,0.0,4054.0,239.0,220.0,110.0,3112.0,0
3091.0,128.0,6.0,60.0,0.0,1573.0,230.0,236.0,140.0,3211.0,0
2647.0,133.0,8.0,0.0,0.0,1482.0,234.0,236.0,134.0,5322.0,1
2499.0,65.0,24.0,162.0,58.0,811.0,234.0,184.0,68.0,842.0,1
3129.0,88.0,16.0,60.0,16.0,1154.0,242.0,213.0,96.0,2223.0,1
2938.0,24.0,16.0,124.0,23.0,2334.0,210.0,204.0,127.0,1894.0,0
2613.0,164.0,10.0,0.0,0.0,3144.0,229.0,243.0,146.0,2148.0,1
2945.0,23.0,6.0,120.0,13.0,3684.0,216.0,227.0,147.0,6468.0,1
2836.0,108.0,10.0,30.0,-3.0,4044.0,237.0,229.0,122.0,3271.0,0
3263.0,96.0,6.0,270.0,1.0,4080.0,231.0,231.0,133.0,2324.0,0
2877.0,135.0,6.0,30.0,4.0,5166.0,229.0,237.0,142.0,4325.0,0
3168.0,353.0,15.0,30.0,8.0,4133.0,192.0,212.0,156.0,313.0,0
3197.0,26.0,6.0,390.0,66.0,469.0,217.0,227.0,146.0,2584.0,1
3259.0,216.0,11.0,60.0,12.0,1414.0,209.0,250.0,176.0,1129.0,0
3182.0,55.0,11.0,30.0,7.0,4264.0,227.0,216.0,121.0,3235.0,0
2863.0,24.0,14.0,510.0,122.0,537.0,212.0,209.0,132.0,2364.0,1
2877.0,150.0,15.0,180.0,39.0,968.0,238.0,238.0,125.0,2218.0,1
3047.0,59.0,26.0,180.0,49.0,5083.0,229.0,175.0,64.0,2268.0,0
2978.0,53.0,17.0,240.0,-16.0,4363.0,227.0,200.0,101.0,2257.0,1
2992.0,123.0,21.0,150.0,49.0,484.0,250.0,219.0,86.0,1328.0,0
2993.0,82.0,16.0,942.0,195.0,3231.0,240.0,211.0,96.0,892.0,1
3310.0,216.0,6.0,430.0,49.0,3305.0,214.0,246.0,169.0,1276.0,1
3395.0,61.0,20.0,210.0,78.0,3982.0,232.0,195.0,87.0,789.0,0
3038.0,8.0,17.0,85.0,17.0,3107.0,197.0,203.0,140.0,1112.0,0
2910.0,63.0,14.0,150.0,23.0,3339.0,232.0,211.0,109.0,2395.0,1
2643.0,329.0,20.0,0.0,0.0,1610.0,167.0,211.0,182.0,2647.0,1
2745.0,344.0,10.0,60.0,3.0,1714.0,199.0,224.0,163.0,2524.0,1
3124.0,260.0,4.0,0.0,0.0,2291.0,210.0,242.0,170.0,849.0,1
3116.0,145.0,4.0,541.0,35.0,1833.0,225.0,239.0,149.0,2783.0,0
2991.0,29.0,9.0,582.0,15.0,5423.0,217.0,221.0,139.0,1634.0,1
3036.0,195.0,18.0,234.0,42.0,1746.0,213.0,252.0,166.0,295.0,1
2902.0,0.0,12.0,443.0,171.0,1019.0,203.0,218.0,152.0,1295.0,0
2891.0,39.0,19.0,417.0,238.0,430.0,217.0,195.0,106.0,1584.0,1
3372.0,7.0,11.0,417.0,128.0,2208.0,207.0,218.0,148.0,2389.0,1
3266.0,48.0,26.0,283.0,96.0,4034.0,219.0,173.0,72.0,3212.0,0
2694.0,56.0,14.0,480.0,27.0,866.0,228.0,211.0,113.0,1782.0,1
3278.0,157.0,12.0,108.0,-19.0,2805.0,233.0,242.0,138.0,365.0,0
3404.0,298.0,17.0,560.0,190.0,912.0,172.0,232.0,200.0,1248.0,0
3148.0,0.0,0.0,0.0,0.0,1434.0,218.0,238.0,156.0,671.0,0
2898.0,118.0,10.0,175.0,31.0,2908.0,238.0,231.0,123.0,2197.0,1
3003.0,300.0,21.0,424.0,171.0,430.0,158.0,227.0,208.0,1115.0,1
3176.0,90.0,9.0,430.0,60.0,2117.0,233.0,227.0,125.0,2912.0,0
3058.0,259.0,10.0,30.0,3.0,2053.0,197.0,246.0,187.0,1328.0,1
3093.0,43.0,11.0,180.0,22.0,3878.0,222.0,215.0,126.0,1831.0,1
3177.0,52.0,13.0,234.0,45.0,591.0,226.0,211.0,115.0,5430.0,0
2948.0,100.0,13.0,295.0,18.0,3572.0,242.0,221.0,107.0,2190.0,1
3155.0,0.0,9.0,351.0,13.0,3266.0,206.0,222.0,154.0,4042.0,0
2815.0,350.0,14.0,30.0,7.0,2539.0,193.0,215.0,160.0,2040.0,1
3455.0,105.0,10.0,630.0,170.0,2213.0,237.0,228.0,120.0,1415.0,0
2756.0,30.0,23.0,256.0,-9.0,2006.0,207.0,185.0,105.0,859.0,1
3029.0,101.0,8.0,361.0,51.0,571.0,235.0,229.0,126.0,1209.0,0
2830.0,334.0,25.0,60.0,15.0,4311.0,156.0,199.0,178.0,532.0,0
3085.0,11.0,10.0,212.0,18.0,2510.0,210.0,221.0,147.0,2320.0,0
2790.0,83.0,11.0,0.0,0.0,671.0,236.0,220.0,114.0,1019.0,1
2990.0,335.0,7.0,408.0,114.0,2707.0,205.0,231.0,165.0,2210.0,1
2783.0,211.0,32.0,371.0,-26.0,2259.0,177.0,250.0,189.0,1719.0,1
3093.0,139.0,5.0,0.0,0.0,5208.0,228.0,238.0,144.0,182.0,0
2810.0,239.0,14.0,384.0,97.0,335.0,194.0,251.0,193.0,1998.0,1
2677.0,7.0,32.0,175.0,94.0,934.0,164.0,159.0,118.0,2343.0,1
3018.0,15.0,13.0,283.0,36.0,3025.0,208.0,213.0,141.0,6042.0,0
3331.0,322.0,18.0,1071.0,221.0,1470.0,171.0,219.0,186.0,2879.0,0
2988.0,140.0,15.0,382.0,49.0,592.0,241.0,234.0,119.0,2116.0,1
3123.0,104.0,9.0,120.0,17.0,3216.0,236.0,229.0,124.0,5276.0,0
3209.0,31.0,13.0,547.0,133.0,1299.0,216.0,210.0,128.0,1860.0,1
3364.0,177.0,16.0,256.0,42.0,1723.0,226.0,247.0,148.0,3084.0,0
3265.0,160.0,17.0,351.0,77.0,1120.0,235.0,241.0,131.0,2589.0,1
2576.0,45.0,7.0,150.0,-6.0,258.0,222.0,224.0,137.0,1324.0,1
3107.0,228.0,7.0,30.0,4.0,2186.0,209.0,247.0,175.0,685.0,0
2522.0,347.0,13.0,277.0,53.0,108.0,196.0,219.0,162.0,480.0,1
3094.0,106.0,9.0,30.0,0.0,5124.0,235.0,229.0,125.0,150.0,0
3126.0,40.0,4.0,153.0,-6.0,570.0,220.0,231.0,148.0,2471.0,0
3009.0,145.0,30.0,450.0,128.0,886.0,245.0,218.0,78.0,2711.0,0
2913.0,353.0,13.0,633.0,147.0,2325.0,197.0,217.0,157.0,685.0,1
3142.0,5.0,3.0,277.0,7.0,2603.0,216.0,234.0,155.0,1441.0,0
2911.0,63.0,15.0,306.0,59.0,551.0,232.0,209.0,106.0,1749.0,0
2720.0,207.0,4.0,134.0,9.0,1087.0,217.0,244.0,163.0,2083.0,0
3429.0,72.0,23.0,604.0,144.0,2074.0,239.0,188.0,68.0,1611.0,0
3255.0,67.0,26.0,30.0,6.0,2468.0,235.0,178.0,59.0,2885.0,1
3258.0,45.0,2.0,0.0,0.0,6366.0,219.0,235.0,152.0,162.0,0
3249.0,241.0,6.0,716.0,109.0,2081.0,208.0,245.0,175.0,2084.0,0
3065.0,82.0,5.0,256.0,43.0,1434.0,227.0,231.0,138.0,745.0,1
3381.0,18.0,20.0,382.0,147.0,1998.0,200.0,193.0,124.0,2037.0,0
3223.0,54.0,2.0,365.0,2.0,5746.0,220.0,234.0,150.0,1897.0,0
3154.0,272.0,19.0,120.0,37.0,85.0,168.0,242.0,212.0,480.0,0
3296.0,124.0,17.0,466.0,100.0,285.0,246.0,226.0,102.0,420.0,1
2715.0,86.0,22.0,90.0,25.0,1608.0,246.0,197.0,69.0,566.0,1
3036.0,316.0,17.0,598.0,67.0,5493.0,174.0,224.0,189.0,1195.0,1
2589.0,67.0,17.0,162.0,41.0,1490.0,234.0,204.0,96.0,537.0,1
3205.0,339.0,4.0,60.0,0.0,3131.0,211.0,234.0,161.0,4857.0,0
3171.0,135.0,6.0,30.0,-2.0,726.0,230.0,237.0,141.0,1397.0,0
2827.0,264.0,19.0,335.0,36.0,2292.0,171.0,245.0,212.0,1698.0,1
2870.0,83.0,6.0,0.0,0.0,4205.0,228.0,230.0,137.0,3152.0,1
3136.0,101.0,22.0,300.0,84.0,960.0,250.0,205.0,72.0,1718.0,0
3179.0,101.0,4.0,124.0,6.0,5313.0,226.0,234.0,144.0,2676.0,0
3053.0,3.0,5.0,150.0,5.0,3180.0,213.0,230.0,155.0,454.0,0
2676.0,32.0,16.0,426.0,-15.0,700.0,215.0,204.0,121.0,228.0,1
3350.0,293.0,39.0,170.0,-12.0,3197.0,86.0,199.0,237.0,2032.0,0
2977.0,346.0,10.0,210.0,29.0,4012.0,200.0,223.0,162.0,2143.0,1
2839.0,85.0,14.0,30.0,8.0,2779.0,240.0,215.0,102.0,2151.0,1
3107.0,325.0,6.0,679.0,-78.0,866.0,206.0,234.0,167.0,1032.0,1
2864.0,27.0,22.0,240.0,76.0,1652.0,204.0,186.0,109.0,2431.0,1
2737.0,28.0,7.0,127.0,3.0,1343.0,218.0,225.0,143.0,1852.0,0
2947.0,108.0,17.0,242.0,-2.0,4473.0,246.0,219.0,96.0,3379.0,0
2505.0,326.0,17.0,175.0,36.0,134.0,176.0,219.0,182.0,430.0,1
3021.0,112.0,10.0,268.0,-1.0,2770.0,238.0,229.0,121.0,1500.0,1
2638.0,131.0,13.0,360.0,86.0,350.0,241.0,232.0,118.0,1207.0,1
2972.0,75.0,9.0,319.0,47.0,4150.0,232.0,223.0,123.0,5284.0,1
3218.0,228.0,15.0,361.0,-32.0,2925.0,197.0,253.0,190.0,212.0,1
2933.0,318.0,12.0,85.0,14.0,4901.0,188.0,229.0,180.0,2139.0,1
2741.0,56.0,10.0,124.0,15.0,633.0,227.0,218.0,124.0,2247.0,1
3231.0,266.0,23.0,624.0,130.0,6039.0,154.0,242.0,223.0,2613.0,1
2988.0,121.0,17.0,418.0,65.0,2207.0,247.0,223.0,99.0,2580.0,1
3087.0,270.0,17.0,170.0,19.0,1480.0,174.0,244.0,208.0,1921.0,1
2923.0,49.0,14.0,162.0,-3.0,696.0,225.0,208.0,114.0,1489.0,0
2964.0,167.0,11.0,256.0,41.0,5359.0,229.0,244.0,146.0,1800.0,0
3550.0,257.0,23.0,351.0,199.0,3320.0,160.0,246.0,221.0,1293.0,0
3215.0,64.0,18.0,350.0,67.0,1573.0,234.0,201.0,94.0,4743.0,0
3247.0,17.0,6.0,212.0,12.0,5878.0,215.0,228.0,150.0,934.0,0
3033.0,93.0,4.0,408.0,64.0,5248.0,226.0,233.0,142.0,1026.0,1
2800.0,76.0,34.0,30.0,-25.0,242.0,238.0,155.0,19.0,2435.0,1
2772.0,84.0,7.0,242.0,39.0,2701.0,231.0,227.0,129.0,5808.0,1
2972.0,47.0,11.0,335.0,10.0,2268.0,224.0,217.0,126.0,2448.0,1
2842.0,20.0,13.0,242.0,44.0,3207.0,211.0,212.0,136.0,400.0,1
3109.0,50.0,16.0,242.0,19.0,4538.0,225.0,203.0,107.0,2557.0,1
3116.0,341.0,26.0,175.0,52.0,2015.0,157.0,192.0,168.0,1879.0,1
3069.0,269.0,18.0,750.0,32.0,2128.0,171.0,244.0,210.0,990.0,1
2822.0,15.0,7.0,95.0,-2.0,1559.0,214.0,226.0,149.0,2525.0,1
3393.0,127.0,11.0,295.0,24.0,2914.0,239.0,232.0,122.0,1873.0,0
2959.0,357.0,13.0,258.0,40.0,4876.0,199.0,216.0,154.0,5823.0,0
2706.0,359.0,10.0,60.0,0.0,1092.0,205.0,222.0,154.0,1866.0,0
2881.0,218.0,14.0,283.0,82.0,1554.0,204.0,253.0,183.0,1935.0,1
3001.0,84.0,10.0,30.0,-4.0,2779.0,234.0,224.0,121.0,680.0,0
2933.0,349.0,20.0,283.0,79.0,764.0,178.0,202.0,159.0,1772.0,1
2785.0,201.0,24.0,421.0,4.0,1651.0,201.0,252.0,174.0,1340.0,1
3008.0,344.0,12.0,30.0,7.0,3422.0,195.0,220.0,164.0,1019.0,0
3148.0,277.0,22.0,319.0,57.0,150.0,154.0,238.0,220.0,2362.0,0
2968.0,12.0,9.0,553.0,43.0,2208.0,211.0,221.0,147.0,2764.0,0
3173.0,90.0,16.0,90.0,24.0,924.0,243.0,212.0,94.0,2193.0,0
3130.0,335.0,14.0,90.0,24.0,1620.0,188.0,221.0,172.0,2309.0,1
2650.0,142.0,12.0,120.0,22.0,3302.0,237.0,237.0,128.0,2416.0,1
3200.0,214.0,22.0,170.0,53.0,1448.0,194.0,254.0,188.0,4388.0,0
3115.0,233.0,5.0,60.0,10.0,2145.0,212.0,244.0,169.0,693.0,1
3072.0,211.0,7.0,108.0,-13.0,2161.0,215.0,247.0,168.0,3688.0,0
3088.0,194.0,16.0,234.0,24.0,1707.0,216.0,251.0,165.0,702.0,0
2854.0,76.0,20.0,182.0,49.0,212.0,241.0,198.0,78.0,1243.0,0
2590.0,45.0,6.0,306.0,45.0,551.0,222.0,227.0,140.0,1036.0,1
3245.0,211.0,6.0,618.0,135.0,1616.0,216.0,245.0,166.0,2436.0,0
3248.0,123.0,18.0,240.0,38.0,2191.0,247.0,224.0,98.0,1856.0,0
2944.0,330.0,13.0,192.0,22.0,3678.0,188.0,224.0,175.0,1406.0,1
2993.0,99.0,12.0,42.0,6.0,2520.0,240.0,223.0,112.0,2147.0,1
3111.0,9.0,3.0,192.0,2.0,1368.0,216.0,233.0,154.0,1794.0,1
3199.0,126.0,2.0,0.0,0.0,4161.0,223.0,237.0,151.0,1729.0,0
2943.0,251.0,19.0,150.0,69.0,1421.0,174.0,250.0,211.0,890.0,1
2926.0,139.0,10.0,30.0,4.0,785.0,236.0,237.0,131.0,1288.0,0
2958.0,302.0,9.0,234.0,27.0,3872.0,194.0,236.0,181.0,745.0,1
2898.0,325.0,6.0,420.0,18.0,3798.0,206.0,234.0,167.0,3453.0,1
2975.0,42.0,20.0,342.0,66.0,4615.0,219.0,191.0,99.0,4202.0,0
3390.0,164.0,15.0,420.0,61.0,1018.0,232.0,244.0,138.0,4184.0,1
3135.0,347.0,17.0,85.0,21.0,1123.0,186.0,211.0,162.0,430.0,0
3346.0,322.0,15.0,90.0,13.0,2213.0,180.0,223.0,183.0,1554.0,0
3142.0,313.0,13.0,42.0,0.0,3716.0,186.0,230.0,184.0,1283.0,0
2798.0,335.0,9.0,90.0,13.0,3272.0,200.0,228.0,167.0,2839.0,1
3112.0,103.0,11.0,190.0,41.0,420.0,239.0,225.0,115.0,685.0,1
2599.0,124.0,7.0,30.0,0.0,1532.0,233.0,235.0,135.0,5095.0,1
3056.0,341.0,20.0,192.0,51.0,525.0,175.0,206.0,168.0,1771.0,0
3412.0,210.0,8.0,330.0,19.0,3065.0,214.0,247.0,169.0,258.0,0
2955.0,180.0,2.0,108.0,2.0,1273.0,220.0,240.0,157.0,256.0,1
3208.0,133.0,15.0,192.0,43.0,1583.0,243.0,231.0,113.0,1610.0,0
2867.0,238.0,18.0,361.0,70.0,2160.0,185.0,252.0,201.0,1978.0,1
3315.0,91.0,20.0,127.0,-15.0,726.0,246.0,204.0,79.0,3639.0,1
3008.0,45.0,3.0,335.0,55.0,4061.0,220.0,232.0,148.0,1323.0,1
2955.0,99.0,19.0,120.0,29.0,2438.0,247.0,210.0,84.0,2416.0,0
3254.0,308.0,24.0,175.0,19.0,3455.0,147.0,217.0,206.0,1832.0,0
3088.0,193.0,12.0,285.0,-5.0,2928.0,219.0,249.0,163.0,918.0,1
3091.0,48.0,7.0,0.0,0.0,3692.0,223.0,224.0,136.0,255.0,0
3010.0,252.0,15.0,451.0,213.0,2636.0,184.0,249.0,202.0,1608.0,0
3135.0,18.0,12.0,430.0,44.0,1719.0,211.0,215.0,139.0,3505.0,0
2909.0,51.0,16.0,708.0,114.0,3064.0,226.0,202.0,105.0,1533.0,1
2585.0,138.0,20.0,30.0,2.0,953.0,246.0,228.0,101.0,2206.0,1
3236.0,10.0,12.0,210.0,33.0,1943.0,207.0,216.0,145.0,1276.0,0
2988.0,77.0,12.0,228.0,19.0,2274.0,235.0,217.0,112.0,2577.0,1
2912.0,107.0,19.0,430.0,116.0,934.0,249.0,213.0,85.0,942.0,1
3179.0,98.0,12.0,459.0,108.0,242.0,239.0,223.0,113.0,949.0,1
3181.0,270.0,8.0,150.0,10.0,4009.0,199.0,243.0,183.0,2092.0,0
3114.0,34.0,7.0,234.0,47.0,5143.0,219.0,224.0,141.0,2908.0,0
3108.0,284.0,15.0,201.0,71.0,458.0,177.0,239.0,201.0,1575.0,0
2969.0,260.0,17.0,240.0,36.0,1177.0,176.0,247.0,208.0,532.0,1
2949.0,0.0,9.0,382.0,33.0,3925.0,206.0,222.0,154.0,5880.0,0
3245.0,86.0,8.0,825.0,129.0,2040.0,232.0,227.0,129.0,2580.0,0
2856.0,252.0,9.0,541.0,297.0,1282.0,200.0,247.0,185.0,1027.0,1
3404.0,347.0,13.0,703.0,208.0,832.0,196.0,219.0,162.0,789.0,0
3254.0,159.0,12.0,366.0,89.0,1622.0,232.0,242.0,139.0,1482.0,0
3427.0,241.0,12.0,600.0,-25.0,1506.0,197.0,250.0,190.0,3883.0,0
3122.0,359.0,9.0,408.0,-24.0,2701.0,206.0,223.0,155.0,450.0,0
2837.0,19.0,15.0,190.0,42.0,3335.0,208.0,207.0,133.0,914.0,1
3198.0,80.0,7.0,301.0,28.0,4053.0,229.0,228.0,133.0,1298.0,0
2710.0,58.0,3.0,390.0,2.0,845.0,222.0,233.0,147.0,2074.0,1
3011.0,10.0,17.0,362.0,152.0,1167.0,200.0,204.0,138.0,3534.0,0
3056.0,121.0,13.0,124.0,12.0,3373.0,242.0,228.0,113.0,598.0,1
3261.0,72.0,14.0,666.0,-23.0,1355.0,235.0,213.0,106.0,2113.0,0
2804.0,49.0,10.0,319.0,105.0,3085.0,224.0,219.0,128.0,6331.0,0
3005.0,324.0,23.0,509.0,112.0,3306.0,157.0,210.0,189.0,1657.0,0
2855.0,113.0,21.0,700.0,226.0,2697.0,251.0,214.0,81.0,1809.0,1
3011.0,238.0,3.0,342.0,34.0,4779.0,214.0,242.0,166.0,170.0,1
2742.0,5.0,23.0,85.0,26.0,1110.0,183.0,188.0,135.0,735.0,1
2659.0,75.0,25.0,90.0,19.0,1295.0,241.0,185.0,60.0,1026.0,1
3001.0,86.0,8.0,446.0,131.0,1883.0,232.0,227.0,129.0,2985.0,1
2583.0,315.0,9.0,134.0,13.0,805.0,195.0,233.0,177.0,1908.0,1
3255.0,2.0,16.0,162.0,-6.0,4243.0,195.0,207.0,148.0,3482.0,0
2815.0,72.0,5.0,272.0,17.0,630.0,225.0,231.0,141.0,400.0,1
3161.0,112.0,13.0,379.0,120.0,960.0,242.0,226.0,111.0,1458.0,1
3015.0,154.0,13.0,67.0,4.0,3037.0,235.0,241.0,134.0,626.0,0
3111.0,52.0,3.0,242.0,16.0,4361.0,221.0,233.0,149.0,1575.0,0
3111.0,354.0,9.0,42.0,6.0,2190.0,205.0,224.0,157.0,972.0,0
2916.0,71.0,12.0,182.0,23.0,4656.0,233.0,216.0,113.0,1630.0,1
3251.0,122.0,28.0,190.0,-70.0,531.0,254.0,205.0,59.0,3845.0,1
2785.0,5.0,20.0,150.0,53.0,3150.0,191.0,198.0,141.0,6154.0,1
3106.0,61.0,8.0,42.0,-1.0,5284.0,227.0,223.0,129.0,778.0,0
2827.0,64.0,14.0,120.0,22.0,2372.0,232.0,211.0,108.0,2960.0,1
3031.0,170.0,4.0,42.0,-2.0,3829.0,223.0,241.0,154.0,2674.0,0
2624.0,330.0,17.0,153.0,35.0,2166.0,178.0,218.0,178.0,1626.0,1
2971.0,6.0,7.0,134.0,19.0,979.0,211.0,226.0,152.0,2079.0,1
2766.0,299.0,26.0,240.0,99.0,2040.0,139.0,220.0,216.0,319.0,1
3281.0,197.0,31.0,402.0,105.0,594.0,195.0,247.0,166.0,1022.0,0
2939.0,23.0,16.0,450.0,77.0,551.0,208.0,203.0,128.0,722.0,1
3045.0,4.0,10.0,277.0,56.0,2468.0,207.0,221.0,151.0,2006.0,1
2702.0,73.0,10.0,30.0,5.0,1315.0,232.0,221.0,121.0,680.0,0
3173.0,154.0,44.0,342.0,128.0,3693.0,227.0,198.0,53.0,2317.0,0
2958.0,117.0,1.0,531.0,45.0,4011.0,220.0,237.0,153.0,4549.0,1
2954.0,145.0,19.0,150.0,24.0,2363.0,243.0,233.0,110.0,2805.0,1
3172.0,58.0,34.0,582.0,62.0,2981.0,222.0,150.0,34.0,2793.0,1
2965.0,282.0,15.0,234.0,49.0,4726.0,177.0,240.0,202.0,2049.0,1
2995.0,59.0,11.0,85.0,23.0,2096.0,228.0,216.0,119.0,2630.0,0
2652.0,100.0,13.0,210.0,-28.0,1852.0,242.0,221.0,107.0,564.0,1
2923.0,84.0,19.0,150.0,-6.0,569.0,243.0,204.0,84.0,2215.0,1
2860.0,109.0,10.0,319.0,23.0,3824.0,238.0,229.0,121.0,6054.0,1
2796.0,13.0,11.0,150.0,13.0,2423.0,210.0,218.0,145.0,3721.0,1
3195.0,302.0,6.0,495.0,48.0,2605.0,204.0,237.0,173.0,228.0,0
3209.0,62.0,13.0,85.0,3.0,3274.0,230.0,213.0,113.0,3972.0,0
3015.0,79.0,5.0,134.0,1.0,3054.0,226.0,231.0,139.0,1653.0,0
3206.0,123.0,23.0,382.0,116.0,324.0,251.0,215.0,78.0,2780.0,0
3286.0,29.0,15.0,242.0,59.0,1627.0,213.0,205.0,124.0,2724.0,0
3256.0,191.0,7.0,785.0,101.0,2234.0,220.0,246.0,161.0,1986.0,0
2837.0,11.0,14.0,607.0,107.0,90.0,204.0,211.0,142.0,1173.0,1
2950.0,130.0,15.0,300.0,19.0,4024.0,244.0,230.0,111.0,1627.0,1
3025.0,96.0,7.0,234.0,17.0,4437.0,232.0,229.0,129.0,726.0,1
3123.0,28.0,11.0,60.0,8.0,124.0,216.0,216.0,135.0,2042.0,1
3306.0,36.0,13.0,108.0,16.0,2026.0,219.0,211.0,126.0,1602.0,0
3089.0,61.0,21.0,240.0,6.0,811.0,232.0,192.0,83.0,1057.0,0
3259.0,55.0,9.0,242.0,46.0,1148.0,226.0,221.0,128.0,1917.0,0
3257.0,61.0,11.0,543.0,109.0,6030.0,229.0,218.0,121.0,2072.0,1
3225.0,128.0,3.0,120.0,-2.0,5905.0,224.0,237.0,149.0,576.0,0
2626.0,77.0,15.0,553.0,94.0,1131.0,238.0,211.0,100.0,3845.0,1
3253.0,74.0,9.0,150.0,31.0,2674.0,231.0,223.0,125.0,2631.0,0
3227.0,345.0,11.0,150.0,39.0,1664.0,197.0,222.0,163.0,1935.0,0
3297.0,274.0,17.0,335.0,79.0,4115.0,173.0,242.0,208.0,1784.0,0
3259.0,359.0,16.0,212.0,25.0,469.0,195.0,210.0,151.0,1293.0,1
3092.0,62.0,6.0,150.0,-5.0,2182.0,225.0,228.0,138.0,2330.0,0
2790.0,128.0,19.0,60.0,19.0,510.0,248.0,225.0,97.0,1052.0,1
3116.0,105.0,11.0,30.0,0.0,2310.0,240.0,226.0,115.0,3231.0,0
3011.0,22.0,9.0,680.0,92.0,5309.0,215.0,221.0,143.0,5619.0,1
2719.0,58.0,6.0,175.0,-14.0,1538.0,225.0,227.0,137.0,1549.0,0
3033.0,130.0,4.0,90.0,10.0,2936.0,226.0,237.0,145.0,1395.0,1
3168.0,50.0,12.0,270.0,-9.0,2701.0,225.0,213.0,120.0,1121.0,0
3188.0,45.0,12.0,690.0,13.0,4080.0,223.0,213.0,122.0,4055.0,0
3369.0,195.0,11.0,446.0,144.0,934.0,218.0,250.0,165.0,797.0,0
2827.0,99.0,18.0,85.0,13.0,3636.0,246.0,213.0,89.0,6217.0,1
3151.0,66.0,12.0,180.0,48.0,2502.0,232.0,215.0,114.0,1772.0,0
2925.0,342.0,9.0,228.0,25.0,3097.0,202.0,227.0,164.0,2165.0,0
3006.0,83.0,28.0,190.0,85.0,2208.0,245.0,181.0,46.0,2636.0,0
3130.0,15.0,10.0,301.0,21.0,4154.0,211.0,219.0,144.0,1919.0,1
2803.0,108.0,18.0,67.0,19.0,1475.0,248.0,215.0,88.0,1789.0,1
2935.0,41.0,20.0,361.0,80.0,3750.0,218.0,193.0,102.0,2597.0,1
3188.0,129.0,6.0,150.0,7.0,4321.0,230.0,236.0,139.0,984.0,0
2985.0,90.0,1.0,270.0,33.0,4385.0,221.0,236.0,151.0,5448.0,1
3005.0,327.0,10.0,60.0,11.0,4390.0,196.0,229.0,173.0,1173.0,0
2969.0,9.0,6.0,124.0,16.0,1943.0,213.0,227.0,152.0,1357.0,1
3167.0,300.0,9.0,42.0,1.0,1310.0,195.0,237.0,182.0,1168.0,0
2926.0,162.0,20.0,270.0,30.0,5117.0,235.0,241.0,127.0,4531.0,1
3144.0,113.0,19.0,360.0,-9.0,2992.0,249.0,217.0,88.0,1068.0,1
2811.0,94.0,13.0,339.0,38.0,2252.0,240.0,221.0,109.0,2588.0,1
3071.0,170.0,21.0,930.0,128.0,3151.0,230.0,244.0,135.0,1974.0,1
3017.0,108.0,13.0,443.0,106.0,2516.0,242.0,224.0,109.0,1766.0,1
2896.0,309.0,10.0,60.0,16.0,3126.0,193.0,234.0,181.0,2114.0,1
3269.0,179.0,16.0,576.0,136.0,616.0,225.0,248.0,151.0,4715.0,1
2952.0,75.0,18.0,134.0,23.0,624.0,239.0,203.0,88.0,2343.0,1
2798.0,28.0,9.0,524.0,76.0,3390.0,217.0,220.0,139.0,2784.0,0
2985.0,322.0,16.0,339.0,67.0,1231.0,178.0,222.0,184.0,2998.0,0
3105.0,81.0,8.0,268.0,56.0,3443.0,231.0,226.0,128.0,882.0,0
2881.0,107.0,11.0,524.0,135.0,1140.0,238.0,227.0,119.0,2711.0,1
3126.0,84.0,20.0,42.0,13.0,808.0,244.0,201.0,78.0,1689.0,0
3029.0,90.0,17.0,781.0,-153.0,1423.0,243.0,211.0,92.0,932.0,1
3018.0,114.0,8.0,210.0,33.0,2032.0,235.0,232.0,129.0,1442.0,1
3082.0,329.0,11.0,108.0,-2.0,350.0,194.0,227.0,173.0,713.0,0
2764.0,79.0,8.0,277.0,5.0,1022.0,231.0,225.0,126.0,2463.0,1
2718.0,7.0,11.0,30.0,7.0,1390.0,207.0,218.0,148.0,1532.0,1
2591.0,210.0,31.0,60.0,-15.0,516.0,180.0,250.0,187.0,882.0,1
3049.0,6.0,20.0,331.0,8.0,1981.0,192.0,198.0,139.0,1731.0,1
2611.0,359.0,20.0,108.0,38.0,854.0,185.0,198.0,146.0,3139.0,1
3253.0,249.0,16.0,659.0,102.0,3247.0,184.0,250.0,202.0,939.0,0
2952.0,208.0,8.0,42.0,3.0,5454.0,215.0,248.0,169.0,2486.0,0
2826.0,109.0,9.0,170.0,34.0,1087.0,236.0,230.0,124.0,3104.0,1
3153.0,222.0,11.0,365.0,51.0,175.0,206.0,251.0,180.0,3008.0,1
3080.0,10.0,9.0,0.0,0.0,1073.0,210.0,221.0,148.0,1080.0,0
3115.0,245.0,27.0,240.0,84.0,2338.0,156.0,249.0,222.0,1648.0,1
3300.0,301.0,11.0,120.0,2.0,1476.0,190.0,236.0,186.0,1546.0,0
3198.0,288.0,20.0,360.0,119.0,4484.0,160.0,234.0,212.0,1302.0,0
2955.0,203.0,14.0,0.0,0.0,5435.0,212.0,252.0,171.0,2714.0,0
2958.0,97.0,6.0,277.0,53.0,3547.0,229.0,232.0,137.0,1590.0,1
3123.0,175.0,20.0,313.0,71.0,313.0,227.0,246.0,143.0,518.0,1
2565.0,125.0,19.0,67.0,24.0,811.0,248.0,223.0,95.0,3337.0,1
3234.0,70.0,8.0,175.0,18.0,601.0,229.0,225.0,129.0,1902.0,0
3224.0,114.0,18.0,430.0,63.0,1132.0,248.0,218.0,91.0,1900.0,0
2883.0,133.0,15.0,216.0,73.0,216.0,243.0,231.0,113.0,1189.0,0
3165.0,326.0,11.0,624.0,108.0,3863.0,194.0,228.0,174.0,2758.0,1
3247.0,61.0,16.0,95.0,18.0,497.0,231.0,206.0,103.0,979.0,1
2860.0,214.0,25.0,430.0,149.0,577.0,188.0,254.0,190.0,1888.0,1
3329.0,270.0,0.0,797.0,115.0,872.0,217.0,238.0,158.0,2605.0,1
3045.0,135.0,3.0,484.0,65.0,2505.0,224.0,238.0,150.0,1207.0,1
2808.0,168.0,8.0,216.0,44.0,1693.0,227.0,243.0,150.0,1256.0,1
3104.0,32.0,21.0,918.0,235.0,2695.0,210.0,190.0,108.0,2132.0,1
2600.0,148.0,10.0,228.0,1.0,324.0,234.0,239.0,136.0,1273.0,1
3109.0,41.0,15.0,0.0,0.0,5202.0,221.0,205.0,116.0,1317.0,0
2620.0,25.0,17.0,339.0,58.0,1926.0,209.0,200.0,123.0,2192.0,1
2834.0,27.0,6.0,382.0,66.0,3397.0,217.0,226.0,145.0,6131.0,0
3095.0,90.0,12.0,216.0,57.0,771.0,238.0,221.0,112.0,1640.0,0
2874.0,105.0,5.0,335.0,38.0,2905.0,228.0,234.0,140.0,2410.0,1
3057.0,106.0,15.0,553.0,118.0,1342.0,245.0,220.0,99.0,2227.0,1
2969.0,312.0,14.0,484.0,210.0,595.0,182.0,229.0,187.0,1323.0,1
2962.0,340.0,16.0,30.0,10.0,1928.0,184.0,214.0,169.0,510.0,1
3170.0,49.0,9.0,633.0,89.0,1315.0,224.0,220.0,129.0,2516.0,0
2884.0,21.0,25.0,362.0,77.0,666.0,195.0,178.0,109.0,845.0,0
3296.0,52.0,8.0,170.0,36.0,6142.0,225.0,223.0,132.0,480.0,0
2683.0,28.0,21.0,120.0,33.0,1062.0,207.0,188.0,109.0,2016.0,1
2998.0,23.0,12.0,421.0,79.0,4897.0,213.0,214.0,136.0,6025.0,1
3198.0,290.0,16.0,524.0,74.0,3669.0,175.0,236.0,201.0,1348.0,0
2827.0,33.0,22.0,60.0,30.0,1570.0,210.0,185.0,102.0,2427.0,0
3041.0,188.0,15.0,301.0,51.0,1869.0,220.0,250.0,159.0,3807.0,0
2883.0,34.0,5.0,30.0,0.0,2244.0,219.0,228.0,146.0,2704.0,1
3071.0,27.0,12.0,674.0,212.0,1822.0,215.0,214.0,134.0,3159.0,0
3179.0,284.0,10.0,85.0,12.0,2812.0,193.0,240.0,187.0,1266.0,0
2978.0,92.0,8.0,212.0,3.0,4010.0,233.0,228.0,128.0,5612.0,1
3254.0,140.0,13.0,0.0,0.0,1182.0,239.0,236.0,125.0,1200.0,0
3284.0,105.0,13.0,351.0,14.0,3606.0,242.0,223.0,108.0,1262.0,0
3166.0,211.0,11.0,247.0,19.0,2802.0,211.0,250.0,174.0,812.0,1
3139.0,54.0,9.0,0.0,0.0,3345.0,225.0,221.0,130.0,4216.0,0
3062.0,233.0,7.0,350.0,33.0,3056.0,208.0,247.0,175.0,780.0,0
2964.0,334.0,11.0,240.0,65.0,3376.0,194.0,225.0,170.0,2053.0,1
3078.0,302.0,17.0,108.0,34.0,180.0,169.0,229.0,200.0,2033.0,0
3142.0,349.0,11.0,408.0,0.0,3300.0,200.0,222.0,160.0,4573.0,0
3174.0,142.0,15.0,228.0,41.0,1022.0,241.0,235.0,119.0,2045.0,0
2722.0,37.0,18.0,134.0,36.0,1256.0,216.0,196.0,109.0,1572.0,1
3126.0,69.0,8.0,421.0,31.0,5524.0,229.0,224.0,128.0,1370.0,0
2773.0,154.0,21.0,124.0,39.0,3573.0,240.0,236.0,115.0,1406.0,1
2971.0,83.0,11.0,212.0,-4.0,3555.0,236.0,220.0,114.0,2264.0,0
2903.0,299.0,13.0,218.0,57.0,1864.0,182.0,234.0,193.0,1230.0,1
3102.0,10.0,11.0,85.0,5.0,5040.0,209.0,219.0,147.0,2282.0,0
2878.0,305.0,11.0,451.0,206.0,1103.0,188.0,234.0,186.0,666.0,1
3247.0,191.0,15.0,201.0,56.0,1080.0,218.0,251.0,162.0,430.0,0
3134.0,285.0,11.0,124.0,4.0,4578.0,190.0,240.0,190.0,3381.0,0
2902.0,152.0,5.0,180.0,-1.0,3626.0,226.0,240.0,149.0,1689.0,1
3201.0,112.0,4.0,30.0,0.0,2373.0,227.0,235.0,142.0,1544.0,0
3211.0,346.0,10.0,726.0,118.0,2736.0,201.0,225.0,162.0,3763.0,0
2966.0,49.0,24.0,85.0,3.0,872.0,222.0,181.0,81.0,2241.0,0
2807.0,323.0,20.0,30.0,13.0,2250.0,166.0,215.0,187.0,1498.0,0
2966.0,85.0,15.0,134.0,26.0,3822.0,240.0,213.0,99.0,2044.0,1
3205.0,115.0,7.0,67.0,4.0,3997.0,232.0,233.0,134.0,3399.0,0
3126.0,249.0,15.0,484.0,50.0,3502.0,186.0,250.0,201.0,1361.0,0
2953.0,146.0,7.0,108.0,14.0,404.0,230.0,239.0,142.0,2215.0,1
2809.0,79.0,5.0,150.0,22.0,912.0,226.0,231.0,139.0,2696.0,1
2768.0,3.0,19.0,162.0,30.0,924.0,191.0,200.0,143.0,1939.0,0
2972.0,293.0,20.0,525.0,-4.0,4953.0,159.0,231.0,210.0,350.0,1
2846.0,264.0,15.0,524.0,133.0,268.0,181.0,246.0,204.0,1831.0,1
3059.0,24.0,3.0,60.0,-3.0,636.0,218.0,233.0,152.0,1679.0,0
3194.0,29.0,19.0,376.0,135.0,1206.0,210.0,196.0,116.0,339.0,0
3111.0,295.0,12.0,616.0,103.0,1356.0,185.0,237.0,192.0,2203.0,0
2766.0,86.0,7.0,256.0,3.0,1542.0,231.0,228.0,130.0,1802.0,0
3242.0,212.0,17.0,779.0,-27.0,3976.0,203.0,254.0,182.0,1213.0,1
2546.0,48.0,7.0,362.0,17.0,1129.0,223.0,225.0,137.0,4080.0,1
3003.0,28.0,16.0,95.0,25.0,1055.0,212.0,204.0,124.0,2376.0,0
3003.0,55.0,11.0,30.0,4.0,4976.0,227.0,215.0,120.0,3247.0,1
3161.0,58.0,23.0,600.0,101.0,1529.0,229.0,185.0,77.0,2295.0,0
3001.0,17.0,20.0,417.0,158.0,1987.0,199.0,194.0,126.0,2866.0,1
3135.0,55.0,6.0,90.0,3.0,595.0,224.0,227.0,139.0,5291.0,0
3118.0,75.0,3.0,42.0,0.0,2014.0,223.0,234.0,147.0,2193.0,1
2885.0,213.0,13.0,150.0,41.0,3980.0,207.0,252.0,178.0,3545.0,1
3251.0,20.0,24.0,120.0,44.0,1954.0,195.0,180.0,112.0,2089.0,1
3249.0,141.0,16.0,684.0,133.0,2493.0,242.0,233.0,115.0,2554.0,0
2645.0,105.0,9.0,342.0,-3.0,484.0,236.0,229.0,123.0,1343.0,1
2986.0,358.0,20.0,850.0,109.0,870.0,185.0,199.0,148.0,1301.0,0
2557.0,87.0,12.0,212.0,10.0,811.0,238.0,219.0,109.0,849.0,1
3350.0,256.0,12.0,85.0,18.0,2047.0,191.0,248.0,195.0,2097.0,0
3030.0,54.0,2.0,0.0,0.0,1369.0,220.0,234.0,150.0,2724.0,0
3214.0,286.0,9.0,134.0,35.0,4403.0,195.0,240.0,184.0,3101.0,0
2985.0,331.0,19.0,339.0,41.0,3291.0,172.0,213.0,179.0,2018.0,0
3086.0,135.0,5.0,120.0,1.0,937.0,228.0,238.0,144.0,1825.0,0
3090.0,118.0,17.0,30.0,-11.0,900.0,247.0,223.0,99.0,2069.0,0
3272.0,11.0,20.0,361.0,69.0,2060.0,195.0,196.0,134.0,1101.0,0
3233.0,74.0,13.0,666.0,152.0,1413.0,235.0,215.0,109.0,3357.0,0
3268.0,334.0,13.0,474.0,69.0,577.0,190.0,222.0,171.0,1176.0,0
3043.0,297.0,10.0,108.0,14.0,2713.0,192.0,237.0,184.0,2823.0,0
3073.0,81.0,6.0,0.0,0.0,3661.0,228.0,230.0,136.0,2234.0,0
3121.0,50.0,7.0,417.0,40.0,1328.0,224.0,225.0,136.0,2665.0,0
3396.0,88.0,17.0,331.0,111.0,1929.0,243.0,211.0,92.0,1690.0,0
2987.0,345.0,14.0,450.0,66.0,1598.0,191.0,217.0,164.0,484.0,1
3217.0,308.0,19.0,323.0,111.0,1834.0,164.0,224.0,199.0,2033.0,1
2890.0,104.0,4.0,216.0,35.0,3802.0,226.0,234.0,143.0,5627.0,1
3469.0,47.0,13.0,633.0,35.0,2635.0,224.0,212.0,120.0,1907.0,0
3353.0,44.0,23.0,60.0,27.0,3907.0,218.0,182.0,87.0,1533.0,0
3277.0,287.0,6.0,120.0,18.0,6124.0,202.0,240.0,177.0,309.0,0
2637.0,33.0,10.0,30.0,4.0,824.0,218.0,219.0,136.0,1566.0,1
3118.0,63.0,8.0,30.0,-1.0,1959.0,228.0,223.0,128.0,2871.0,1
3179.0,106.0,16.0,499.0,47.0,552.0,246.0,218.0,96.0,5750.0,0
3221.0,108.0,2.0,258.0,7.0,3730.0,223.0,236.0,149.0,3761.0,0
2997.0,58.0,24.0,480.0,107.0,2280.0,229.0,181.0,71.0,1929.0,0
2921.0,108.0,19.0,30.0,-6.0,342.0,249.0,214.0,86.0,595.0,0
3027.0,42.0,18.0,488.0,114.0,4429.0,220.0,197.0,106.0,4387.0,0
3144.0,175.0,20.0,1020.0,96.0,3125.0,227.0,246.0,142.0,2510.0,1
3119.0,59.0,3.0,234.0,6.0,2292.0,221.0,233.0,148.0,2322.0,0
2946.0,252.0,9.0,268.0,20.0,1606.0,200.0,247.0,185.0,1221.0,0
2740.0,42.0,6.0,175.0,23.0,1831.0,221.0,226.0,140.0,3561.0,1
3213.0,140.0,4.0,454.0,55.0,741.0,225.0,238.0,148.0,365.0,0
3109.0,36.0,8.0,212.0,14.0,3653.0,220.0,222.0,138.0,1384.0,0
3111.0,83.0,11.0,0.0,0.0,1328.0,236.0,220.0,114.0,2347.0,0
3063.0,70.0,9.0,698.0,247.0,451.0,230.0,223.0,125.0,1024.0,1
3158.0,40.0,11.0,595.0,77.0,1215.0,221.0,215.0,127.0,2471.0,0
3133.0,139.0,5.0,150.0,-3.0,4129.0,227.0,238.0,145.0,1537.0,0
3292.0,53.0,5.0,210.0,6.0,5635.0,223.0,229.0,142.0,745.0,0
3039.0,96.0,12.0,474.0,101.0,2052.0,239.0,223.0,113.0,1664.0,1
3121.0,173.0,17.0,745.0,104.0,1689.0,228.0,246.0,144.0,642.0,1
2660.0,345.0,7.0,255.0,13.0,1176.0,206.0,229.0,161.0,1406.0,1
2980.0,12.0,6.0,277.0,49.0,3776.0,214.0,228.0,151.0,1455.0,1
3302.0,342.0,13.0,780.0,74.0,2096.0,193.0,221.0,166.0,845.0,0
2663.0,52.0,14.0,42.0,0.0,1425.0,226.0,209.0,113.0,664.0,1
2884.0,121.0,19.0,67.0,26.0,5533.0,249.0,221.0,91.0,722.0,1
3219.0,26.0,15.0,480.0,143.0,927.0,212.0,206.0,128.0,1092.0,0
3066.0,234.0,13.0,339.0,56.0,3027.0,198.0,251.0,190.0,967.0,0
3031.0,87.0,13.0,277.0,9.0,1790.0,239.0,217.0,106.0,1708.0,0
3053.0,178.0,7.0,433.0,-5.0,285.0,223.0,244.0,155.0,1385.0,1
2798.0,290.0,7.0,0.0,0.0,2174.0,200.0,239.0,178.0,2049.0,0
2909.0,168.0,10.0,60.0,0.0,5305.0,228.0,244.0,147.0,4042.0,1
2957.0,71.0,19.0,408.0,152.0,2809.0,237.0,200.0,87.0,1387.0,1
3053.0,335.0,5.0,319.0,58.0,1084.0,209.0,233.0,163.0,1233.0,1
3104.0,56.0,11.0,170.0,35.0,5210.0,227.0,218.0,123.0,2858.0,0
3258.0,50.0,15.0,511.0,18.0,2922.0,226.0,207.0,111.0,1008.0,0
2871.0,120.0,16.0,85.0,16.0,3545.0,246.0,225.0,103.0,2850.0,1
2776.0,56.0,14.0,240.0,21.0,1358.0,228.0,210.0,112.0,713.0,1
2974.0,20.0,15.0,170.0,23.0,4794.0,208.0,208.0,134.0,3996.0,1
3029.0,3.0,10.0,124.0,-11.0,850.0,206.0,220.0,152.0,1411.0,0
3342.0,127.0,15.0,323.0,69.0,2295.0,243.0,229.0,111.0,2058.0,0
2922.0,97.0,17.0,216.0,94.0,579.0,245.0,213.0,91.0,600.0,0
2705.0,187.0,26.0,242.0,95.0,1855.0,213.0,248.0,152.0,1448.0,1
2879.0,188.0,14.0,418.0,79.0,2349.0,221.0,250.0,159.0,1894.0,1
2928.0,313.0,19.0,30.0,6.0,696.0,166.0,222.0,195.0,1136.0,1
3011.0,160.0,5.0,700.0,94.0,5520.0,225.0,241.0,150.0,2995.0,1
3363.0,328.0,20.0,531.0,75.0,2460.0,169.0,213.0,182.0,1095.0,0
3261.0,203.0,14.0,371.0,128.0,2935.0,212.0,252.0,172.0,939.0,0
3219.0,62.0,5.0,285.0,-1.0,5634.0,224.0,230.0,142.0,1864.0,0
3052.0,104.0,19.0,124.0,35.0,1355.0,249.0,212.0,83.0,1261.0,0
2810.0,28.0,8.0,295.0,14.0,1906.0,217.0,223.0,141.0,2806.0,1
3340.0,108.0,18.0,642.0,159.0,3903.0,248.0,216.0,89.0,1154.0,0
3208.0,115.0,23.0,30.0,4.0,2553.0,252.0,211.0,75.0,2641.0,0
3064.0,60.0,8.0,150.0,17.0,4385.0,227.0,223.0,131.0,2463.0,1
3207.0,282.0,14.0,212.0,23.0,3045.0,181.0,240.0,199.0,212.0,1
3116.0,315.0,8.0,418.0,52.0,2171.0,199.0,234.0,174.0,2341.0,0
3185.0,39.0,3.0,60.0,0.0,1463.0,220.0,232.0,149.0,690.0,0
3156.0,325.0,11.0,95.0,24.0,2382.0,191.0,227.0,176.0,834.0,0
2966.0,27.0,20.0,212.0,107.0,1347.0,207.0,191.0,113.0,3177.0,0
3198.0,111.0,6.0,408.0,40.0,1177.0,230.0,234.0,137.0,1890.0,0
3087.0,185.0,11.0,192.0,29.0,3702.0,222.0,248.0,158.0,638.0,1
2825.0,145.0,15.0,30.0,5.0,2295.0,239.0,237.0,123.0,2797.0,1
3154.0,102.0,17.0,67.0,10.0,2608.0,246.0,215.0,91.0,2522.0,0
3245.0,284.0,19.0,295.0,66.0,4641.0,164.0,237.0,211.0,3278.0,0
2867.0,92.0,24.0,162.0,40.0,5513.0,249.0,194.0,59.0,4475.0,1
3044.0,18.0,1.0,30.0,0.0,3059.0,218.0,236.0,156.0,499.0,0
3219.0,31.0,19.0,124.0,-6.0,1599.0,211.0,194.0,112.0,2787.0,0
3027.0,320.0,7.0,42.0,5.0,3202.0,201.0,233.0,171.0,301.0,0
3040.0,38.0,9.0,192.0,18.0,1842.0,221.0,221.0,135.0,1655.0,0
3297.0,32.0,14.0,120.0,23.0,1194.0,216.0,208.0,125.0,3401.0,1
3256.0,93.0,14.0,457.0,49.0,1262.0,241.0,218.0,104.0,2546.0,1
3209.0,3.0,4.0,499.0,21.0,5868.0,214.0,232.0,155.0,2796.0,0
2898.0,326.0,12.0,95.0,17.0,1087.0,190.0,226.0,176.0,2140.0,0
2975.0,270.0,6.0,467.0,56.0,5490.0,204.0,242.0,177.0,3895.0,1
2810.0,239.0,7.0,30.0,0.0,2170.0,207.0,246.0,176.0,2571.0,1
2658.0,51.0,22.0,0.0,0.0,1308.0,225.0,188.0,87.0,875.0,0
3249.0,1.0,10.0,192.0,50.0,277.0,206.0,221.0,153.0,1410.0,0
2983.0,222.0,14.0,95.0,16.0,4555.0,202.0,252.0,185.0,1900.0,0
2986.0,20.0,19.0,1114.0,117.0,2627.0,204.0,197.0,125.0,1027.0,1
3181.0,277.0,15.0,458.0,80.0,5879.0,177.0,242.0,204.0,2741.0,1
2702.0,341.0,11.0,134.0,42.0,1706.0,197.0,224.0,165.0,1253.0,1
3028.0,39.0,3.0,30.0,0.0,1301.0,220.0,232.0,149.0,2662.0,0
3136.0,20.0,8.0,547.0,-28.0,4107.0,215.0,224.0,145.0,4401.0,0
3198.0,337.0,12.0,30.0,7.0,4260.0,194.0,224.0,169.0,1932.0,0
3185.0,335.0,18.0,324.0,54.0,2650.0,176.0,213.0,175.0,2708.0,0
2616.0,87.0,10.0,268.0,26.0,1020.0,236.0,223.0,118.0,5454.0,1
3306.0,324.0,16.0,592.0,167.0,3909.0,178.0,221.0,182.0,2200.0,1
2973.0,47.0,9.0,384.0,11.0,4860.0,223.0,220.0,131.0,2497.0,0
3143.0,95.0,20.0,450.0,25.0,2998.0,248.0,206.0,78.0,872.0,0
2797.0,60.0,9.0,170.0,10.0,2724.0,228.0,221.0,126.0,2359.0,1
2975.0,68.0,32.0,192.0,85.0,2563.0,233.0,161.0,36.0,1840.0,0
3047.0,257.0,4.0,30.0,-8.0,2620.0,209.0,242.0,171.0,711.0,0
2914.0,171.0,6.0,85.0,13.0,4103.0,225.0,243.0,153.0,4179.0,1
3018.0,102.0,14.0,42.0,11.0,721.0,242.0,221.0,105.0,1191.0,1
3000.0,345.0,20.0,499.0,225.0,702.0,177.0,205.0,164.0,1337.0,1
3051.0,31.0,6.0,379.0,8.0,1650.0,219.0,228.0,145.0,2739.0,0
2945.0,41.0,14.0,711.0,166.0,1198.0,221.0,208.0,119.0,2506.0,1
2612.0,203.0,36.0,268.0,163.0,371.0,177.0,244.0,175.0,902.0,1
3257.0,44.0,18.0,153.0,42.0,1822.0,221.0,199.0,106.0,2295.0,0
3188.0,53.0,7.0,255.0,-26.0,2809.0,224.0,225.0,135.0,1655.0,0
3002.0,80.0,11.0,42.0,1.0,1691.0,235.0,220.0,116.0,1922.0,0
3108.0,280.0,17.0,212.0,35.0,4751.0,171.0,240.0,208.0,3012.0,0
2982.0,110.0,7.0,300.0,17.0,5054.0,233.0,232.0,132.0,5646.0,0
3182.0,220.0,17.0,258.0,87.0,3141.0,198.0,254.0,188.0,949.0,0
2711.0,38.0,16.0,524.0,-36.0,1328.0,218.0,203.0,115.0,1410.0,1
3110.0,45.0,6.0,272.0,61.0,1676.0,222.0,226.0,139.0,576.0,1
3122.0,169.0,17.0,752.0,308.0,1777.0,231.0,245.0,139.0,618.0,1
2739.0,117.0,14.0,218.0,43.0,1864.0,243.0,227.0,110.0,1180.0,1
3200.0,103.0,16.0,0.0,0.0,1357.0,245.0,218.0,97.0,2603.0,0
3208.0,75.0,13.0,30.0,-6.0,2550.0,236.0,214.0,107.0,2656.0,0
3033.0,239.0,6.0,30.0,4.0,3108.0,210.0,245.0,173.0,960.0,0
2930.0,39.0,15.0,454.0,49.0,1806.0,219.0,207.0,119.0,3034.0,1
2940.0,287.0,6.0,570.0,64.0,3345.0,204.0,240.0,175.0,3726.0,1
2945.0,263.0,12.0,390.0,45.0,5484.0,189.0,246.0,196.0,4603.0,1
3269.0,45.0,15.0,30.0,-1.0,2888.0,223.0,207.0,115.0,2514.0,0
3234.0,14.0,10.0,531.0,89.0,3171.0,211.0,220.0,145.0,924.0,0
2839.0,120.0,9.0,190.0,23.0,3055.0,236.0,233.0,128.0,2612.0,1
3407.0,60.0,8.0,67.0,-1.0,1784.0,227.0,223.0,131.0,3349.0,0
3173.0,180.0,1.0,192.0,11.0,4452.0,219.0,239.0,157.0,1080.0,0
3088.0,51.0,28.0,335.0,73.0,4629.0,220.0,168.0,64.0,3031.0,0
2962.0,196.0,6.0,319.0,53.0,5799.0,219.0,245.0,162.0,2942.0,1
3147.0,315.0,7.0,579.0,64.0,150.0,201.0,234.0,173.0,2538.0,1
2958.0,39.0,6.0,30.0,0.0,799.0,221.0,226.0,141.0,2060.0,1
3423.0,239.0,24.0,751.0,-43.0,3347.0,168.0,252.0,214.0,2657.0,0
2810.0,332.0,15.0,95.0,14.0,2483.0,184.0,220.0,175.0,1233.0,1
2895.0,162.0,7.0,313.0,113.0,1634.0,227.0,242.0,148.0,1966.0,1
2954.0,190.0,21.0,175.0,71.0,1783.0,216.0,251.0,159.0,1095.0,1
3178.0,255.0,3.0,150.0,2.0,5058.0,213.0,241.0,166.0,2492.0,0
3047.0,259.0,17.0,361.0,71.0,1341.0,177.0,247.0,207.0,524.0,1
2929.0,333.0,15.0,170.0,30.0,3348.0,184.0,220.0,174.0,1742.0,1
3236.0,153.0,2.0,319.0,15.0,4484.0,222.0,239.0,153.0,2203.0,0
3060.0,225.0,16.0,458.0,53.0,5919.0,196.0,253.0,190.0,1723.0,1
3216.0,233.0,16.0,306.0,36.0,4696.0,191.0,253.0,196.0,1073.0,0
2729.0,339.0,29.0,192.0,77.0,1606.0,146.0,184.0,169.0,1338.0,1
3034.0,256.0,9.0,30.0,0.0,2635.0,200.0,246.0,184.0,1256.0,1
2882.0,88.0,19.0,30.0,11.0,1129.0,244.0,206.0,84.0,1718.0,0
2869.0,270.0,14.0,228.0,61.0,1634.0,182.0,244.0,201.0,850.0,1
2910.0,96.0,12.0,240.0,52.0,3315.0,239.0,222.0,111.0,4357.0,1
2974.0,268.0,26.0,957.0,308.0,2512.0,145.0,239.0,228.0,1510.0,1
2804.0,146.0,23.0,67.0,20.0,3132.0,244.0,230.0,101.0,2580.0,1
2916.0,29.0,7.0,418.0,3.0,4595.0,218.0,224.0,142.0,4250.0,1
3255.0,49.0,5.0,598.0,11.0,4257.0,222.0,229.0,142.0,2571.0,0
2914.0,48.0,11.0,212.0,34.0,3292.0,224.0,216.0,124.0,4502.0,1
3069.0,45.0,11.0,30.0,4.0,5336.0,223.0,217.0,127.0,2697.0,0
3226.0,73.0,23.0,424.0,84.0,1370.0,239.0,189.0,68.0,4981.0,0
2809.0,127.0,20.0,42.0,7.0,4427.0,249.0,222.0,93.0,391.0,0
3114.0,108.0,6.0,67.0,0.0,4313.0,231.0,233.0,136.0,1624.0,0
3226.0,253.0,16.0,153.0,28.0,2928.0,183.0,249.0,203.0,1362.0,0
3105.0,316.0,28.0,127.0,40.0,3340.0,136.0,205.0,203.0,2982.0,0
3190.0,288.0,10.0,108.0,-25.0,3582.0,193.0,239.0,186.0,1717.0,0
3027.0,225.0,13.0,816.0,118.0,5828.0,202.0,252.0,185.0,3406.0,1
3107.0,4.0,10.0,30.0,1.0,1026.0,207.0,221.0,151.0,2070.0,1
3091.0,59.0,6.0,492.0,16.0,2804.0,224.0,228.0,139.0,1683.0,1
2881.0,204.0,13.0,421.0,81.0,2393.0,213.0,251.0,171.0,1931.0,1
3003.0,21.0,6.0,60.0,-4.0,2343.0,216.0,227.0,148.0,1200.0,0
2990.0,50.0,8.0,212.0,21.0,2586.0,224.0,222.0,132.0,1667.0,0
3008.0,317.0,12.0,633.0,-112.0,1664.0,189.0,230.0,181.0,1888.0,1
3306.0,298.0,22.0,95.0,24.0,2363.0,151.0,226.0,212.0,2848.0,0
3358.0,36.0,11.0,212.0,-23.0,4205.0,219.0,215.0,130.0,1158.0,0
3136.0,17.0,11.0,95.0,13.0,3045.0,211.0,216.0,141.0,3336.0,0
3110.0,82.0,14.0,85.0,12.0,2154.0,239.0,214.0,102.0,2032.0,0
3295.0,49.0,5.0,120.0,4.0,1643.0,222.0,229.0,142.0,3289.0,1
2899.0,88.0,5.0,0.0,0.0,914.0,228.0,231.0,137.0,2831.0,0
3311.0,63.0,12.0,420.0,166.0,1321.0,230.0,215.0,116.0,2375.0,1
3160.0,301.0,6.0,350.0,-1.0,4328.0,204.0,238.0,172.0,1095.0,0
2567.0,354.0,18.0,30.0,13.0,384.0,188.0,206.0,154.0,1920.0,1
3088.0,247.0,14.0,108.0,14.0,1358.0,189.0,250.0,197.0,2505.0,0
2992.0,274.0,20.0,150.0,31.0,2704.0,162.0,241.0,216.0,1831.0,0
2665.0,139.0,22.0,67.0,23.0,1640.0,247.0,227.0,96.0,1249.0,1
2842.0,352.0,12.0,576.0,10.0,571.0,199.0,220.0,158.0,1243.0,1
3285.0,78.0,7.0,421.0,78.0,1530.0,229.0,228.0,132.0,2769.0,0
2708.0,334.0,29.0,60.0,35.0,1800.0,141.0,188.0,178.0,1053.0,1
3251.0,318.0,12.0,162.0,33.0,4245.0,187.0,229.0,181.0,1910.0,0
2925.0,103.0,10.0,150.0,23.0,3249.0,237.0,227.0,120.0,1857.0,1
2903.0,16.0,18.0,270.0,77.0,2818.0,202.0,200.0,131.0,1981.0,1
3008.0,342.0,18.0,514.0,105.0,5492.0,179.0,209.0,167.0,1315.0,1
3284.0,341.0,27.0,201.0,61.0,3504.0,152.0,188.0,167.0,3972.0,0
3228.0,102.0,8.0,201.0,23.0,3107.0,234.0,230.0,128.0,4752.0,0
3050.0,10.0,4.0,342.0,32.0,911.0,215.0,231.0,153.0,1756.0,1
2965.0,108.0,13.0,258.0,76.0,3861.0,242.0,224.0,109.0,2448.0,1
3163.0,28.0,15.0,360.0,45.0,2868.0,213.0,207.0,127.0,964.0,0
2991.0,133.0,10.0,300.0,73.0,2493.0,236.0,235.0,129.0,1741.0,1
2947.0,344.0,16.0,42.0,11.0,4601.0,186.0,213.0,165.0,1245.0,1
3153.0,105.0,8.0,240.0,6.0,3022.0,234.0,230.0,128.0,997.0,1
3282.0,152.0,17.0,674.0,125.0,1026.0,239.0,238.0,122.0,1326.0,1
2913.0,206.0,27.0,30.0,-5.0,1452.0,191.0,252.0,181.0,2613.0,1
2892.0,46.0,16.0,297.0,81.0,300.0,223.0,202.0,108.0,534.0,1
3269.0,113.0,14.0,150.0,22.0,1676.0,243.0,225.0,108.0,2128.0,0
3209.0,337.0,18.0,95.0,32.0,1549.0,178.0,212.0,172.0,2692.0,0
2978.0,299.0,21.0,67.0,13.0,467.0,156.0,227.0,209.0,1694.0,1
3126.0,72.0,5.0,351.0,24.0,4521.0,225.0,231.0,141.0,1761.0,0
3548.0,142.0,13.0,300.0,114.0,2707.0,239.0,236.0,124.0,2165.0,0
2925.0,154.0,19.0,162.0,62.0,1630.0,239.0,238.0,122.0,2613.0,1
2873.0,240.0,20.0,467.0,157.0,470.0,178.0,252.0,207.0,1871.0,1
3238.0,22.0,5.0,450.0,35.0,1879.0,217.0,229.0,149.0,1149.0,0
2975.0,4.0,12.0,30.0,10.0,2142.0,204.0,216.0,149.0,1121.0,0
3165.0,112.0,11.0,700.0,98.0,2802.0,239.0,228.0,119.0,2942.0,1
2641.0,248.0,14.0,90.0,24.0,1252.0,190.0,250.0,196.0,1549.0,1
2861.0,351.0,9.0,95.0,17.0,3013.0,205.0,226.0,159.0,2906.0,1
2884.0,122.0,28.0,85.0,43.0,5192.0,254.0,205.0,58.0,382.0,1
3148.0,43.0,12.0,95.0,11.0,1084.0,222.0,214.0,125.0,4929.0,0
2861.0,264.0,20.0,283.0,62.0,918.0,167.0,245.0,215.0,1867.0,0
2901.0,72.0,10.0,42.0,1.0,1604.0,232.0,221.0,120.0,1950.0,1
2699.0,64.0,9.0,216.0,13.0,1170.0,229.0,221.0,125.0,2080.0,1
3124.0,72.0,5.0,268.0,38.0,994.0,226.0,230.0,138.0,2608.0,1
2601.0,73.0,11.0,268.0,66.0,1180.0,233.0,218.0,115.0,1213.0,1
3208.0,21.0,15.0,573.0,79.0,2403.0,208.0,206.0,131.0,3378.0,0
2970.0,110.0,6.0,342.0,56.0,3673.0,231.0,233.0,135.0,2024.0,1
2998.0,209.0,12.0,212.0,23.0,5566.0,210.0,251.0,175.0,2045.0,0
2740.0,30.0,17.0,450.0,59.0,3275.0,212.0,200.0,119.0,2837.0,0
2606.0,153.0,24.0,67.0,-4.0,731.0,240.0,233.0,107.0,1973.0,1
2959.0,130.0,12.0,272.0,33.0,4970.0,240.0,233.0,121.0,6454.0,1
3249.0,43.0,18.0,170.0,35.0,2408.0,221.0,199.0,107.0,1243.0,0
3117.0,94.0,31.0,192.0,-32.0,2826.0,250.0,177.0,31.0,3700.0,0
2863.0,79.0,14.0,30.0,7.0,4154.0,238.0,213.0,103.0,3211.0,1
3227.0,50.0,17.0,108.0,25.0,2765.0,226.0,201.0,103.0,2778.0,0
3320.0,158.0,10.0,242.0,52.0,3212.0,231.0,242.0,141.0,511.0,0
2679.0,289.0,18.0,42.0,9.0,1611.0,167.0,235.0,207.0,1158.0,1
3117.0,131.0,14.0,180.0,-1.0,2133.0,242.0,232.0,116.0,2076.0,1
2801.0,26.0,14.0,379.0,79.0,2445.0,213.0,208.0,129.0,2497.0,1
2998.0,10.0,12.0,360.0,26.0,5341.0,207.0,216.0,145.0,6403.0,0
3245.0,324.0,7.0,201.0,20.0,3638.0,203.0,233.0,169.0,1667.0,0
2809.0,129.0,3.0,153.0,18.0,2394.0,225.0,237.0,148.0,2271.0,1
3067.0,72.0,5.0,339.0,85.0,2681.0,225.0,231.0,141.0,6555.0,0
3307.0,0.0,11.0,212.0,8.0,4221.0,203.0,219.0,153.0,1464.0,0
2738.0,80.0,4.0,510.0,-19.0,2347.0,225.0,232.0,142.0,5855.0,1
3290.0,348.0,11.0,342.0,67.0,4568.0,199.0,222.0,161.0,2140.0,0
2975.0,301.0,26.0,362.0,191.0,2462.0,140.0,219.0,214.0,1480.0,0
3201.0,336.0,9.0,108.0,-3.0,3188.0,201.0,229.0,167.0,4871.0,0
2824.0,150.0,21.0,30.0,-4.0,1913.0,241.0,234.0,112.0,1243.0,1
3142.0,80.0,8.0,446.0,29.0,3880.0,231.0,225.0,127.0,3348.0,1
2998.0,201.0,4.0,537.0,-36.0,1608.0,218.0,243.0,161.0,1652.0,1
2896.0,304.0,38.0,752.0,524.0,836.0,94.0,192.0,224.0,2289.0,1
3291.0,342.0,27.0,573.0,144.0,3994.0,154.0,188.0,165.0,2245.0,0
3149.0,67.0,7.0,30.0,-5.0,1841.0,228.0,226.0,132.0,384.0,0
2883.0,8.0,19.0,577.0,188.0,2624.0,195.0,199.0,137.0,1994.0,1
3411.0,121.0,16.0,371.0,-53.0,1963.0,246.0,225.0,103.0,2938.0,0
3133.0,40.0,20.0,192.0,46.0,5142.0,217.0,192.0,101.0,1403.0,0
3155.0,227.0,11.0,785.0,11.0,6242.0,204.0,251.0,183.0,1235.0,1
3110.0,50.0,8.0,408.0,26.0,5174.0,224.0,222.0,132.0,1387.0,0
2778.0,12.0,6.0,330.0,27.0,1839.0,214.0,228.0,151.0,2771.0,1
3295.0,189.0,17.0,484.0,65.0,4365.0,219.0,250.0,160.0,2329.0,0
2950.0,164.0,20.0,124.0,24.0,2448.0,234.0,242.0,129.0,1716.0,1
3264.0,328.0,19.0,421.0,113.0,2873.0,170.0,214.0,182.0,551.0,0
2703.0,343.0,16.0,108.0,17.0,1061.0,187.0,215.0,166.0,2424.0,1
3290.0,196.0,7.0,408.0,63.0,3867.0,219.0,246.0,162.0,2424.0,0
3008.0,280.0,25.0,532.0,63.0,2613.0,142.0,233.0,226.0,1020.0,1
3246.0,111.0,24.0,630.0,92.0,1215.0,253.0,206.0,66.0,2359.0,0
3258.0,96.0,25.0,268.0,66.0,2292.0,250.0,195.0,58.0,4298.0,0
3254.0,145.0,13.0,376.0,89.0,1591.0,238.0,237.0,127.0,1499.0,0
2748.0,45.0,22.0,150.0,-51.0,134.0,220.0,187.0,91.0,283.0,0
2965.0,304.0,5.0,484.0,69.0,4320.0,205.0,237.0,171.0,5682.0,1
2530.0,51.0,3.0,247.0,-12.0,319.0,221.0,232.0,148.0,1300.0,1
2814.0,76.0,2.0,270.0,4.0,2060.0,222.0,235.0,150.0,2277.0,1
3008.0,46.0,17.0,443.0,15.0,3827.0,223.0,200.0,105.0,4749.0,1
3121.0,265.0,14.0,845.0,351.0,1138.0,183.0,245.0,201.0,1361.0,0
2939.0,144.0,22.0,212.0,99.0,5917.0,245.0,229.0,101.0,4295.0,1
3273.0,64.0,15.0,150.0,47.0,4478.0,233.0,208.0,104.0,1260.0,0
2622.0,282.0,16.0,60.0,13.0,560.0,174.0,239.0,205.0,1310.0,1
2808.0,54.0,20.0,150.0,32.0,1422.0,227.0,194.0,92.0,2521.0,1
2875.0,39.0,23.0,124.0,40.0,3398.0,215.0,184.0,95.0,2460.0,0
2737.0,350.0,21.0,30.0,17.0,1788.0,179.0,201.0,157.0,3336.0,1
2943.0,180.0,7.0,60.0,4.0,1426.0,223.0,244.0,156.0,433.0,1
3341.0,155.0,25.0,618.0,180.0,1591.0,239.0,233.0,108.0,1170.0,0
2713.0,264.0,38.0,150.0,79.0,1256.0,102.0,226.0,246.0,1343.0,1
3035.0,69.0,23.0,626.0,252.0,1991.0,237.0,187.0,69.0,2092.0,0
3064.0,162.0,5.0,95.0,9.0,1797.0,225.0,241.0,150.0,1855.0,0
3093.0,236.0,5.0,430.0,56.0,2338.0,211.0,245.0,172.0,1150.0,1
3023.0,316.0,24.0,451.0,97.0,2065.0,148.0,211.0,199.0,1410.0,1
3212.0,8.0,18.0,997.0,405.0,1550.0,195.0,200.0,139.0,853.0,0
2946.0,155.0,10.0,212.0,44.0,3352.0,232.0,241.0,140.0,1784.0,1
2667.0,34.0,26.0,256.0,122.0,1476.0,205.0,172.0,89.0,1379.0,1
2878.0,301.0,10.0,42.0,-3.0,5597.0,192.0,236.0,183.0,999.0,1
2729.0,124.0,3.0,218.0,-8.0,1129.0,225.0,237.0,146.0,1355.0,1
3320.0,203.0,28.0,277.0,86.0,984.0,193.0,251.0,176.0,939.0,0
2998.0,254.0,6.0,607.0,89.0,5644.0,206.0,244.0,176.0,2879.0,1
2814.0,50.0,24.0,67.0,32.0,1460.0,222.0,180.0,79.0,1854.0,1
3044.0,69.0,16.0,60.0,0.0,960.0,235.0,206.0,98.0,1533.0,0
2880.0,288.0,21.0,60.0,21.0,2644.0,158.0,233.0,213.0,306.0,1
3232.0,268.0,8.0,277.0,8.0,5943.0,199.0,243.0,184.0,1213.0,0
3190.0,316.0,16.0,150.0,47.0,4763.0,176.0,225.0,188.0,1001.0,0
3515.0,111.0,24.0,805.0,230.0,2230.0,253.0,206.0,67.0,1507.0,0
3065.0,302.0,23.0,553.0,248.0,1798.0,149.0,222.0,210.0,630.0,1
2911.0,331.0,12.0,175.0,21.0,2964.0,192.0,225.0,172.0,1716.0,0
3174.0,18.0,18.0,895.0,98.0,2908.0,202.0,198.0,128.0,2439.0,1
2583.0,344.0,7.0,270.0,67.0,1707.0,206.0,229.0,162.0,1909.0,1
3073.0,150.0,11.0,458.0,48.0,1626.0,235.0,240.0,134.0,722.0,0
2756.0,72.0,10.0,30.0,5.0,1806.0,232.0,220.0,119.0,2761.0,1
3238.0,236.0,2.0,433.0,59.0,4575.0,216.0,240.0,162.0,2831.0,0
3257.0,13.0,11.0,150.0,12.0,4585.0,210.0,218.0,145.0,765.0,0
2924.0,123.0,8.0,636.0,158.0,2467.0,234.0,234.0,132.0,560.0,0
2770.0,31.0,6.0,0.0,0.0,3376.0,219.0,228.0,145.0,3020.0,0
2785.0,3.0,14.0,242.0,41.0,2355.0,200.0,212.0,148.0,571.0,1
3138.0,168.0,18.0,977.0,86.0,3065.0,231.0,244.0,137.0,2605.0,1
3037.0,29.0,22.0,696.0,267.0,1868.0,206.0,185.0,106.0,2170.0,0
2948.0,19.0,14.0,210.0,67.0,1380.0,208.0,209.0,135.0,1890.0,1
2821.0,17.0,13.0,212.0,82.0,3369.0,208.0,211.0,138.0,6073.0,0
3090.0,339.0,4.0,67.0,6.0,5206.0,211.0,234.0,161.0,1045.0,0
3025.0,69.0,11.0,67.0,7.0,3375.0,232.0,218.0,116.0,360.0,0
3250.0,122.0,14.0,722.0,36.0,3887.0,243.0,228.0,110.0,2838.0,0
3302.0,333.0,14.0,323.0,73.0,3985.0,186.0,221.0,174.0,1320.0,0
3149.0,40.0,13.0,0.0,0.0,3516.0,221.0,212.0,124.0,4830.0,0
3204.0,242.0,5.0,534.0,81.0,1425.0,211.0,243.0,170.0,2336.0,0
2566.0,36.0,11.0,272.0,45.0,120.0,219.0,215.0,130.0,721.0,1
2587.0,68.0,4.0,210.0,-1.0,674.0,224.0,231.0,142.0,5569.0,1
3177.0,96.0,2.0,30.0,-2.0,3481.0,223.0,236.0,149.0,3203.0,0
2916.0,203.0,18.0,342.0,30.0,1634.0,208.0,253.0,174.0,1585.0,1
3231.0,18.0,17.0,366.0,57.0,1673.0,204.0,201.0,130.0,2086.0,1
3185.0,12.0,10.0,518.0,43.0,2898.0,210.0,220.0,146.0,4781.0,0
3147.0,22.0,7.0,335.0,65.0,5053.0,216.0,225.0,146.0,382.0,1
3093.0,336.0,17.0,376.0,2.0,2543.0,181.0,216.0,172.0,962.0,0
2806.0,277.0,8.0,216.0,75.0,2389.0,198.0,242.0,183.0,722.0,1
3135.0,45.0,1.0,150.0,4.0,2719.0,219.0,236.0,154.0,1008.0,1
3145.0,229.0,5.0,108.0,2.0,4511.0,212.0,245.0,169.0,1026.0,0
3189.0,333.0,20.0,210.0,27.0,1914.0,169.0,209.0,177.0,2173.0,0
3095.0,196.0,23.0,931.0,112.0,3166.0,207.0,252.0,167.0,2202.0,1
3076.0,35.0,6.0,218.0,12.0,2735.0,219.0,227.0,144.0,1710.0,1
2920.0,129.0,6.0,30.0,-1.0,1801.0,230.0,236.0,139.0,2435.0,1
2909.0,22.0,9.0,0.0,0.0,4595.0,215.0,221.0,143.0,5885.0,1
3321.0,73.0,16.0,301.0,31.0,3387.0,237.0,209.0,99.0,1761.0,0
2969.0,326.0,11.0,30.0,4.0,283.0,194.0,228.0,174.0,859.0,0
3239.0,76.0,32.0,335.0,202.0,3800.0,240.0,162.0,27.0,2564.0,0
3090.0,76.0,9.0,30.0,7.0,2325.0,232.0,223.0,124.0,1269.0,0
2676.0,16.0,9.0,124.0,-5.0,1634.0,212.0,222.0,146.0,5613.0,1
3211.0,112.0,31.0,366.0,172.0,3600.0,254.0,191.0,40.0,2192.0,0
3098.0,155.0,23.0,309.0,108.0,424.0,239.0,235.0,112.0,1728.0,1
3132.0,49.0,17.0,698.0,137.0,2203.0,225.0,200.0,103.0,2684.0,0
2996.0,72.0,28.0,210.0,64.0,1974.0,238.0,175.0,49.0,3010.0,0
3083.0,351.0,27.0,108.0,32.0,993.0,161.0,183.0,152.0,2067.0,0
3162.0,264.0,14.0,162.0,31.0,1708.0,184.0,246.0,201.0,2165.0,0
2924.0,140.0,21.0,335.0,122.0,342.0,246.0,229.0,102.0,1198.0,0
2482.0,287.0,10.0,67.0,13.0,120.0,193.0,240.0,187.0,362.0,1
3105.0,41.0,14.0,108.0,18.0,5066.0,221.0,209.0,121.0,1487.0,0
2687.0,51.0,10.0,510.0,-21.0,837.0,225.0,219.0,127.0,1786.0,1
2184.0,6.0,21.0,153.0,38.0,335.0,190.0,195.0,137.0,446.0,1
2965.0,104.0,2.0,256.0,11.0,5011.0,222.0,236.0,150.0,2480.0,0
2772.0,66.0,17.0,90.0,19.0,2806.0,234.0,203.0,95.0,6401.0,1
3095.0,308.0,11.0,0.0,0.0,4780.0,190.0,233.0,183.0,1350.0,0
3257.0,172.0,7.0,335.0,23.0,342.0,225.0,244.0,152.0,741.0,0
3050.0,11.0,15.0,42.0,6.0,3694.0,203.0,207.0,139.0,2746.0,0
3174.0,208.0,21.0,418.0,139.0,3203.0,200.0,254.0,181.0,1053.0,0
2970.0,212.0,9.0,424.0,95.0,4436.0,213.0,248.0,171.0,1766.0,1
3339.0,98.0,3.0,67.0,13.0,1351.0,225.0,234.0,145.0,1557.0,0
3013.0,354.0,13.0,242.0,33.0,4395.0,198.0,217.0,157.0,771.0,1
3175.0,219.0,12.0,67.0,-3.0,2989.0,206.0,251.0,180.0,1031.0,1
3208.0,334.0,7.0,713.0,95.0,3346.0,204.0,231.0,166.0,3666.0,0
3008.0,163.0,8.0,674.0,63.0,2165.0,228.0,242.0,147.0,2419.0,1
2991.0,69.0,13.0,335.0,7.0,3840.0,233.0,214.0,110.0,4811.0,1
2969.0,299.0,15.0,124.0,14.0,1595.0,178.0,233.0,195.0,1448.0,1
2993.0,158.0,16.0,150.0,24.0,4953.0,235.0,241.0,131.0,703.0,1
2804.0,40.0,16.0,218.0,75.0,1332.0,220.0,204.0,114.0,2669.0,1
3271.0,0.0,3.0,1020.0,161.0,1956.0,215.0,234.0,156.0,2455.0,0
3236.0,338.0,15.0,808.0,99.0,2061.0,186.0,217.0,170.0,604.0,0
3245.0,218.0,6.0,313.0,-29.0,2825.0,214.0,246.0,168.0,395.0,1
2597.0,88.0,14.0,150.0,29.0,1104.0,241.0,215.0,101.0,1301.0,1
3233.0,241.0,7.0,658.0,0.0,511.0,206.0,246.0,178.0,742.0,1
3231.0,118.0,18.0,474.0,28.0,1604.0,248.0,221.0,94.0,1380.0,1
2932.0,122.0,9.0,642.0,42.0,4664.0,236.0,233.0,127.0,5304.0,1
3121.0,179.0,12.0,153.0,5.0,2054.0,225.0,247.0,153.0,612.0,0
3193.0,34.0,2.0,612.0,98.0,5277.0,219.0,235.0,153.0,2190.0,0
2861.0,352.0,5.0,256.0,30.0,2393.0,211.0,231.0,158.0,2502.0,1
3198.0,334.0,14.0,638.0,7.0,3157.0,187.0,221.0,172.0,3411.0,0
3400.0,335.0,17.0,497.0,178.0,930.0,178.0,214.0,174.0,1324.0,0
3166.0,293.0,9.0,150.0,29.0,2197.0,195.0,238.0,183.0,700.0,0
2824.0,344.0,11.0,85.0,13.0,2275.0,198.0,223.0,164.0,2190.0,0
3191.0,70.0,15.0,0.0,0.0,2081.0,235.0,210.0,102.0,2263.0,0
3259.0,160.0,28.0,150.0,47.0,4036.0,235.0,232.0,107.0,3121.0,0
2703.0,213.0,14.0,150.0,17.0,2200.0,207.0,252.0,179.0,1758.0,1
2995.0,155.0,30.0,134.0,58.0,3376.0,239.0,226.0,93.0,1061.0,1
3012.0,18.0,3.0,30.0,2.0,3226.0,217.0,233.0,153.0,1124.0,0
2890.0,318.0,20.0,162.0,40.0,5865.0,162.0,217.0,193.0,4656.0,1
2656.0,261.0,12.0,108.0,14.0,864.0,191.0,246.0,194.0,1530.0,1
3230.0,212.0,20.0,834.0,140.0,437.0,199.0,254.0,184.0,2780.0,1
3093.0,174.0,14.0,0.0,0.0,2257.0,227.0,246.0,148.0,3543.0,0
2909.0,180.0,16.0,408.0,-32.0,5341.0,224.0,248.0,151.0,3960.0,1
2991.0,101.0,10.0,90.0,19.0,5120.0,236.0,227.0,121.0,4032.0,0
2856.0,39.0,9.0,30.0,5.0,3070.0,221.0,219.0,133.0,4156.0,1
2720.0,184.0,15.0,330.0,-15.0,601.0,223.0,249.0,155.0,660.0,1
3184.0,213.0,24.0,924.0,93.0,4134.0,190.0,254.0,189.0,1087.0,1
3298.0,49.0,25.0,242.0,91.0,1983.0,222.0,178.0,77.0,2226.0,0
3221.0,27.0,2.0,60.0,3.0,3168.0,218.0,234.0,153.0,1622.0,0
3205.0,219.0,6.0,524.0,14.0,6020.0,213.0,246.0,169.0,3097.0,1
2980.0,355.0,6.0,90.0,0.0,5332.0,211.0,230.0,157.0,2496.0,0
3280.0,34.0,15.0,309.0,88.0,1142.0,216.0,206.0,121.0,1717.0,0
2729.0,226.0,18.0,67.0,21.0,1140.0,192.0,254.0,195.0,2382.0,1
2894.0,154.0,9.0,277.0,62.0,781.0,231.0,241.0,141.0,1532.0,1
3092.0,68.0,10.0,42.0,5.0,1657.0,231.0,220.0,121.0,297.0,0
3398.0,214.0,28.0,443.0,88.0,3595.0,181.0,252.0,193.0,825.0,0
3101.0,125.0,15.0,90.0,3.0,2017.0,244.0,228.0,110.0,2197.0,0
3072.0,354.0,17.0,124.0,34.0,1811.0,191.0,209.0,155.0,1995.0,0
3023.0,113.0,10.0,474.0,3.0,1624.0,238.0,229.0,120.0,1396.0,1
2929.0,13.0,12.0,30.0,5.0,1739.0,208.0,216.0,143.0,1218.0,0
2844.0,95.0,22.0,90.0,17.0,5437.0,249.0,203.0,72.0,4507.0,0
2995.0,266.0,6.0,306.0,51.0,134.0,204.0,243.0,177.0,1253.0,1
2777.0,229.0,25.0,162.0,5.0,1451.0,174.0,253.0,207.0,1448.0,1
3192.0,186.0,15.0,366.0,60.0,467.0,221.0,250.0,158.0,4884.0,1
3068.0,61.0,21.0,60.0,-12.0,641.0,232.0,193.0,84.0,1532.0,0
2642.0,176.0,28.0,90.0,38.0,1181.0,221.0,242.0,134.0,2345.0,1
3089.0,12.0,7.0,524.0,-15.0,2741.0,213.0,226.0,150.0,785.0,0
3444.0,184.0,10.0,524.0,88.0,2760.0,223.0,247.0,157.0,1610.0,0
3092.0,241.0,14.0,592.0,85.0,6046.0,192.0,251.0,196.0,1590.0,1
2769.0,25.0,4.0,190.0,15.0,2720.0,218.0,231.0,150.0,1920.0,1
2864.0,139.0,16.0,631.0,85.0,2195.0,242.0,233.0,116.0,1756.0,1
2888.0,158.0,17.0,85.0,20.0,1529.0,236.0,241.0,129.0,2700.0,1
3044.0,102.0,24.0,379.0,177.0,6231.0,252.0,200.0,62.0,3973.0,1
3101.0,16.0,4.0,342.0,86.0,4790.0,216.0,231.0,152.0,335.0,1
3418.0,202.0,15.0,466.0,83.0,2853.0,211.0,252.0,172.0,1608.0,0
2998.0,211.0,19.0,0.0,0.0,1907.0,201.0,254.0,182.0,277.0,0
3216.0,211.0,18.0,42.0,5.0,2190.0,203.0,254.0,181.0,3879.0,0
3192.0,297.0,17.0,424.0,82.0,1195.0,171.0,233.0,201.0,2678.0,0
3150.0,34.0,16.0,127.0,18.0,499.0,216.0,203.0,118.0,5414.0,0
3139.0,117.0,28.0,153.0,26.0,781.0,254.0,202.0,56.0,1637.0,0
2860.0,0.0,11.0,0.0,0.0,4049.0,204.0,220.0,153.0,6148.0,1
3101.0,313.0,17.0,469.0,61.0,5118.0,172.0,225.0,192.0,691.0,1
3243.0,137.0,20.0,150.0,19.0,2835.0,246.0,228.0,101.0,2980.0,0
2730.0,31.0,10.0,42.0,0.0,1296.0,218.0,219.0,136.0,691.0,1
2645.0,59.0,6.0,30.0,1.0,42.0,224.0,228.0,139.0,778.0,1
3246.0,207.0,4.0,339.0,32.0,4737.0,217.0,244.0,163.0,726.0,1
2952.0,255.0,22.0,402.0,131.0,1092.0,164.0,248.0,218.0,283.0,1
2951.0,1.0,19.0,646.0,48.0,3097.0,189.0,200.0,145.0,1533.0,1
3172.0,29.0,12.0,30.0,1.0,912.0,216.0,213.0,132.0,2496.0,0
3271.0,73.0,13.0,793.0,190.0,1430.0,235.0,213.0,107.0,3226.0,0
3018.0,27.0,11.0,234.0,43.0,5274.0,216.0,216.0,136.0,3881.0,0
3495.0,44.0,22.0,787.0,280.0,2457.0,219.0,185.0,90.0,1765.0,0
2991.0,51.0,9.0,234.0,13.0,5184.0,225.0,221.0,129.0,6157.0,1
2762.0,70.0,12.0,484.0,44.0,1556.0,233.0,215.0,112.0,2844.0,1
3254.0,259.0,14.0,767.0,188.0,6249.0,185.0,247.0,200.0,1830.0,1
2721.0,13.0,23.0,30.0,12.0,2206.0,192.0,187.0,125.0,330.0,1
3210.0,254.0,13.0,30.0,-9.0,3636.0,190.0,248.0,196.0,1706.0,0
3233.0,72.0,8.0,201.0,17.0,603.0,230.0,224.0,127.0,1872.0,0
2801.0,151.0,12.0,150.0,20.0,3487.0,235.0,240.0,134.0,3177.0,0
3220.0,72.0,3.0,335.0,18.0,2482.0,223.0,233.0,146.0,1438.0,0
3138.0,152.0,14.0,408.0,-22.0,964.0,237.0,239.0,130.0,1259.0,1
2949.0,308.0,17.0,216.0,56.0,5113.0,171.0,227.0,195.0,1184.0,1
3141.0,174.0,9.0,323.0,18.0,216.0,226.0,245.0,152.0,4890.0,1
3105.0,55.0,8.0,120.0,9.0,5452.0,225.0,223.0,132.0,932.0,0
3174.0,55.0,4.0,150.0,0.0,1920.0,222.0,231.0,145.0,618.0,0
2793.0,41.0,9.0,242.0,30.0,1663.0,221.0,219.0,132.0,1826.0,1
3207.0,29.0,7.0,268.0,26.0,5712.0,218.0,224.0,142.0,2290.0,0
3264.0,266.0,12.0,543.0,121.0,4361.0,189.0,245.0,196.0,1234.0,1
2817.0,331.0,28.0,256.0,111.0,2948.0,145.0,194.0,182.0,1801.0,1
3292.0,140.0,12.0,859.0,157.0,808.0,237.0,236.0,128.0,2279.0,1
3296.0,289.0,16.0,295.0,78.0,3391.0,174.0,237.0,202.0,1930.0,0
2551.0,45.0,10.0,60.0,9.0,1549.0,223.0,217.0,128.0,4456.0,1
3325.0,283.0,19.0,859.0,200.0,3887.0,165.0,237.0,211.0,2313.0,1
3180.0,57.0,13.0,540.0,120.0,1543.0,228.0,211.0,114.0,2278.0,0
3128.0,3.0,16.0,0.0,0.0,1050.0,196.0,207.0,146.0,503.0,0
3159.0,97.0,8.0,418.0,25.0,4424.0,233.0,229.0,129.0,2016.0,1
3205.0,330.0,12.0,175.0,33.0,4709.0,192.0,226.0,173.0,1451.0,0
3274.0,99.0,16.0,511.0,1.0,912.0,245.0,216.0,95.0,2731.0,0
2984.0,197.0,19.0,256.0,34.0,2460.0,212.0,252.0,168.0,997.0,0
2917.0,17.0,11.0,469.0,75.0,2597.0,211.0,218.0,142.0,1273.0,0
3091.0,216.0,15.0,150.0,6.0,1729.0,203.0,253.0,183.0,691.0,0
2875.0,114.0,26.0,0.0,0.0,242.0,253.0,205.0,62.0,1476.0,0
3270.0,15.0,7.0,765.0,79.0,5977.0,214.0,226.0,149.0,2706.0,1
2869.0,0.0,4.0,454.0,71.0,2155.0,213.0,232.0,156.0,1731.0,1
2778.0,81.0,6.0,0.0,0.0,3113.0,228.0,230.0,136.0,6349.0,1
3229.0,135.0,2.0,150.0,8.0,5798.0,222.0,238.0,152.0,1740.0,0
3165.0,207.0,35.0,242.0,-22.0,1998.0,175.0,246.0,182.0,3569.0,0
3130.0,49.0,4.0,180.0,11.0,2218.0,222.0,230.0,144.0,2222.0,1
3084.0,5.0,8.0,150.0,5.0,5032.0,210.0,224.0,152.0,967.0,0
3062.0,53.0,18.0,785.0,141.0,1301.0,227.0,197.0,97.0,426.0,0
2976.0,147.0,25.0,301.0,69.0,1214.0,244.0,228.0,97.0,768.0,1
2636.0,55.0,13.0,85.0,26.0,1556.0,228.0,211.0,113.0,182.0,1
3109.0,144.0,14.0,170.0,33.0,4630.0,239.0,236.0,123.0,1183.0,0
3160.0,92.0,12.0,391.0,89.0,376.0,239.0,221.0,110.0,816.0,1
3363.0,163.0,13.0,524.0,34.0,973.0,232.0,243.0,140.0,4270.0,0
3337.0,45.0,28.0,190.0,48.0,4475.0,214.0,166.0,69.0,741.0,0
3352.0,14.0,9.0,30.0,-2.0,1549.0,212.0,222.0,147.0,3424.0,0
2763.0,175.0,8.0,0.0,0.0,3817.0,225.0,244.0,153.0,1234.0,1
2877.0,81.0,17.0,218.0,72.0,242.0,241.0,208.0,92.0,1282.0,1
2837.0,318.0,13.0,150.0,33.0,2250.0,187.0,228.0,182.0,2130.0,0
3036.0,135.0,25.0,192.0,54.0,841.0,249.0,220.0,82.0,2827.0,0
2454.0,37.0,14.0,30.0,-4.0,503.0,219.0,209.0,123.0,1198.0,1
2649.0,144.0,15.0,108.0,32.0,1611.0,240.0,236.0,122.0,5202.0,1
3402.0,333.0,8.0,484.0,81.0,1660.0,201.0,229.0,168.0,2112.0,0
3567.0,24.0,16.0,618.0,155.0,2808.0,209.0,203.0,127.0,1577.0,0
2863.0,328.0,17.0,85.0,11.0,2947.0,177.0,218.0,179.0,2728.0,1
2931.0,327.0,18.0,67.0,14.0,4574.0,173.0,217.0,182.0,2307.0,1
3224.0,25.0,11.0,552.0,86.0,2456.0,215.0,216.0,137.0,3425.0,0
2978.0,28.0,13.0,175.0,30.0,3926.0,215.0,212.0,132.0,1158.0,1
3184.0,291.0,4.0,0.0,0.0,361.0,208.0,239.0,169.0,1142.0,0
2296.0,327.0,23.0,85.0,24.0,175.0,159.0,208.0,185.0,1040.0,1
3410.0,348.0,7.0,638.0,214.0,741.0,207.0,229.0,160.0,810.0,0
3168.0,132.0,6.0,674.0,-3.0,4363.0,229.0,237.0,141.0,1948.0,0
2732.0,2.0,19.0,60.0,19.0,2975.0,190.0,200.0,144.0,6340.0,0
3053.0,355.0,21.0,967.0,273.0,1050.0,182.0,199.0,151.0,1505.0,0
3091.0,163.0,15.0,342.0,93.0,1832.0,233.0,243.0,136.0,2155.0,1
2938.0,207.0,24.0,212.0,104.0,850.0,196.0,254.0,182.0,497.0,1
2748.0,139.0,5.0,30.0,-1.0,1914.0,228.0,238.0,144.0,895.0,1
3234.0,245.0,13.0,283.0,52.0,924.0,192.0,250.0,195.0,256.0,0
2820.0,219.0,14.0,120.0,32.0,2097.0,204.0,252.0,183.0,1872.0,1
3085.0,292.0,19.0,153.0,-18.0,1008.0,164.0,233.0,208.0,2684.0,0
3243.0,58.0,16.0,95.0,20.0,3360.0,230.0,204.0,102.0,3137.0,1
3244.0,45.0,12.0,319.0,23.0,3782.0,223.0,214.0,124.0,3239.0,0
3248.0,129.0,26.0,192.0,-82.0,552.0,252.0,214.0,72.0,3653.0,1
3009.0,37.0,14.0,134.0,43.0,1486.0,219.0,207.0,121.0,1426.0,1
3081.0,348.0,15.0,108.0,33.0,1852.0,191.0,214.0,161.0,1972.0,0
3145.0,141.0,18.0,170.0,67.0,127.0,243.0,233.0,112.0,2652.0,0
3263.0,264.0,5.0,342.0,28.0,4414.0,208.0,242.0,173.0,752.0,0
2666.0,60.0,11.0,256.0,-41.0,1075.0,229.0,216.0,119.0,2279.0,1
2981.0,53.0,14.0,769.0,216.0,1616.0,227.0,209.0,112.0,2028.0,1
3230.0,32.0,26.0,60.0,42.0,1324.0,204.0,173.0,93.0,2682.0,0
2706.0,92.0,17.0,95.0,16.0,1230.0,245.0,211.0,89.0,808.0,1
3146.0,124.0,13.0,120.0,6.0,750.0,241.0,231.0,117.0,2185.0,0
3019.0,162.0,12.0,30.0,3.0,792.0,232.0,243.0,140.0,1473.0,1
3177.0,124.0,22.0,170.0,43.0,2308.0,251.0,218.0,84.0,3144.0,0
2990.0,5.0,23.0,660.0,121.0,2416.0,184.0,190.0,137.0,1956.0,1
2610.0,136.0,30.0,67.0,28.0,1240.0,250.0,211.0,66.0,811.0,1
2890.0,25.0,4.0,0.0,0.0,1811.0,218.0,231.0,150.0,933.0,0
2788.0,42.0,7.0,242.0,59.0,3030.0,221.0,225.0,139.0,6272.0,1
3182.0,83.0,6.0,313.0,50.0,3187.0,229.0,230.0,135.0,3428.0,0
3249.0,209.0,8.0,433.0,15.0,421.0,214.0,248.0,169.0,655.0,0
3120.0,140.0,16.0,108.0,29.0,5019.0,242.0,234.0,116.0,1571.0,0
2740.0,176.0,15.0,42.0,8.0,2184.0,226.0,247.0,149.0,871.0,1
2757.0,82.0,12.0,390.0,7.0,1632.0,237.0,219.0,111.0,1753.0,1
3098.0,359.0,22.0,543.0,30.0,2051.0,182.0,194.0,146.0,1406.0,1
3057.0,31.0,14.0,127.0,23.0,6796.0,216.0,209.0,127.0,3108.0,1
2803.0,252.0,34.0,60.0,32.0,2107.0,127.0,239.0,237.0,1415.0,0
3058.0,335.0,11.0,451.0,85.0,2318.0,195.0,225.0,169.0,1177.0,0
2642.0,113.0,32.0,153.0,97.0,1571.0,254.0,189.0,35.0,1406.0,1
3435.0,354.0,13.0,768.0,148.0,2375.0,197.0,216.0,156.0,1443.0,0
3080.0,137.0,8.0,421.0,81.0,5394.0,232.0,237.0,137.0,3388.0,1
2906.0,261.0,13.0,228.0,10.0,5702.0,188.0,247.0,197.0,6322.0,0
2883.0,105.0,24.0,95.0,-9.0,5415.0,252.0,202.0,64.0,4298.0,1
2885.0,328.0,21.0,256.0,85.0,2105.0,166.0,212.0,183.0,1276.0,0
3349.0,211.0,11.0,150.0,18.0,3150.0,212.0,250.0,173.0,1822.0,0
3275.0,315.0,6.0,190.0,31.0,5580.0,205.0,235.0,170.0,437.0,1
2977.0,146.0,5.0,268.0,75.0,1641.0,228.0,239.0,145.0,2771.0,1
3110.0,34.0,26.0,180.0,56.0,3542.0,207.0,175.0,91.0,1500.0,0
2903.0,43.0,8.0,85.0,5.0,3388.0,222.0,222.0,135.0,4105.0,1
3168.0,80.0,4.0,360.0,-6.0,3799.0,225.0,232.0,142.0,4451.0,0
3034.0,113.0,7.0,808.0,115.0,5371.0,233.0,233.0,132.0,5819.0,1
3200.0,14.0,16.0,437.0,128.0,2003.0,203.0,206.0,137.0,2241.0,0
3020.0,189.0,16.0,1060.0,139.0,3132.0,219.0,250.0,160.0,1458.0,1
3374.0,205.0,18.0,430.0,73.0,2958.0,207.0,253.0,176.0,1419.0,0
2498.0,53.0,11.0,0.0,0.0,255.0,227.0,215.0,121.0,576.0,1
2919.0,290.0,15.0,240.0,-11.0,2048.0,176.0,237.0,201.0,1288.0,1
3004.0,180.0,8.0,247.0,29.0,5919.0,223.0,245.0,155.0,3690.0,1
3178.0,294.0,16.0,120.0,16.0,1865.0,175.0,235.0,200.0,2173.0,0
2967.0,23.0,6.0,192.0,7.0,1328.0,216.0,227.0,147.0,1958.0,1
3022.0,313.0,10.0,391.0,49.0,2704.0,192.0,232.0,180.0,190.0,0
2833.0,349.0,25.0,242.0,56.0,1240.0,166.0,190.0,157.0,1702.0,1
3085.0,96.0,14.0,514.0,22.0,295.0,241.0,219.0,105.0,1421.0,1
3143.0,168.0,10.0,212.0,21.0,2233.0,228.0,244.0,147.0,702.0,1
2716.0,344.0,35.0,150.0,3.0,1784.0,131.0,164.0,157.0,4357.0,1
3262.0,304.0,5.0,283.0,64.0,2873.0,205.0,237.0,171.0,1201.0,0
2949.0,333.0,5.0,0.0,0.0,1543.0,208.0,233.0,164.0,2120.0,0
2947.0,120.0,20.0,228.0,86.0,1664.0,249.0,219.0,89.0,1782.0,1
2959.0,298.0,17.0,323.0,39.0,4913.0,170.0,232.0,201.0,1879.0,1
3458.0,77.0,19.0,579.0,24.0,2577.0,240.0,201.0,84.0,2021.0,0
3305.0,73.0,22.0,242.0,102.0,4775.0,239.0,194.0,74.0,218.0,0
2759.0,45.0,18.0,162.0,65.0,1458.0,222.0,199.0,105.0,932.0,1
3132.0,72.0,3.0,108.0,-3.0,4569.0,223.0,233.0,146.0,1872.0,0
2944.0,178.0,12.0,371.0,23.0,1897.0,225.0,247.0,152.0,1898.0,1
2642.0,55.0,20.0,42.0,-1.0,1630.0,228.0,194.0,91.0,2012.0,1
3169.0,282.0,29.0,240.0,-32.0,3324.0,127.0,227.0,232.0,2102.0,0
2896.0,101.0,12.0,454.0,108.0,1380.0,240.0,224.0,112.0,1630.0,1
3181.0,250.0,6.0,190.0,23.0,551.0,206.0,245.0,176.0,845.0,1
2840.0,341.0,9.0,484.0,85.0,1889.0,201.0,226.0,165.0,2826.0,1
3204.0,107.0,9.0,404.0,78.0,268.0,236.0,229.0,124.0,2097.0,0
2901.0,306.0,4.0,323.0,66.0,3047.0,208.0,237.0,168.0,2173.0,1
3221.0,280.0,11.0,384.0,88.0,3869.0,191.0,241.0,190.0,1549.0,0
3096.0,50.0,11.0,780.0,183.0,4279.0,225.0,215.0,123.0,4134.0,0
2922.0,63.0,3.0,85.0,-5.0,1301.0,222.0,233.0,146.0,3202.0,0
3109.0,348.0,12.0,85.0,16.0,2965.0,197.0,220.0,161.0,2250.0,0
2842.0,40.0,27.0,134.0,60.0,1524.0,211.0,169.0,78.0,1895.0,1
2939.0,79.0,4.0,30.0,-1.0,2071.0,224.0,233.0,144.0,1672.0,1
2781.0,349.0,14.0,170.0,28.0,2291.0,193.0,215.0,161.0,582.0,1
3040.0,90.0,11.0,537.0,68.0,2474.0,237.0,223.0,116.0,2364.0,0
3127.0,27.0,2.0,769.0,73.0,1987.0,218.0,234.0,153.0,2568.0,0
3001.0,162.0,2.0,750.0,29.0,5611.0,221.0,239.0,154.0,6260.0,0
3073.0,354.0,5.0,67.0,2.0,3223.0,212.0,231.0,157.0,1103.0,1
3241.0,155.0,12.0,331.0,11.0,4390.0,234.0,241.0,137.0,979.0,1
2786.0,82.0,13.0,108.0,16.0,1832.0,237.0,217.0,108.0,2808.0,1
3021.0,3.0,16.0,573.0,100.0,1431.0,196.0,207.0,146.0,365.0,1
3240.0,207.0,9.0,636.0,85.0,2182.0,214.0,248.0,169.0,1924.0,0
3105.0,68.0,4.0,192.0,2.0,3955.0,224.0,231.0,142.0,1816.0,1
2963.0,311.0,18.0,319.0,49.0,424.0,168.0,224.0,196.0,1451.0,1
3210.0,4.0,17.0,953.0,193.0,1939.0,195.0,205.0,145.0,2362.0,0
3262.0,29.0,8.0,258.0,49.0,1165.0,217.0,222.0,140.0,1907.0,0
3165.0,123.0,7.0,108.0,13.0,4565.0,231.0,235.0,137.0,2914.0,0
3202.0,171.0,21.0,120.0,22.0,3481.0,229.0,244.0,135.0,3079.0,0
2895.0,125.0,9.0,30.0,-1.0,1716.0,236.0,234.0,128.0,1917.0,1
3142.0,335.0,4.0,180.0,28.0,713.0,211.0,234.0,162.0,1084.0,0
2985.0,5.0,8.0,408.0,63.0,3653.0,210.0,225.0,152.0,1595.0,1
2789.0,27.0,8.0,0.0,0.0,3365.0,217.0,222.0,141.0,2874.0,0
2851.0,302.0,20.0,150.0,51.0,2130.0,161.0,227.0,205.0,1365.0,0
2805.0,151.0,14.0,124.0,20.0,2979.0,237.0,239.0,129.0,2400.0,1
2977.0,122.0,16.0,175.0,58.0,4112.0,246.0,225.0,102.0,2350.0,1
3190.0,330.0,10.0,430.0,25.0,1284.0,196.0,228.0,171.0,2331.0,0
2955.0,170.0,11.0,210.0,19.0,1660.0,228.0,245.0,148.0,641.0,1
2891.0,86.0,7.0,85.0,6.0,1691.0,231.0,228.0,130.0,1003.0,1
2909.0,294.0,6.0,42.0,-5.0,2123.0,202.0,239.0,176.0,1635.0,0
2978.0,69.0,16.0,134.0,16.0,3139.0,235.0,206.0,98.0,6613.0,0
3168.0,1.0,10.0,90.0,15.0,1434.0,206.0,222.0,153.0,2345.0,0
3074.0,56.0,10.0,108.0,15.0,700.0,227.0,218.0,124.0,1682.0,0
3195.0,329.0,12.0,95.0,17.0,976.0,190.0,225.0,174.0,778.0,0
3098.0,107.0,27.0,595.0,162.0,1276.0,253.0,197.0,53.0,2218.0,1
2859.0,333.0,26.0,120.0,36.0,2780.0,152.0,197.0,179.0,2053.0,1
2893.0,119.0,8.0,430.0,61.0,993.0,235.0,233.0,129.0,2518.0,0
3506.0,297.0,27.0,218.0,94.0,3144.0,136.0,220.0,220.0,1570.0,0
3103.0,75.0,18.0,175.0,-9.0,1231.0,239.0,202.0,87.0,2353.0,0
2552.0,65.0,8.0,190.0,31.0,60.0,228.0,224.0,130.0,700.0,1
2547.0,59.0,10.0,190.0,34.0,1397.0,228.0,220.0,125.0,4656.0,1
3305.0,133.0,26.0,516.0,124.0,1608.0,250.0,217.0,78.0,1165.0,0
2932.0,72.0,2.0,510.0,48.0,1448.0,222.0,234.0,149.0,1158.0,1
2845.0,39.0,20.0,0.0,0.0,636.0,217.0,192.0,102.0,268.0,0
3378.0,205.0,35.0,725.0,-88.0,3631.0,177.0,246.0,179.0,2419.0,0
3036.0,0.0,2.0,212.0,29.0,2900.0,216.0,235.0,156.0,430.0,0
3123.0,97.0,11.0,30.0,-2.0,3036.0,238.0,224.0,116.0,5349.0,0
3086.0,93.0,17.0,85.0,22.0,3171.0,245.0,212.0,90.0,3089.0,0
3269.0,66.0,13.0,216.0,80.0,2047.0,232.0,213.0,110.0,2407.0,0
2837.0,43.0,17.0,150.0,42.0,1460.0,221.0,200.0,109.0,2790.0,0
3185.0,328.0,13.0,67.0,26.0,5018.0,187.0,224.0,176.0,1172.0,0
2965.0,320.0,17.0,404.0,74.0,3198.0,174.0,221.0,186.0,1676.0,0
2933.0,14.0,10.0,124.0,24.0,4957.0,210.0,218.0,144.0,1801.0,0
3305.0,209.0,2.0,242.0,17.0,5775.0,217.0,241.0,161.0,540.0,0
2981.0,334.0,7.0,228.0,67.0,3499.0,204.0,231.0,166.0,1978.0,1
3110.0,225.0,1.0,30.0,1.0,560.0,217.0,239.0,159.0,1991.0,0
3160.0,323.0,17.0,192.0,59.0,1180.0,175.0,221.0,184.0,2132.0,0
3198.0,346.0,12.0,589.0,85.0,3446.0,197.0,221.0,162.0,3548.0,0
2863.0,27.0,10.0,330.0,19.0,2858.0,216.0,219.0,138.0,3772.0,1
2843.0,26.0,22.0,90.0,46.0,1613.0,204.0,188.0,112.0,2461.0,1
3242.0,190.0,22.0,458.0,146.0,3153.0,214.0,251.0,160.0,750.0,0
2656.0,5.0,19.0,42.0,11.0,1549.0,192.0,199.0,141.0,1958.0,1
3018.0,59.0,13.0,210.0,27.0,5515.0,230.0,211.0,112.0,4886.0,0
3165.0,338.0,3.0,108.0,-5.0,1718.0,214.0,235.0,160.0,648.0,0
3024.0,38.0,5.0,297.0,49.0,5009.0,220.0,228.0,144.0,3747.0,0
2673.0,354.0,7.0,30.0,7.0,1473.0,208.0,227.0,157.0,1168.0,1
2955.0,112.0,9.0,30.0,0.0,4611.0,235.0,231.0,127.0,5523.0,1
3103.0,9.0,20.0,511.0,111.0,2311.0,194.0,197.0,135.0,2470.0,0
3202.0,87.0,24.0,190.0,27.0,2216.0,247.0,192.0,60.0,4272.0,0
2995.0,117.0,17.0,60.0,10.0,3810.0,247.0,222.0,98.0,2446.0,1
2754.0,119.0,10.0,0.0,0.0,2059.0,237.0,232.0,125.0,2952.0,1
3165.0,129.0,12.0,218.0,25.0,663.0,240.0,232.0,120.0,2291.0,0
2678.0,231.0,20.0,42.0,12.0,1604.0,184.0,254.0,202.0,1296.0,0
2940.0,350.0,13.0,212.0,-6.0,2139.0,197.0,218.0,159.0,390.0,1
3139.0,83.0,12.0,170.0,13.0,335.0,237.0,218.0,110.0,5449.0,0
3034.0,18.0,2.0,351.0,57.0,5037.0,217.0,234.0,154.0,3653.0,1
3112.0,59.0,3.0,0.0,0.0,1831.0,221.0,233.0,148.0,3075.0,0
2975.0,1.0,10.0,573.0,7.0,4536.0,206.0,222.0,153.0,3193.0,0
3109.0,63.0,6.0,30.0,1.0,5376.0,226.0,227.0,135.0,3236.0,1
3088.0,56.0,16.0,85.0,2.0,2796.0,229.0,205.0,105.0,2059.0,0
2860.0,54.0,15.0,510.0,105.0,1506.0,228.0,207.0,109.0,755.0,1
2623.0,21.0,10.0,60.0,-10.0,939.0,214.0,219.0,141.0,6052.0,1
2883.0,339.0,13.0,85.0,16.0,4096.0,191.0,221.0,168.0,5997.0,1
2937.0,267.0,28.0,192.0,52.0,5108.0,138.0,238.0,232.0,1392.0,1
3085.0,188.0,12.0,300.0,54.0,1895.0,221.0,249.0,160.0,190.0,0
3205.0,58.0,9.0,806.0,67.0,2553.0,227.0,221.0,128.0,3198.0,0
2670.0,66.0,15.0,30.0,-2.0,1034.0,233.0,210.0,105.0,2098.0,1
2756.0,13.0,22.0,67.0,22.0,2482.0,194.0,191.0,127.0,552.0,1
2529.0,117.0,11.0,30.0,-6.0,700.0,239.0,230.0,120.0,301.0,1
3227.0,290.0,14.0,201.0,48.0,4546.0,180.0,237.0,197.0,3288.0,0
3221.0,172.0,2.0,60.0,0.0,5943.0,220.0,239.0,156.0,1561.0,0
3224.0,252.0,3.0,339.0,29.0,5945.0,213.0,241.0,166.0,1760.0,0
3084.0,200.0,22.0,67.0,20.0,2463.0,206.0,253.0,172.0,973.0,1
2851.0,121.0,23.0,60.0,23.0,95.0,252.0,215.0,78.0,1301.0,0
2847.0,313.0,23.0,85.0,27.0,4103.0,152.0,215.0,200.0,716.0,1
3185.0,294.0,25.0,85.0,13.0,3955.0,142.0,225.0,219.0,1565.0,0
2701.0,318.0,16.0,162.0,40.0,1226.0,175.0,223.0,187.0,1353.0,1
3242.0,130.0,7.0,256.0,-13.0,2888.0,232.0,236.0,136.0,874.0,0
3014.0,49.0,5.0,277.0,7.0,2754.0,222.0,228.0,141.0,1290.0,1
3278.0,324.0,19.0,595.0,206.0,3242.0,169.0,216.0,186.0,3428.0,1
2909.0,225.0,12.0,309.0,9.0,5583.0,204.0,251.0,183.0,6093.0,0
2865.0,3.0,5.0,470.0,16.0,2820.0,213.0,230.0,155.0,2885.0,1
3134.0,53.0,20.0,323.0,86.0,2880.0,227.0,193.0,91.0,940.0,0
3119.0,7.0,14.0,175.0,19.0,3432.0,201.0,211.0,145.0,2912.0,0
3003.0,81.0,14.0,430.0,68.0,5147.0,238.0,215.0,106.0,1956.0,0
2967.0,209.0,18.0,30.0,2.0,1529.0,204.0,254.0,180.0,525.0,1
2973.0,68.0,19.0,134.0,35.0,1954.0,236.0,200.0,88.0,2460.0,0
3155.0,253.0,8.0,313.0,45.0,1640.0,202.0,246.0,182.0,2458.0,0
3446.0,357.0,10.0,300.0,-6.0,1734.0,205.0,222.0,155.0,3589.0,0
3323.0,69.0,3.0,514.0,108.0,2125.0,223.0,233.0,145.0,2197.0,0
2802.0,5.0,11.0,564.0,80.0,3017.0,205.0,218.0,149.0,1426.0,1
2765.0,282.0,25.0,90.0,14.0,1588.0,145.0,233.0,224.0,1243.0,0
3260.0,141.0,12.0,371.0,-61.0,531.0,238.0,236.0,126.0,4078.0,1
3115.0,22.0,5.0,738.0,34.0,2029.0,217.0,229.0,149.0,2571.0,0
3048.0,339.0,13.0,30.0,7.0,3093.0,191.0,221.0,168.0,474.0,0
2689.0,57.0,16.0,511.0,41.0,3102.0,229.0,205.0,104.0,2821.0,0
3131.0,1.0,10.0,90.0,9.0,1992.0,206.0,222.0,153.0,2936.0,0
3191.0,220.0,4.0,360.0,59.0,1040.0,215.0,243.0,165.0,1871.0,1
2915.0,0.0,19.0,283.0,53.0,531.0,189.0,201.0,147.0,553.0,1
2753.0,50.0,14.0,598.0,15.0,1262.0,226.0,208.0,113.0,920.0,1
2719.0,91.0,11.0,201.0,26.0,1423.0,237.0,223.0,115.0,1861.0,1
2746.0,79.0,15.0,150.0,-11.0,1680.0,238.0,212.0,101.0,1273.0,1
3060.0,122.0,16.0,480.0,71.0,2580.0,245.0,226.0,105.0,2806.0,1
2885.0,199.0,25.0,255.0,113.0,1463.0,203.0,252.0,171.0,1867.0,1
2788.0,233.0,22.0,212.0,31.0,1549.0,178.0,253.0,206.0,1310.0,1
2983.0,135.0,5.0,192.0,19.0,3618.0,228.0,238.0,144.0,2322.0,0
3048.0,269.0,21.0,510.0,113.0,6000.0,160.0,242.0,218.0,1654.0,0
3055.0,8.0,12.0,60.0,8.0,351.0,206.0,217.0,147.0,1189.0,1
2943.0,308.0,23.0,212.0,40.0,937.0,150.0,218.0,205.0,2780.0,0
2964.0,344.0,8.0,400.0,154.0,1919.0,203.0,227.0,163.0,1006.0,0
3111.0,352.0,7.0,301.0,30.0,1136.0,208.0,229.0,158.0,2666.0,0
2861.0,316.0,15.0,42.0,7.0,3447.0,181.0,227.0,186.0,2697.0,0
3009.0,57.0,7.0,30.0,1.0,3921.0,225.0,226.0,136.0,1266.0,1
3195.0,148.0,20.0,350.0,104.0,5184.0,242.0,234.0,113.0,1606.0,0
2631.0,296.0,14.0,30.0,6.0,1441.0,180.0,235.0,195.0,812.0,1
2816.0,151.0,17.0,42.0,5.0,2193.0,239.0,238.0,121.0,2892.0,0
2921.0,129.0,16.0,832.0,126.0,2875.0,245.0,228.0,107.0,1613.0,1
3096.0,310.0,8.0,319.0,26.0,2482.0,197.0,234.0,177.0,2373.0,1
2554.0,137.0,10.0,30.0,3.0,1080.0,236.0,236.0,130.0,499.0,1
3361.0,320.0,12.0,150.0,20.0,3373.0,189.0,228.0,180.0,2258.0,0
3253.0,276.0,18.0,330.0,99.0,4703.0,170.0,241.0,210.0,3348.0,0
2862.0,156.0,17.0,454.0,196.0,2268.0,237.0,239.0,125.0,2028.0,1
3171.0,42.0,12.0,553.0,23.0,2139.0,222.0,214.0,126.0,1107.0,0
2748.0,285.0,3.0,376.0,21.0,1020.0,212.0,239.0,165.0,1842.0,1
3110.0,240.0,7.0,162.0,30.0,1260.0,208.0,246.0,176.0,1464.0,0
3209.0,86.0,22.0,95.0,43.0,1436.0,246.0,196.0,68.0,1357.0,1
3161.0,1.0,25.0,402.0,17.0,5975.0,175.0,184.0,139.0,1052.0,0
2664.0,151.0,18.0,30.0,3.0,2014.0,240.0,237.0,120.0,1682.0,1
3205.0,322.0,6.0,426.0,6.0,247.0,205.0,234.0,168.0,2040.0,0
3125.0,339.0,13.0,108.0,22.0,2097.0,191.0,221.0,168.0,1825.0,0
3221.0,23.0,18.0,390.0,22.0,458.0,207.0,200.0,124.0,1142.0,0
2978.0,143.0,10.0,150.0,16.0,4838.0,235.0,238.0,133.0,5756.0,1
3110.0,216.0,13.0,242.0,-16.0,2483.0,207.0,252.0,179.0,541.0,1
3212.0,187.0,6.0,67.0,0.0,2914.0,221.0,244.0,159.0,618.0,0
3046.0,132.0,12.0,0.0,0.0,3406.0,239.0,234.0,123.0,2493.0,0
3311.0,347.0,9.0,591.0,111.0,3570.0,204.0,226.0,161.0,4081.0,0
2821.0,6.0,25.0,108.0,36.0,1146.0,180.0,183.0,132.0,1812.0,1
3243.0,354.0,6.0,361.0,79.0,1793.0,209.0,229.0,158.0,2419.0,0
3120.0,319.0,9.0,85.0,0.0,1575.0,196.0,232.0,175.0,805.0,0
3278.0,14.0,10.0,256.0,35.0,1398.0,211.0,220.0,145.0,2016.0,0
3294.0,289.0,24.0,60.0,24.0,6035.0,147.0,230.0,219.0,677.0,0
2742.0,332.0,10.0,85.0,9.0,1666.0,196.0,227.0,171.0,2537.0,1
2583.0,100.0,5.0,331.0,13.0,2877.0,229.0,233.0,138.0,2770.0,0
2898.0,80.0,9.0,485.0,100.0,3048.0,233.0,223.0,122.0,433.0,1
3183.0,41.0,10.0,0.0,0.0,2667.0,221.0,218.0,131.0,2768.0,0
3406.0,57.0,12.0,509.0,121.0,2068.0,228.0,215.0,119.0,1597.0,0
2831.0,62.0,7.0,210.0,12.0,2695.0,226.0,226.0,134.0,4138.0,1
3189.0,75.0,3.0,175.0,31.0,1026.0,223.0,234.0,147.0,2108.0,0
3034.0,85.0,30.0,408.0,167.0,6349.0,246.0,175.0,36.0,3924.0,1
3324.0,122.0,19.0,258.0,54.0,3246.0,248.0,222.0,94.0,1130.0,0
3180.0,172.0,7.0,339.0,34.0,2359.0,225.0,243.0,152.0,878.0,0
2599.0,297.0,16.0,212.0,64.0,242.0,173.0,233.0,200.0,1560.0,1
2766.0,71.0,14.0,277.0,16.0,1671.0,235.0,213.0,107.0,1872.0,1
3296.0,243.0,5.0,124.0,1.0,1290.0,209.0,244.0,173.0,1396.0,0
2877.0,146.0,15.0,153.0,24.0,2655.0,239.0,237.0,123.0,2461.0,0
2703.0,40.0,8.0,300.0,11.0,828.0,221.0,223.0,137.0,300.0,1
3162.0,61.0,20.0,212.0,29.0,732.0,232.0,195.0,87.0,5245.0,0
3105.0,50.0,24.0,255.0,27.0,4761.0,222.0,179.0,77.0,3166.0,0
3187.0,152.0,10.0,1153.0,103.0,3055.0,233.0,240.0,138.0,2318.0,1
3083.0,11.0,16.0,713.0,170.0,4351.0,202.0,206.0,139.0,4039.0,0
3041.0,69.0,13.0,446.0,7.0,4250.0,233.0,214.0,110.0,3075.0,1
3144.0,18.0,3.0,30.0,-1.0,306.0,217.0,233.0,153.0,1531.0,0
2993.0,130.0,7.0,0.0,0.0,2631.0,233.0,236.0,136.0,666.0,0
2967.0,8.0,5.0,42.0,0.0,1702.0,214.0,230.0,153.0,3494.0,0
3060.0,18.0,15.0,594.0,144.0,4526.0,208.0,208.0,134.0,3701.0,0
3090.0,180.0,11.0,108.0,23.0,3205.0,224.0,247.0,154.0,5608.0,0
2610.0,50.0,21.0,201.0,42.0,1660.0,224.0,189.0,89.0,1388.0,1
3135.0,76.0,17.0,95.0,22.0,1194.0,238.0,207.0,93.0,2251.0,1
2668.0,39.0,20.0,342.0,73.0,1290.0,217.0,192.0,103.0,1944.0,1
2900.0,231.0,9.0,30.0,4.0,4912.0,206.0,249.0,180.0,1377.0,1
3108.0,307.0,5.0,270.0,29.0,1847.0,207.0,237.0,169.0,878.0,0
3268.0,90.0,6.0,150.0,8.0,6184.0,229.0,231.0,136.0,242.0,0
2887.0,264.0,27.0,297.0,66.0,1090.0,142.0,240.0,231.0,150.0,1
2952.0,153.0,7.0,247.0,0.0,4179.0,229.0,241.0,144.0,5690.0,1
2551.0,341.0,19.0,30.0,10.0,726.0,177.0,208.0,168.0,3237.0,1
2927.0,313.0,19.0,607.0,77.0,2190.0,164.0,221.0,196.0,1354.0,1
2963.0,66.0,12.0,30.0,-4.0,626.0,232.0,215.0,114.0,2336.0,1
3088.0,184.0,14.0,295.0,73.0,420.0,223.0,249.0,156.0,1315.0,1
2731.0,149.0,21.0,60.0,14.0,1396.0,242.0,234.0,110.0,1422.0,1
2892.0,226.0,17.0,342.0,149.0,2766.0,195.0,254.0,192.0,1087.0,1
2730.0,347.0,23.0,60.0,28.0,2965.0,169.0,196.0,161.0,1891.0,1
3194.0,42.0,13.0,330.0,0.0,2742.0,222.0,212.0,123.0,1092.0,0
2992.0,347.0,12.0,421.0,16.0,5305.0,196.0,220.0,162.0,1464.0,1
3204.0,359.0,9.0,553.0,60.0,6160.0,206.0,223.0,155.0,1236.0,0
3290.0,276.0,13.0,90.0,14.0,5476.0,185.0,242.0,197.0,711.0,0
2689.0,84.0,12.0,376.0,37.0,993.0,237.0,219.0,111.0,1852.0,1
3213.0,49.0,22.0,210.0,43.0,5423.0,223.0,185.0,86.0,1531.0,1
2955.0,22.0,7.0,0.0,0.0,2254.0,216.0,225.0,146.0,659.0,0
3118.0,0.0,12.0,732.0,327.0,1216.0,202.0,217.0,152.0,1173.0,0
3073.0,95.0,12.0,600.0,4.0,3750.0,239.0,222.0,112.0,4602.0,1
2880.0,132.0,17.0,124.0,28.0,2694.0,245.0,229.0,107.0,2014.0,1
2854.0,71.0,28.0,108.0,53.0,124.0,238.0,173.0,47.0,1396.0,0
2915.0,255.0,16.0,451.0,51.0,1831.0,182.0,248.0,203.0,1031.0,1
3236.0,325.0,4.0,95.0,8.0,592.0,210.0,235.0,163.0,1230.0,0
2839.0,236.0,32.0,216.0,140.0,2218.0,148.0,247.0,222.0,994.0,1
2562.0,123.0,15.0,60.0,2.0,1231.0,244.0,228.0,109.0,1484.0,1
3110.0,8.0,10.0,330.0,-64.0,1413.0,208.0,220.0,149.0,1243.0,0
3217.0,2.0,8.0,446.0,33.0,742.0,209.0,224.0,154.0,1770.0,0
3093.0,73.0,17.0,108.0,10.0,2964.0,237.0,205.0,93.0,5646.0,0
2874.0,54.0,7.0,361.0,23.0,2876.0,224.0,225.0,136.0,3701.0,1
3083.0,214.0,2.0,85.0,4.0,1880.0,217.0,240.0,160.0,1129.0,0
3031.0,62.0,16.0,658.0,13.0,4200.0,232.0,206.0,102.0,3245.0,1
2794.0,184.0,19.0,90.0,4.0,4342.0,221.0,249.0,154.0,5095.0,1
3216.0,51.0,19.0,42.0,1.0,1670.0,226.0,196.0,97.0,2464.0,0
3163.0,145.0,19.0,247.0,13.0,2268.0,243.0,233.0,112.0,1593.0,0
3014.0,63.0,3.0,212.0,39.0,3966.0,222.0,233.0,146.0,2326.0,1
2658.0,262.0,23.0,218.0,113.0,1140.0,156.0,244.0,223.0,1350.0,1
3279.0,352.0,7.0,0.0,0.0,700.0,208.0,228.0,158.0,847.0,0
2752.0,78.0,22.0,256.0,128.0,2820.0,242.0,193.0,69.0,6482.0,1
2990.0,159.0,8.0,210.0,11.0,1740.0,229.0,242.0,145.0,1310.0,1
2827.0,92.0,8.0,0.0,0.0,4609.0,233.0,228.0,128.0,4722.0,1
2845.0,40.0,17.0,212.0,42.0,2210.0,219.0,199.0,110.0,1550.0,1
2853.0,8.0,8.0,175.0,-15.0,1358.0,211.0,223.0,150.0,2771.0,1
3175.0,15.0,11.0,725.0,33.0,3417.0,210.0,216.0,142.0,3725.0,0
2933.0,208.0,16.0,120.0,22.0,1470.0,207.0,253.0,178.0,1463.0,1
2894.0,117.0,29.0,0.0,0.0,1107.0,254.0,201.0,53.0,1484.0,1
2579.0,244.0,28.0,30.0,10.0,1616.0,153.0,248.0,224.0,768.0,1
3072.0,38.0,8.0,67.0,3.0,2242.0,220.0,222.0,136.0,2236.0,0
2929.0,1.0,14.0,90.0,23.0,2758.0,199.0,213.0,150.0,1172.0,0
3250.0,307.0,26.0,134.0,9.0,3750.0,139.0,214.0,211.0,1565.0,0
3015.0,27.0,4.0,212.0,5.0,2809.0,218.0,230.0,149.0,1338.0,1
3283.0,87.0,19.0,330.0,101.0,1358.0,244.0,205.0,83.0,2412.0,1
2559.0,110.0,15.0,30.0,6.0,1590.0,244.0,223.0,104.0,4615.0,1
3135.0,22.0,13.0,558.0,67.0,5381.0,212.0,212.0,135.0,1585.0,0
3057.0,214.0,20.0,446.0,22.0,2976.0,198.0,254.0,186.0,1731.0,1
2945.0,202.0,11.0,190.0,32.0,5306.0,215.0,250.0,168.0,3578.0,1
2998.0,284.0,6.0,957.0,105.0,5831.0,204.0,240.0,176.0,6102.0,1
3037.0,25.0,10.0,850.0,118.0,5475.0,215.0,219.0,140.0,5578.0,1
3254.0,74.0,8.0,242.0,33.0,3745.0,230.0,226.0,129.0,3334.0,0
2519.0,24.0,24.0,234.0,76.0,900.0,199.0,181.0,109.0,960.0,1
3332.0,14.0,10.0,361.0,56.0,1099.0,211.0,220.0,145.0,511.0,0
3193.0,67.0,6.0,218.0,-23.0,2831.0,227.0,228.0,135.0,1761.0,0
2735.0,46.0,19.0,67.0,33.0,1279.0,222.0,194.0,99.0,2543.0,1
3412.0,296.0,29.0,242.0,61.0,3587.0,127.0,217.0,224.0,1277.0,0
3042.0,101.0,15.0,67.0,9.0,2868.0,244.0,218.0,99.0,2823.0,0
2911.0,320.0,8.0,150.0,38.0,2987.0,198.0,232.0,173.0,1869.0,1
2584.0,28.0,13.0,182.0,40.0,900.0,215.0,212.0,131.0,1338.0,1
3042.0,120.0,7.0,216.0,15.0,1950.0,232.0,235.0,136.0,1536.0,0
3041.0,20.0,17.0,424.0,59.0,2931.0,207.0,203.0,129.0,638.0,0
3124.0,131.0,16.0,60.0,8.0,480.0,244.0,230.0,109.0,2163.0,0
2795.0,280.0,16.0,362.0,63.0,175.0,176.0,240.0,204.0,1965.0,1
2990.0,297.0,8.0,60.0,7.0,1913.0,196.0,238.0,181.0,3551.0,0
2942.0,223.0,22.0,720.0,185.0,1167.0,186.0,254.0,198.0,1805.0,1
3034.0,328.0,20.0,400.0,105.0,1406.0,167.0,212.0,183.0,3126.0,0
2830.0,111.0,12.0,0.0,0.0,2616.0,241.0,227.0,114.0,2469.0,1
3029.0,0.0,19.0,0.0,0.0,2595.0,189.0,201.0,147.0,1532.0,0
3188.0,124.0,10.0,400.0,-6.0,953.0,238.0,233.0,125.0,1365.0,0
2878.0,128.0,8.0,306.0,0.0,966.0,233.0,235.0,134.0,2618.0,1
3155.0,35.0,15.0,360.0,118.0,2190.0,217.0,206.0,121.0,1084.0,0
3205.0,98.0,20.0,268.0,80.0,1518.0,248.0,208.0,79.0,2624.0,0
2953.0,291.0,4.0,0.0,0.0,1172.0,208.0,239.0,169.0,153.0,1
3039.0,319.0,5.0,192.0,13.0,1215.0,207.0,235.0,167.0,2664.0,1
3216.0,99.0,17.0,240.0,78.0,1691.0,246.0,214.0,91.0,2623.0,0
3286.0,201.0,12.0,295.0,53.0,2162.0,215.0,250.0,169.0,1209.0,1
3018.0,126.0,2.0,30.0,-2.0,3274.0,223.0,237.0,151.0,1418.0,0
3219.0,357.0,13.0,663.0,80.0,2044.0,198.0,215.0,154.0,309.0,0
3235.0,282.0,16.0,685.0,169.0,6166.0,174.0,239.0,205.0,1900.0,1
3003.0,44.0,20.0,553.0,15.0,1867.0,220.0,192.0,98.0,1020.0,0
3017.0,162.0,17.0,402.0,67.0,2552.0,234.0,242.0,132.0,1026.0,0
3068.0,354.0,51.0,192.0,51.0,2790.0,89.0,100.0,112.0,2352.0,0
3278.0,16.0,19.0,469.0,187.0,977.0,201.0,198.0,130.0,1891.0,1
2708.0,17.0,7.0,212.0,29.0,1328.0,214.0,225.0,147.0,3076.0,1
2832.0,66.0,5.0,256.0,31.0,1972.0,225.0,230.0,141.0,2697.0,0
3055.0,25.0,7.0,216.0,10.0,1050.0,217.0,225.0,145.0,1785.0,1
3119.0,180.0,10.0,150.0,24.0,1116.0,224.0,247.0,155.0,2012.0,0
2974.0,328.0,39.0,324.0,137.0,1554.0,101.0,166.0,187.0,1045.0,0
2955.0,51.0,21.0,446.0,39.0,3861.0,225.0,189.0,88.0,5838.0,1
2862.0,242.0,27.0,120.0,16.0,1842.0,157.0,249.0,221.0,1100.0,1
3142.0,348.0,11.0,648.0,-23.0,630.0,199.0,222.0,161.0,1677.0,0
2901.0,92.0,11.0,0.0,0.0,1216.0,237.0,223.0,116.0,484.0,0
3034.0,20.0,12.0,335.0,61.0,2539.0,211.0,213.0,137.0,2573.0,1
3069.0,199.0,19.0,201.0,24.0,3425.0,209.0,253.0,171.0,1165.0,1
2459.0,298.0,25.0,90.0,9.0,1099.0,142.0,222.0,216.0,774.0,1
3140.0,265.0,20.0,603.0,229.0,5577.0,166.0,245.0,215.0,1184.0,1
3273.0,90.0,5.0,212.0,10.0,6123.0,227.0,232.0,139.0,300.0,0
3100.0,111.0,8.0,295.0,70.0,2240.0,234.0,231.0,129.0,3541.0,0
2785.0,296.0,9.0,95.0,22.0,1782.0,194.0,238.0,183.0,1972.0,1
2737.0,46.0,15.0,180.0,50.0,1667.0,224.0,207.0,114.0,511.0,1
3079.0,22.0,13.0,30.0,7.0,2836.0,212.0,212.0,135.0,2122.0,0
3124.0,32.0,8.0,277.0,16.0,5580.0,219.0,224.0,141.0,878.0,0
3320.0,171.0,16.0,313.0,41.0,3123.0,229.0,246.0,144.0,1348.0,0
3143.0,22.0,15.0,42.0,10.0,2522.0,210.0,208.0,131.0,1380.0,0
3191.0,358.0,25.0,134.0,43.0,4195.0,174.0,186.0,143.0,1510.0,0
3085.0,271.0,14.0,60.0,14.0,5126.0,183.0,244.0,200.0,924.0,0
3198.0,308.0,6.0,531.0,-22.0,5341.0,204.0,236.0,171.0,2018.0,0
3222.0,162.0,18.0,525.0,120.0,446.0,235.0,242.0,131.0,4616.0,1
3125.0,94.0,12.0,124.0,22.0,2219.0,239.0,221.0,110.0,2069.0,0
3319.0,26.0,12.0,516.0,76.0,1315.0,214.0,214.0,134.0,1795.0,0
3239.0,69.0,21.0,524.0,141.0,4864.0,237.0,194.0,79.0,3188.0,0
3094.0,115.0,20.0,420.0,39.0,552.0,250.0,216.0,84.0,1266.0,0
3004.0,10.0,8.0,630.0,32.0,5597.0,211.0,224.0,149.0,6474.0,0
2969.0,332.0,17.0,127.0,15.0,4163.0,179.0,217.0,176.0,2309.0,0
3183.0,58.0,4.0,424.0,8.0,5139.0,223.0,230.0,143.0,2278.0,0
2858.0,308.0,8.0,67.0,-6.0,3596.0,198.0,235.0,177.0,2920.0,1
2996.0,28.0,14.0,150.0,-7.0,1328.0,214.0,210.0,129.0,1112.0,0
2886.0,336.0,9.0,30.0,9.0,4332.0,199.0,227.0,167.0,5973.0,1
2733.0,66.0,13.0,484.0,51.0,510.0,232.0,213.0,110.0,1207.0,1
3002.0,173.0,4.0,162.0,20.0,424.0,222.0,241.0,155.0,1008.0,0
2796.0,139.0,17.0,90.0,-3.0,1290.0,244.0,232.0,111.0,1591.0,1
3116.0,133.0,16.0,510.0,93.0,2599.0,244.0,230.0,109.0,2936.0,1
2646.0,104.0,16.0,201.0,22.0,1879.0,246.0,217.0,95.0,631.0,1
3227.0,13.0,13.0,649.0,84.0,2553.0,207.0,214.0,142.0,3359.0,0
3158.0,130.0,7.0,30.0,-3.0,2251.0,233.0,236.0,136.0,799.0,0
2620.0,132.0,13.0,170.0,9.0,648.0,240.0,233.0,121.0,1875.0,1
2949.0,31.0,19.0,331.0,46.0,4507.0,212.0,196.0,114.0,5044.0,0
2956.0,135.0,19.0,42.0,16.0,1842.0,246.0,229.0,104.0,175.0,0
2750.0,13.0,15.0,127.0,0.0,1253.0,204.0,208.0,139.0,2097.0,1
3173.0,297.0,6.0,212.0,18.0,4884.0,202.0,238.0,175.0,2555.0,1
3152.0,123.0,10.0,85.0,10.0,3298.0,237.0,233.0,127.0,4319.0,0
3063.0,343.0,10.0,541.0,98.0,713.0,200.0,225.0,163.0,713.0,1
2905.0,324.0,25.0,277.0,101.0,2078.0,151.0,205.0,190.0,1235.0,0
3136.0,28.0,8.0,234.0,30.0,3620.0,217.0,223.0,141.0,4295.0,0
3218.0,102.0,15.0,234.0,65.0,1475.0,244.0,219.0,99.0,2556.0,0
3070.0,15.0,31.0,466.0,200.0,466.0,175.0,159.0,104.0,1840.0,0
2838.0,15.0,15.0,190.0,50.0,1361.0,205.0,207.0,136.0,2940.0,0
3021.0,44.0,13.0,488.0,171.0,6234.0,222.0,211.0,121.0,3952.0,1
2843.0,118.0,5.0,691.0,17.0,660.0,228.0,236.0,142.0,1321.0,0
3249.0,56.0,13.0,120.0,30.0,2881.0,228.0,213.0,116.0,2376.0,0
3180.0,233.0,7.0,124.0,10.0,5740.0,208.0,247.0,175.0,1854.0,1
3225.0,95.0,5.0,162.0,4.0,5721.0,229.0,232.0,138.0,1742.0,0
2930.0,86.0,6.0,272.0,23.0,3463.0,229.0,230.0,134.0,4669.0,1
2806.0,238.0,15.0,361.0,92.0,362.0,191.0,252.0,196.0,2016.0,1
2554.0,89.0,9.0,210.0,33.0,170.0,234.0,225.0,122.0,815.0,1
3172.0,329.0,13.0,514.0,79.0,2787.0,189.0,225.0,175.0,3620.0,0
2951.0,302.0,12.0,60.0,11.0,2093.0,186.0,234.0,189.0,513.0,1
2846.0,9.0,14.0,268.0,51.0,3307.0,203.0,211.0,144.0,1092.0,1
3033.0,29.0,8.0,537.0,190.0,2100.0,217.0,222.0,140.0,2825.0,1
2875.0,70.0,26.0,270.0,-54.0,446.0,238.0,180.0,58.0,2068.0,1
3007.0,210.0,23.0,323.0,-59.0,2973.0,195.0,254.0,184.0,1020.0,1
2906.0,238.0,9.0,120.0,10.0,4991.0,204.0,248.0,181.0,1328.0,1
3011.0,225.0,1.0,30.0,0.0,5040.0,217.0,240.0,160.0,2665.0,0
2727.0,356.0,23.0,120.0,40.0,2658.0,176.0,191.0,148.0,2125.0,1
3199.0,99.0,3.0,95.0,-15.0,2490.0,224.0,235.0,146.0,2674.0,0
3320.0,236.0,17.0,390.0,99.0,1897.0,189.0,252.0,199.0,3365.0,0
2925.0,86.0,20.0,342.0,143.0,1395.0,245.0,202.0,78.0,2135.0,1
3285.0,284.0,12.0,400.0,50.0,4119.0,185.0,240.0,194.0,1203.0,0
3162.0,166.0,10.0,313.0,21.0,283.0,229.0,244.0,147.0,2967.0,1
2726.0,85.0,15.0,514.0,126.0,1441.0,241.0,212.0,97.0,2508.0,1
2975.0,117.0,6.0,190.0,44.0,4749.0,231.0,234.0,136.0,4526.0,0
2630.0,47.0,18.0,324.0,89.0,495.0,223.0,197.0,102.0,1593.0,1
3309.0,201.0,11.0,446.0,91.0,3154.0,216.0,250.0,168.0,2155.0,0
2962.0,129.0,17.0,272.0,28.0,2512.0,245.0,228.0,106.0,2665.0,1
3281.0,61.0,12.0,362.0,73.0,1068.0,230.0,214.0,115.0,1794.0,0
2599.0,78.0,21.0,42.0,1.0,2435.0,242.0,198.0,77.0,2448.0,1
3208.0,94.0,4.0,90.0,-9.0,4763.0,225.0,234.0,144.0,1749.0,0
2966.0,82.0,20.0,350.0,152.0,362.0,243.0,200.0,78.0,1206.0,1
3132.0,90.0,7.0,175.0,2.0,684.0,231.0,229.0,132.0,2352.0,0
3154.0,135.0,4.0,216.0,18.0,4516.0,226.0,238.0,146.0,1958.0,0
2922.0,67.0,16.0,190.0,26.0,5561.0,235.0,206.0,98.0,4026.0,1
2981.0,54.0,13.0,382.0,9.0,4830.0,227.0,211.0,115.0,2539.0,0
3148.0,70.0,13.0,134.0,10.0,5047.0,233.0,214.0,111.0,1259.0,0
3155.0,172.0,7.0,192.0,9.0,4456.0,225.0,244.0,152.0,1001.0,0
2632.0,333.0,22.0,150.0,58.0,700.0,163.0,206.0,179.0,2143.0,1
3297.0,175.0,11.0,997.0,127.0,2454.0,226.0,246.0,151.0,1945.0,0
2972.0,237.0,8.0,571.0,76.0,5953.0,206.0,247.0,179.0,6338.0,1
2767.0,174.0,13.0,85.0,14.0,3054.0,227.0,246.0,148.0,2848.0,1
3529.0,67.0,12.0,837.0,320.0,2691.0,232.0,217.0,116.0,990.0,0
2879.0,296.0,6.0,95.0,14.0,1812.0,203.0,238.0,175.0,1191.0,0
2936.0,172.0,10.0,212.0,20.0,5287.0,227.0,245.0,150.0,3739.0,1
3037.0,59.0,6.0,408.0,33.0,5541.0,224.0,228.0,139.0,4109.0,0
2738.0,143.0,9.0,60.0,3.0,577.0,233.0,238.0,136.0,2320.0,0
2946.0,79.0,17.0,90.0,22.0,2406.0,240.0,207.0,92.0,2481.0,0
3103.0,27.0,4.0,182.0,16.0,1490.0,218.0,230.0,149.0,1392.0,1
3142.0,305.0,36.0,509.0,209.0,1622.0,102.0,196.0,222.0,865.0,0
2960.0,185.0,3.0,60.0,6.0,1154.0,220.0,241.0,157.0,150.0,1
3119.0,75.0,11.0,30.0,13.0,3509.0,234.0,218.0,115.0,4136.0,0
2948.0,144.0,25.0,162.0,64.0,1631.0,246.0,225.0,92.0,1909.0,1
3018.0,328.0,9.0,180.0,6.0,2125.0,198.0,230.0,171.0,1170.0,0
2917.0,357.0,9.0,531.0,50.0,3046.0,207.0,225.0,156.0,3580.0,1
3017.0,299.0,10.0,120.0,31.0,2639.0,193.0,237.0,184.0,886.0,0
2994.0,270.0,14.0,342.0,17.0,4744.0,182.0,244.0,201.0,180.0,1
3338.0,179.0,19.0,402.0,76.0,4519.0,224.0,248.0,148.0,2707.0,0
2809.0,63.0,8.0,458.0,36.0,2251.0,228.0,223.0,128.0,2486.0,1
3048.0,227.0,11.0,430.0,26.0,1316.0,204.0,251.0,183.0,671.0,1
2818.0,343.0,23.0,95.0,38.0,3034.0,166.0,197.0,166.0,402.0,1
2841.0,99.0,16.0,60.0,13.0,3320.0,244.0,217.0,97.0,4971.0,1
3112.0,34.0,16.0,480.0,-62.0,1339.0,216.0,203.0,118.0,1087.0,0
3329.0,144.0,12.0,379.0,129.0,2960.0,237.0,237.0,128.0,582.0,0
3203.0,76.0,11.0,30.0,-2.0,1950.0,234.0,220.0,117.0,1758.0,0
3237.0,342.0,1.0,182.0,3.0,30.0,217.0,237.0,157.0,1106.0,0
3046.0,16.0,24.0,391.0,5.0,2030.0,192.0,184.0,120.0,1765.0,1
3183.0,44.0,16.0,408.0,105.0,2941.0,222.0,203.0,111.0,1012.0,0
2593.0,45.0,23.0,60.0,19.0,1221.0,219.0,183.0,88.0,1012.0,1
3118.0,272.0,8.0,402.0,64.0,402.0,199.0,243.0,182.0,850.0,1
3150.0,71.0,10.0,182.0,50.0,5402.0,231.0,221.0,121.0,319.0,0
3218.0,89.0,13.0,446.0,99.0,604.0,239.0,219.0,108.0,830.0,0
3243.0,320.0,11.0,552.0,29.0,1819.0,191.0,229.0,178.0,541.0,0
3023.0,199.0,18.0,192.0,39.0,630.0,211.0,253.0,170.0,1498.0,1
3203.0,290.0,8.0,470.0,56.0,2506.0,198.0,239.0,181.0,324.0,0
3011.0,225.0,1.0,1084.0,115.0,5712.0,217.0,239.0,159.0,5852.0,1
3215.0,334.0,7.0,150.0,36.0,4355.0,204.0,231.0,166.0,3062.0,0
2609.0,135.0,6.0,309.0,40.0,1358.0,229.0,237.0,142.0,1442.0,1
3227.0,58.0,6.0,30.0,3.0,5757.0,225.0,227.0,137.0,1024.0,0
3188.0,198.0,5.0,108.0,6.0,4357.0,218.0,244.0,161.0,3059.0,0
3216.0,136.0,13.0,256.0,58.0,2596.0,240.0,234.0,121.0,787.0,0
3295.0,48.0,12.0,319.0,75.0,1645.0,224.0,213.0,120.0,2962.0,0
2821.0,8.0,34.0,420.0,66.0,1464.0,161.0,153.0,112.0,720.0,1
3051.0,238.0,6.0,180.0,16.0,2718.0,209.0,245.0,173.0,1415.0,1
2953.0,326.0,14.0,361.0,62.0,3156.0,185.0,224.0,178.0,1677.0,0
3113.0,346.0,16.0,255.0,51.0,3000.0,188.0,213.0,163.0,2398.0,0
3172.0,169.0,10.0,277.0,33.0,2850.0,228.0,244.0,148.0,3666.0,0
2978.0,265.0,21.0,192.0,43.0,3284.0,164.0,244.0,217.0,1860.0,0
3101.0,13.0,13.0,134.0,18.0,1595.0,207.0,212.0,141.0,1952.0,0
2646.0,51.0,3.0,124.0,-2.0,488.0,221.0,232.0,148.0,1376.0,1
3325.0,328.0,13.0,210.0,57.0,5427.0,188.0,224.0,175.0,957.0,0
3073.0,76.0,23.0,426.0,111.0,4261.0,241.0,191.0,68.0,2428.0,1
2823.0,77.0,13.0,361.0,59.0,1806.0,236.0,216.0,110.0,1936.0,1
3372.0,90.0,9.0,573.0,87.0,1895.0,233.0,227.0,125.0,1816.0,0
2984.0,198.0,12.0,360.0,16.0,4429.0,217.0,250.0,166.0,4782.0,1
3172.0,103.0,4.0,0.0,0.0,4468.0,227.0,234.0,141.0,3087.0,0
2809.0,76.0,12.0,342.0,63.0,1682.0,234.0,218.0,114.0,2609.0,1
3067.0,267.0,12.0,127.0,25.0,3013.0,189.0,245.0,195.0,1604.0,0
2772.0,87.0,10.0,240.0,48.0,1824.0,235.0,224.0,119.0,470.0,0
3120.0,41.0,10.0,382.0,45.0,1409.0,221.0,218.0,131.0,3131.0,0
3201.0,212.0,17.0,371.0,81.0,957.0,204.0,254.0,181.0,661.0,1
2926.0,241.0,6.0,295.0,26.0,5365.0,209.0,245.0,174.0,4470.0,1
3090.0,199.0,17.0,212.0,61.0,658.0,211.0,253.0,170.0,698.0,1
3024.0,344.0,9.0,470.0,-9.0,6499.0,203.0,226.0,162.0,3663.0,0
2958.0,261.0,10.0,120.0,28.0,2654.0,195.0,246.0,189.0,457.0,1
2985.0,123.0,8.0,268.0,20.0,4956.0,234.0,234.0,132.0,2613.0,0
3166.0,16.0,26.0,309.0,89.0,3247.0,189.0,178.0,116.0,1556.0,0
3029.0,104.0,20.0,30.0,-8.0,655.0,249.0,210.0,80.0,778.0,0
2913.0,325.0,6.0,319.0,67.0,3154.0,206.0,234.0,167.0,2274.0,1
3031.0,331.0,17.0,474.0,20.0,3850.0,178.0,217.0,178.0,2532.0,1
3108.0,267.0,10.0,85.0,17.0,170.0,195.0,244.0,189.0,2232.0,0
3082.0,181.0,12.0,85.0,2.0,2958.0,224.0,248.0,155.0,1048.0,1
3188.0,280.0,4.0,218.0,13.0,4186.0,208.0,240.0,170.0,3081.0,0
3228.0,224.0,14.0,0.0,0.0,3478.0,201.0,252.0,186.0,1455.0,0
3426.0,72.0,8.0,636.0,141.0,2185.0,229.0,226.0,130.0,1501.0,0
3178.0,255.0,10.0,124.0,16.0,5678.0,197.0,247.0,188.0,2075.0,1
2547.0,1.0,15.0,42.0,8.0,690.0,197.0,210.0,149.0,351.0,1
2988.0,318.0,20.0,384.0,65.0,404.0,162.0,217.0,193.0,1415.0,1
3019.0,326.0,2.0,108.0,6.0,912.0,215.0,237.0,160.0,2448.0,1
3244.0,308.0,15.0,573.0,60.0,648.0,177.0,229.0,192.0,890.0,0
3127.0,250.0,29.0,242.0,96.0,2372.0,143.0,245.0,230.0,1616.0,0
3283.0,158.0,3.0,384.0,43.0,5185.0,222.0,239.0,153.0,811.0,1
2962.0,111.0,14.0,240.0,30.0,4472.0,243.0,224.0,107.0,1793.0,1
3185.0,299.0,6.0,450.0,92.0,2945.0,203.0,238.0,174.0,3461.0,0
3272.0,55.0,19.0,339.0,81.0,990.0,228.0,197.0,94.0,1800.0,0
3000.0,120.0,17.0,30.0,9.0,918.0,247.0,223.0,98.0,1425.0,1
3208.0,298.0,20.0,268.0,11.0,4127.0,160.0,229.0,207.0,443.0,0
3246.0,80.0,7.0,680.0,98.0,6019.0,229.0,228.0,133.0,1565.0,0
3420.0,196.0,10.0,691.0,27.0,3421.0,218.0,249.0,164.0,175.0,0
2894.0,214.0,28.0,150.0,65.0,2393.0,182.0,253.0,192.0,2043.0,1
3040.0,350.0,13.0,30.0,8.0,1201.0,197.0,218.0,159.0,2376.0,0
3162.0,124.0,5.0,569.0,20.0,3340.0,229.0,236.0,141.0,3862.0,0
2840.0,337.0,10.0,30.0,4.0,2597.0,197.0,225.0,167.0,2490.0,0
2507.0,193.0,16.0,30.0,-8.0,1530.0,217.0,251.0,164.0,1477.0,1
2944.0,202.0,22.0,342.0,154.0,3037.0,204.0,253.0,174.0,1465.0,1
3237.0,296.0,7.0,582.0,106.0,1888.0,200.0,238.0,178.0,2173.0,0
2996.0,321.0,6.0,430.0,11.0,1830.0,204.0,234.0,169.0,1209.0,0
2864.0,50.0,11.0,323.0,11.0,1113.0,225.0,217.0,125.0,2247.0,1
3109.0,58.0,9.0,300.0,29.0,1974.0,227.0,221.0,128.0,2151.0,1
3371.0,239.0,1.0,342.0,89.0,2003.0,216.0,240.0,161.0,2969.0,0
3065.0,223.0,17.0,134.0,36.0,700.0,196.0,254.0,190.0,604.0,1
2652.0,58.0,9.0,417.0,48.0,616.0,227.0,222.0,129.0,170.0,1
3031.0,352.0,18.0,541.0,40.0,4032.0,187.0,208.0,157.0,2371.0,1
2495.0,90.0,5.0,0.0,0.0,808.0,227.0,232.0,139.0,924.0,1
2840.0,88.0,6.0,30.0,4.0,2822.0,229.0,230.0,135.0,2560.0,1
3016.0,321.0,13.0,240.0,26.0,350.0,185.0,227.0,181.0,350.0,0
3384.0,103.0,17.0,600.0,102.0,2375.0,246.0,216.0,92.0,2212.0,0
2780.0,356.0,10.0,67.0,11.0,3065.0,204.0,222.0,156.0,5406.0,1
3234.0,358.0,13.0,469.0,39.0,1050.0,200.0,216.0,154.0,1530.0,0
3138.0,171.0,6.0,170.0,2.0,787.0,224.0,243.0,153.0,2257.0,0
2906.0,238.0,12.0,424.0,-69.0,1114.0,198.0,250.0,189.0,404.0,1
2749.0,14.0,8.0,480.0,125.0,1478.0,213.0,224.0,148.0,631.0,1
3212.0,194.0,15.0,201.0,2.0,3280.0,217.0,251.0,164.0,815.0,1
3292.0,183.0,17.0,450.0,92.0,3197.0,222.0,249.0,154.0,612.0,0
2805.0,120.0,9.0,247.0,32.0,2266.0,236.0,232.0,127.0,2717.0,1
3004.0,302.0,8.0,283.0,33.0,2899.0,199.0,237.0,177.0,726.0,0
3164.0,17.0,13.0,495.0,57.0,5730.0,209.0,213.0,139.0,800.0,0
3088.0,173.0,13.0,595.0,87.0,1611.0,228.0,246.0,147.0,658.0,1
2845.0,213.0,24.0,402.0,132.0,551.0,191.0,254.0,189.0,1931.0,1
3249.0,22.0,16.0,543.0,181.0,1187.0,207.0,203.0,128.0,301.0,0
3037.0,14.0,15.0,30.0,0.0,4380.0,205.0,208.0,137.0,2758.0,0
3274.0,352.0,7.0,201.0,53.0,1398.0,208.0,228.0,158.0,541.0,0
3190.0,285.0,14.0,454.0,78.0,1253.0,180.0,239.0,199.0,2078.0,1
3025.0,190.0,8.0,270.0,-9.0,2649.0,220.0,247.0,160.0,1449.0,1
3181.0,270.0,2.0,190.0,5.0,4991.0,214.0,239.0,163.0,2433.0,0
2880.0,228.0,19.0,242.0,100.0,1477.0,189.0,254.0,197.0,1911.0,1
3194.0,270.0,1.0,30.0,-1.0,5966.0,216.0,238.0,160.0,1410.0,1
2747.0,349.0,6.0,433.0,76.0,2484.0,209.0,230.0,159.0,1850.0,1
3058.0,62.0,22.0,335.0,139.0,2363.0,233.0,190.0,80.0,2308.0,0
2773.0,20.0,17.0,331.0,73.0,2274.0,207.0,203.0,129.0,2316.0,1
2591.0,106.0,3.0,90.0,-23.0,3124.0,226.0,235.0,145.0,2553.0,0
2939.0,121.0,19.0,95.0,37.0,1468.0,249.0,221.0,92.0,1405.0,1
2789.0,7.0,8.0,0.0,0.0,2395.0,210.0,224.0,151.0,1557.0,1
3189.0,169.0,8.0,270.0,-17.0,730.0,226.0,244.0,151.0,2210.0,1
3083.0,79.0,10.0,150.0,8.0,4405.0,233.0,223.0,121.0,3257.0,0
3272.0,15.0,8.0,90.0,17.0,3345.0,213.0,223.0,147.0,1974.0,0
2743.0,63.0,8.0,450.0,10.0,2385.0,228.0,223.0,128.0,5814.0,1
3074.0,230.0,18.0,360.0,62.0,2069.0,190.0,253.0,197.0,1926.0,1
2746.0,96.0,9.0,0.0,0.0,3770.0,234.0,228.0,125.0,1165.0,0
3306.0,283.0,28.0,170.0,24.0,2290.0,130.0,227.0,231.0,2942.0,0
2802.0,131.0,16.0,90.0,-3.0,1260.0,244.0,230.0,109.0,1621.0,1
2843.0,352.0,14.0,190.0,14.0,2372.0,195.0,215.0,157.0,1103.0,1
3168.0,11.0,10.0,408.0,26.0,3242.0,210.0,221.0,147.0,4030.0,0
2825.0,105.0,20.0,30.0,-2.0,1972.0,249.0,211.0,81.0,1657.0,1
3299.0,205.0,17.0,534.0,161.0,1082.0,207.0,253.0,176.0,4449.0,1
2823.0,66.0,6.0,0.0,0.0,4977.0,227.0,227.0,135.0,242.0,0
2576.0,332.0,17.0,277.0,122.0,573.0,180.0,217.0,176.0,376.0,1
2856.0,355.0,26.0,42.0,13.0,335.0,167.0,184.0,147.0,190.0,1
2939.0,88.0,8.0,201.0,35.0,591.0,232.0,227.0,128.0,1718.0,1
2880.0,190.0,14.0,192.0,-5.0,1784.0,219.0,250.0,161.0,1489.0,1
3029.0,35.0,6.0,134.0,21.0,2438.0,219.0,227.0,144.0,1020.0,0
3208.0,88.0,7.0,883.0,36.0,4112.0,231.0,228.0,129.0,2173.0,0
2828.0,187.0,34.0,127.0,56.0,1354.0,203.0,241.0,145.0,1986.0,1
3285.0,127.0,16.0,433.0,95.0,1529.0,245.0,228.0,107.0,1188.0,0
3335.0,216.0,10.0,1050.0,225.0,1260.0,210.0,250.0,176.0,3000.0,0
3104.0,56.0,10.0,120.0,-1.0,4914.0,227.0,218.0,124.0,1299.0,0
3166.0,133.0,21.0,120.0,28.0,577.0,248.0,224.0,94.0,2313.0,1
3266.0,72.0,12.0,283.0,-64.0,658.0,233.0,217.0,114.0,3478.0,1
3275.0,6.0,19.0,300.0,52.0,3162.0,193.0,199.0,140.0,3323.0,1
2751.0,101.0,11.0,421.0,-4.0,666.0,238.0,226.0,117.0,424.0,1
2823.0,15.0,19.0,216.0,64.0,3030.0,199.0,196.0,129.0,569.0,1
2743.0,75.0,26.0,42.0,16.0,1852.0,241.0,180.0,53.0,1410.0,1
2912.0,9.0,12.0,30.0,2.0,2060.0,206.0,215.0,146.0,2190.0,1
3221.0,24.0,16.0,467.0,70.0,3104.0,210.0,204.0,127.0,859.0,0
3096.0,41.0,15.0,95.0,6.0,3747.0,221.0,205.0,116.0,3929.0,0
3020.0,37.0,9.0,454.0,-2.0,2820.0,220.0,220.0,135.0,1413.0,1
2453.0,287.0,24.0,170.0,70.0,900.0,146.0,230.0,220.0,1390.0,1
2817.0,110.0,10.0,210.0,15.0,960.0,238.0,229.0,120.0,2128.0,1
3092.0,122.0,17.0,255.0,30.0,3774.0,247.0,224.0,99.0,708.0,1
2938.0,350.0,27.0,240.0,118.0,270.0,160.0,182.0,153.0,866.0,1
3178.0,7.0,18.0,534.0,26.0,2218.0,196.0,202.0,140.0,1190.0,0
3004.0,135.0,6.0,845.0,95.0,5876.0,230.0,237.0,141.0,5580.0,1
3031.0,28.0,21.0,382.0,109.0,4846.0,207.0,190.0,111.0,3198.0,0
3174.0,77.0,3.0,67.0,-1.0,5184.0,224.0,233.0,145.0,2838.0,1
3083.0,147.0,8.0,484.0,45.0,1734.0,231.0,239.0,140.0,757.0,0
3124.0,39.0,12.0,330.0,55.0,4281.0,220.0,213.0,126.0,2106.0,1
3031.0,20.0,6.0,470.0,59.0,5452.0,216.0,227.0,148.0,6410.0,0
3236.0,320.0,15.0,60.0,14.0,3482.0,181.0,225.0,183.0,4123.0,0
2973.0,106.0,6.0,228.0,8.0,4987.0,231.0,232.0,135.0,2621.0,0
3297.0,29.0,11.0,256.0,14.0,1749.0,216.0,217.0,135.0,4884.0,0
3142.0,70.0,9.0,108.0,10.0,408.0,230.0,223.0,125.0,5359.0,0
3246.0,332.0,16.0,60.0,20.0,1542.0,181.0,218.0,176.0,607.0,0
3046.0,88.0,17.0,430.0,79.0,4923.0,243.0,209.0,89.0,1463.0,0
3290.0,238.0,9.0,573.0,98.0,624.0,204.0,248.0,182.0,1168.0,0
3127.0,111.0,4.0,108.0,-8.0,4452.0,227.0,235.0,143.0,1774.0,0
3013.0,114.0,24.0,95.0,5.0,4860.0,253.0,207.0,67.0,2890.0,1
3117.0,76.0,11.0,240.0,74.0,5145.0,234.0,220.0,117.0,595.0,0
3034.0,18.0,8.0,42.0,5.0,960.0,214.0,223.0,145.0,1454.0,1
3239.0,270.0,10.0,228.0,51.0,2721.0,193.0,244.0,190.0,1116.0,0
2747.0,283.0,24.0,162.0,72.0,2065.0,148.0,233.0,221.0,162.0,1
2764.0,157.0,16.0,60.0,11.0,3137.0,236.0,241.0,129.0,2943.0,1
3155.0,191.0,19.0,190.0,43.0,2761.0,216.0,251.0,162.0,1126.0,1
3313.0,312.0,17.0,757.0,43.0,3458.0,172.0,225.0,193.0,1134.0,0
3261.0,122.0,23.0,607.0,145.0,2639.0,251.0,215.0,79.0,2673.0,0
2922.0,32.0,9.0,384.0,29.0,698.0,218.0,221.0,138.0,1841.0,1
3282.0,182.0,13.0,484.0,104.0,3387.0,224.0,248.0,155.0,663.0,0
3135.0,211.0,19.0,30.0,7.0,2814.0,201.0,254.0,182.0,451.0,1
2799.0,343.0,11.0,30.0,1.0,2547.0,199.0,224.0,164.0,2644.0,0
2761.0,290.0,29.0,272.0,113.0,1087.0,129.0,222.0,227.0,1426.0,1
2935.0,167.0,17.0,351.0,49.0,1657.0,231.0,244.0,138.0,1682.0,1
3176.0,207.0,17.0,90.0,27.0,1782.0,206.0,253.0,178.0,4260.0,0
2559.0,18.0,9.0,42.0,8.0,391.0,213.0,220.0,144.0,5649.0,1
3050.0,315.0,15.0,190.0,21.0,3226.0,179.0,227.0,187.0,859.0,0
3260.0,174.0,11.0,443.0,67.0,4026.0,227.0,246.0,150.0,1995.0,0
2855.0,88.0,6.0,376.0,22.0,2791.0,230.0,229.0,133.0,3727.0,0
3154.0,301.0,24.0,0.0,0.0,2335.0,147.0,222.0,212.0,2969.0,0
3085.0,6.0,15.0,655.0,226.0,1710.0,201.0,210.0,145.0,3314.0,0
3155.0,25.0,15.0,408.0,48.0,5706.0,211.0,206.0,128.0,900.0,0
3087.0,350.0,7.0,85.0,7.0,700.0,208.0,229.0,159.0,1681.0,1
3343.0,158.0,19.0,210.0,31.0,1400.0,237.0,239.0,123.0,2971.0,0
2811.0,272.0,15.0,150.0,42.0,1981.0,179.0,243.0,203.0,1110.0,1
2784.0,73.0,15.0,371.0,54.0,2742.0,236.0,211.0,103.0,1906.0,1
3219.0,177.0,5.0,108.0,6.0,5996.0,222.0,242.0,155.0,940.0,0
2991.0,15.0,14.0,488.0,-16.0,745.0,207.0,210.0,138.0,612.0,1
2975.0,222.0,6.0,120.0,31.0,1723.0,213.0,245.0,169.0,1556.0,1
2804.0,50.0,14.0,443.0,-9.0,953.0,226.0,209.0,114.0,2532.0,1
3053.0,158.0,8.0,741.0,-5.0,150.0,229.0,242.0,146.0,1084.0,1
2836.0,73.0,30.0,108.0,59.0,2230.0,238.0,167.0,37.0,1919.0,1
2908.0,25.0,12.0,849.0,78.0,2329.0,214.0,215.0,135.0,1036.0,1
3007.0,313.0,31.0,366.0,226.0,2513.0,123.0,200.0,209.0,1529.0,0
3131.0,65.0,10.0,90.0,-2.0,1855.0,230.0,221.0,123.0,371.0,0
2853.0,36.0,6.0,150.0,11.0,1302.0,220.0,226.0,143.0,2396.0,1
2984.0,20.0,18.0,270.0,125.0,1233.0,204.0,198.0,126.0,3365.0,0
3071.0,6.0,17.0,390.0,212.0,708.0,197.0,205.0,142.0,3010.0,1
2996.0,41.0,26.0,300.0,-12.0,892.0,214.0,175.0,83.0,2045.0,0
3333.0,225.0,32.0,127.0,78.0,3454.0,161.0,250.0,209.0,342.0,0
2711.0,302.0,6.0,85.0,5.0,2024.0,204.0,237.0,173.0,3980.0,1
2975.0,342.0,13.0,60.0,18.0,3666.0,193.0,221.0,166.0,2465.0,1
3083.0,330.0,8.0,60.0,7.0,3594.0,202.0,231.0,168.0,2136.0,0
3104.0,181.0,12.0,309.0,49.0,2003.0,224.0,247.0,155.0,1803.0,1
2785.0,55.0,10.0,0.0,0.0,484.0,226.0,219.0,126.0,904.0,1
3148.0,75.0,5.0,0.0,0.0,391.0,226.0,231.0,140.0,1500.0,0
2914.0,306.0,34.0,778.0,543.0,864.0,109.0,198.0,219.0,2295.0,1
3282.0,283.0,9.0,866.0,134.0,6335.0,194.0,241.0,186.0,1812.0,1
2960.0,110.0,10.0,170.0,32.0,1898.0,237.0,230.0,123.0,2746.0,1
3050.0,247.0,5.0,175.0,17.0,5532.0,209.0,244.0,173.0,2105.0,1
2812.0,18.0,23.0,339.0,27.0,2713.0,195.0,184.0,118.0,120.0,0
3171.0,19.0,20.0,42.0,12.0,2180.0,201.0,194.0,124.0,1574.0,0
3337.0,295.0,12.0,792.0,123.0,1114.0,187.0,237.0,190.0,2382.0,1
3138.0,104.0,17.0,277.0,74.0,4120.0,246.0,217.0,94.0,636.0,1
3119.0,94.0,21.0,162.0,36.0,871.0,248.0,203.0,74.0,1061.0,0
3191.0,97.0,10.0,42.0,5.0,1584.0,237.0,225.0,119.0,1672.0,0
2808.0,27.0,15.0,408.0,86.0,2442.0,212.0,206.0,127.0,2514.0,1
3172.0,301.0,18.0,30.0,13.0,4992.0,169.0,230.0,201.0,1159.0,0
2858.0,29.0,30.0,212.0,25.0,1065.0,194.0,160.0,85.0,1711.0,1
2821.0,313.0,8.0,0.0,0.0,2160.0,199.0,234.0,175.0,984.0,1
3058.0,270.0,5.0,170.0,33.0,1584.0,206.0,242.0,174.0,60.0,1
3053.0,305.0,17.0,350.0,66.0,1146.0,170.0,228.0,198.0,2359.0,0
3016.0,170.0,16.0,295.0,46.0,2391.0,230.0,245.0,141.0,2938.0,1
3069.0,86.0,4.0,85.0,2.0,3277.0,225.0,233.0,144.0,1273.0,1
3080.0,97.0,6.0,60.0,2.0,3918.0,230.0,231.0,135.0,2079.0,0
3218.0,111.0,3.0,306.0,16.0,2569.0,225.0,236.0,145.0,1315.0,1
2916.0,95.0,22.0,124.0,30.0,5952.0,249.0,202.0,71.0,4657.0,1
2921.0,324.0,24.0,319.0,154.0,470.0,154.0,207.0,189.0,1158.0,0
2774.0,285.0,26.0,95.0,27.0,1594.0,141.0,230.0,225.0,1198.0,1
2621.0,288.0,29.0,60.0,32.0,1092.0,128.0,223.0,229.0,902.0,1
2673.0,332.0,21.0,42.0,14.0,2040.0,165.0,208.0,180.0,2676.0,1
2955.0,202.0,9.0,228.0,36.0,5398.0,216.0,248.0,167.0,3108.0,0
3233.0,97.0,20.0,120.0,-3.0,2311.0,248.0,207.0,79.0,1758.0,0
3080.0,201.0,7.0,150.0,-2.0,752.0,217.0,247.0,165.0,1579.0,0
2812.0,29.0,10.0,30.0,4.0,2335.0,217.0,219.0,137.0,2259.0,0
3123.0,36.0,4.0,120.0,14.0,6718.0,220.0,230.0,147.0,2613.0,1
2959.0,135.0,12.0,180.0,-5.0,4615.0,239.0,235.0,124.0,4881.0,1
2911.0,87.0,23.0,295.0,106.0,2699.0,246.0,196.0,67.0,1315.0,1
2914.0,284.0,7.0,127.0,21.0,2056.0,200.0,240.0,179.0,767.0,1
2993.0,249.0,17.0,170.0,28.0,1994.0,181.0,250.0,205.0,1292.0,0
2736.0,15.0,8.0,60.0,3.0,457.0,213.0,223.0,147.0,2382.0,1
2905.0,304.0,22.0,42.0,3.0,760.0,154.0,223.0,207.0,1154.0,1
3078.0,36.0,8.0,30.0,0.0,4983.0,220.0,222.0,138.0,2182.0,0
2788.0,12.0,18.0,216.0,46.0,983.0,199.0,201.0,135.0,1890.0,1
3116.0,132.0,20.0,543.0,-32.0,5934.0,248.0,225.0,96.0,1426.0,0
2919.0,18.0,28.0,150.0,60.0,1358.0,187.0,170.0,107.0,3065.0,0
2983.0,76.0,10.0,190.0,-5.0,1588.0,233.0,220.0,118.0,1657.0,1
3082.0,337.0,10.0,90.0,15.0,3456.0,199.0,227.0,167.0,2173.0,0
2555.0,298.0,37.0,190.0,107.0,458.0,96.0,200.0,230.0,1050.0,1
3365.0,73.0,12.0,134.0,1.0,1468.0,234.0,217.0,113.0,3534.0,0
2951.0,162.0,4.0,153.0,1.0,2081.0,223.0,240.0,152.0,1820.0,1
3208.0,339.0,15.0,277.0,60.0,883.0,187.0,218.0,169.0,2032.0,1
3265.0,21.0,15.0,840.0,62.0,1784.0,209.0,207.0,132.0,841.0,0
3204.0,50.0,4.0,60.0,-1.0,2461.0,221.0,231.0,146.0,1498.0,0
3313.0,32.0,7.0,433.0,83.0,4345.0,219.0,224.0,142.0,1816.0,0
3468.0,69.0,13.0,671.0,183.0,2271.0,233.0,214.0,110.0,1348.0,0
3113.0,18.0,12.0,376.0,7.0,3772.0,210.0,214.0,139.0,3710.0,0
3048.0,68.0,8.0,190.0,1.0,3756.0,228.0,225.0,130.0,1973.0,1
3138.0,341.0,11.0,90.0,28.0,1986.0,196.0,223.0,166.0,1974.0,1
2824.0,61.0,22.0,60.0,21.0,3279.0,232.0,188.0,77.0,5006.0,1
3032.0,30.0,5.0,518.0,-7.0,3120.0,218.0,228.0,146.0,1110.0,1
2977.0,291.0,23.0,360.0,180.0,2560.0,149.0,229.0,217.0,1565.0,0
3032.0,198.0,9.0,95.0,-23.0,2322.0,217.0,248.0,165.0,1008.0,1
3139.0,38.0,11.0,255.0,26.0,3951.0,220.0,216.0,129.0,3201.0,0
3255.0,317.0,11.0,577.0,80.0,750.0,191.0,231.0,179.0,711.0,0
3276.0,85.0,5.0,108.0,3.0,1176.0,228.0,231.0,137.0,2184.0,0
2979.0,291.0,9.0,150.0,13.0,4105.0,194.0,239.0,184.0,1195.0,1
2716.0,5.0,18.0,153.0,32.0,2434.0,195.0,203.0,143.0,2281.0,1
2868.0,171.0,9.0,285.0,40.0,3719.0,226.0,244.0,150.0,3363.0,1
3054.0,24.0,14.0,240.0,-7.0,1770.0,212.0,209.0,132.0,1061.0,0
3024.0,59.0,1.0,300.0,50.0,4168.0,220.0,235.0,152.0,2421.0,1
3213.0,51.0,6.0,256.0,14.0,4916.0,223.0,227.0,139.0,2144.0,0
3237.0,351.0,3.0,395.0,3.0,190.0,214.0,234.0,158.0,1110.0,0
3152.0,24.0,6.0,190.0,39.0,3337.0,217.0,227.0,147.0,4925.0,0
2725.0,151.0,12.0,360.0,17.0,1138.0,235.0,240.0,134.0,2151.0,1
3302.0,306.0,19.0,573.0,118.0,731.0,163.0,225.0,201.0,300.0,0
2998.0,4.0,14.0,67.0,11.0,987.0,201.0,212.0,148.0,2613.0,0
3117.0,330.0,8.0,120.0,16.0,2190.0,202.0,231.0,168.0,1986.0,0
2995.0,351.0,10.0,0.0,0.0,1978.0,203.0,224.0,159.0,3487.0,0
2990.0,329.0,10.0,691.0,356.0,1590.0,196.0,228.0,172.0,1889.0,1
3146.0,113.0,12.0,488.0,20.0,3582.0,240.0,228.0,116.0,3726.0,0
3138.0,122.0,15.0,175.0,40.0,1693.0,244.0,227.0,109.0,3281.0,0
2602.0,13.0,13.0,108.0,30.0,1406.0,207.0,212.0,141.0,4935.0,1
3109.0,126.0,14.0,335.0,72.0,3341.0,243.0,229.0,112.0,2932.0,0
2700.0,349.0,1.0,420.0,-12.0,1031.0,216.0,236.0,157.0,1682.0,1
3293.0,288.0,9.0,212.0,36.0,3564.0,194.0,240.0,186.0,1797.0,0
3144.0,93.0,4.0,793.0,79.0,1806.0,226.0,233.0,142.0,2738.0,0
2982.0,359.0,9.0,127.0,9.0,2482.0,206.0,223.0,155.0,2053.0,0
2788.0,203.0,32.0,258.0,154.0,859.0,187.0,248.0,175.0,1655.0,1
2623.0,43.0,15.0,323.0,54.0,1215.0,221.0,205.0,115.0,1242.0,1
3326.0,261.0,18.0,741.0,127.0,819.0,174.0,247.0,210.0,984.0,0
3250.0,329.0,11.0,95.0,27.0,3934.0,194.0,227.0,173.0,1383.0,0
2759.0,4.0,21.0,242.0,74.0,2598.0,186.0,194.0,140.0,2114.0,1
2788.0,37.0,27.0,228.0,30.0,2021.0,207.0,169.0,82.0,2003.0,1
3201.0,349.0,15.0,108.0,17.0,1282.0,191.0,213.0,160.0,957.0,0
3251.0,98.0,5.0,564.0,135.0,4920.0,228.0,233.0,138.0,2694.0,0
3221.0,315.0,11.0,212.0,38.0,900.0,192.0,231.0,180.0,693.0,0
3249.0,61.0,8.0,67.0,3.0,6248.0,227.0,223.0,129.0,216.0,0
3311.0,284.0,15.0,180.0,35.0,5417.0,176.0,239.0,202.0,805.0,0
2801.0,142.0,23.0,42.0,5.0,1574.0,246.0,227.0,96.0,1816.0,1
3386.0,292.0,23.0,979.0,259.0,4044.0,151.0,229.0,215.0,2471.0,1
3007.0,358.0,12.0,255.0,25.0,2774.0,201.0,217.0,154.0,671.0,0
3217.0,113.0,14.0,170.0,23.0,2905.0,244.0,224.0,107.0,1087.0,0
2954.0,125.0,17.0,30.0,7.0,3972.0,246.0,226.0,103.0,1087.0,0
3099.0,325.0,20.0,306.0,66.0,3632.0,167.0,214.0,185.0,2022.0,1
3037.0,99.0,9.0,382.0,86.0,5411.0,235.0,228.0,125.0,690.0,1
3178.0,9.0,10.0,295.0,63.0,366.0,209.0,221.0,149.0,2372.0,1
3238.0,322.0,14.0,420.0,178.0,1727.0,183.0,225.0,181.0,2106.0,1
2886.0,27.0,25.0,247.0,79.0,1397.0,201.0,178.0,102.0,2751.0,1
2981.0,127.0,5.0,272.0,8.0,2614.0,228.0,237.0,143.0,2024.0,1
2805.0,177.0,22.0,60.0,11.0,2389.0,224.0,246.0,142.0,1639.0,1
3031.0,93.0,14.0,295.0,3.0,216.0,242.0,217.0,102.0,1657.0,0
3353.0,71.0,14.0,277.0,53.0,2395.0,235.0,213.0,107.0,2038.0,0
3239.0,69.0,13.0,201.0,16.0,3396.0,233.0,214.0,110.0,3069.0,1
2942.0,66.0,10.0,0.0,0.0,2173.0,230.0,220.0,122.0,741.0,0
3115.0,8.0,7.0,192.0,12.0,3718.0,212.0,226.0,152.0,1422.0,0
3245.0,72.0,4.0,601.0,1.0,4403.0,224.0,232.0,144.0,2516.0,0
2893.0,85.0,9.0,127.0,33.0,3154.0,233.0,225.0,124.0,2803.0,1
2629.0,82.0,11.0,277.0,51.0,1218.0,235.0,220.0,115.0,774.0,1
3086.0,218.0,24.0,404.0,62.0,5796.0,187.0,254.0,194.0,1825.0,1
3256.0,51.0,33.0,516.0,175.0,920.0,215.0,150.0,44.0,1831.0,1
2838.0,230.0,4.0,708.0,106.0,30.0,213.0,243.0,167.0,1624.0,1
2859.0,270.0,21.0,192.0,60.0,2290.0,159.0,242.0,219.0,1410.0,0
3111.0,235.0,22.0,127.0,25.0,2814.0,176.0,253.0,208.0,391.0,1
2998.0,79.0,16.0,242.0,7.0,4257.0,239.0,210.0,96.0,3609.0,1
3085.0,157.0,12.0,162.0,-15.0,933.0,233.0,242.0,137.0,1570.0,0
3041.0,323.0,7.0,900.0,155.0,5626.0,201.0,233.0,171.0,5426.0,1
2966.0,141.0,10.0,108.0,17.0,4109.0,235.0,237.0,132.0,2345.0,1
3154.0,13.0,12.0,765.0,73.0,1584.0,208.0,215.0,142.0,2674.0,0
2952.0,72.0,30.0,67.0,38.0,2614.0,238.0,169.0,41.0,2213.0,0
3057.0,299.0,22.0,540.0,260.0,2568.0,154.0,226.0,210.0,1507.0,0
3213.0,132.0,13.0,218.0,51.0,1426.0,241.0,233.0,120.0,2628.0,0
3014.0,208.0,9.0,646.0,104.0,1718.0,213.0,249.0,171.0,2188.0,1
2825.0,98.0,16.0,175.0,40.0,2888.0,244.0,216.0,97.0,95.0,1
2912.0,336.0,6.0,67.0,4.0,4320.0,207.0,232.0,164.0,2564.0,1
3236.0,49.0,13.0,30.0,10.0,1621.0,225.0,211.0,117.0,684.0,0
3001.0,330.0,10.0,272.0,24.0,1315.0,196.0,228.0,171.0,1681.0,1
3116.0,236.0,5.0,450.0,62.0,323.0,211.0,245.0,172.0,785.0,1
3136.0,17.0,11.0,60.0,2.0,4268.0,211.0,218.0,142.0,1839.0,0
2628.0,117.0,15.0,150.0,10.0,677.0,245.0,225.0,105.0,1879.0,1
2623.0,67.0,18.0,212.0,-13.0,390.0,235.0,202.0,93.0,1209.0,1
3214.0,358.0,11.0,537.0,6.0,2154.0,203.0,220.0,155.0,1084.0,0
3062.0,268.0,8.0,426.0,80.0,2958.0,200.0,243.0,182.0,1074.0,0
3154.0,127.0,2.0,630.0,-40.0,698.0,223.0,237.0,150.0,1443.0,1
2778.0,90.0,6.0,331.0,111.0,2795.0,229.0,231.0,136.0,6590.0,0
3014.0,290.0,11.0,30.0,4.0,3295.0,189.0,239.0,190.0,1077.0,0
2665.0,7.0,16.0,60.0,10.0,1385.0,199.0,207.0,143.0,1812.0,1
2580.0,58.0,9.0,60.0,2.0,914.0,227.0,222.0,129.0,1441.0,1
2710.0,181.0,15.0,67.0,9.0,2206.0,224.0,248.0,153.0,648.0,1
2494.0,108.0,6.0,95.0,12.0,1012.0,231.0,233.0,136.0,4375.0,1
3272.0,224.0,15.0,853.0,137.0,726.0,199.0,253.0,187.0,2721.0,1
2777.0,71.0,9.0,258.0,15.0,2736.0,231.0,222.0,124.0,5958.0,1
2714.0,345.0,7.0,395.0,20.0,942.0,207.0,230.0,161.0,1050.0,1
2950.0,341.0,9.0,469.0,48.0,3401.0,202.0,228.0,164.0,1832.0,1
2987.0,54.0,10.0,446.0,-2.0,3358.0,226.0,218.0,124.0,5666.0,1
2265.0,354.0,30.0,90.0,20.0,150.0,156.0,173.0,145.0,849.0,1
2820.0,120.0,19.0,516.0,45.0,2042.0,249.0,220.0,91.0,1902.0,1
3205.0,301.0,14.0,42.0,-10.0,3542.0,180.0,233.0,193.0,1766.0,0
3282.0,87.0,14.0,95.0,15.0,6051.0,240.0,215.0,102.0,518.0,0
3122.0,29.0,17.0,192.0,44.0,1478.0,211.0,200.0,120.0,212.0,0
2721.0,16.0,11.0,30.0,3.0,2903.0,211.0,217.0,142.0,938.0,1
3208.0,73.0,6.0,379.0,-14.0,4147.0,227.0,229.0,136.0,1207.0,0
3172.0,315.0,22.0,895.0,397.0,1087.0,155.0,215.0,198.0,1518.0,1
2840.0,81.0,5.0,283.0,52.0,2058.0,226.0,231.0,140.0,1920.0,1
3149.0,13.0,9.0,342.0,51.0,1765.0,212.0,222.0,148.0,3416.0,0
2997.0,45.0,5.0,330.0,57.0,1253.0,221.0,229.0,143.0,680.0,0
3266.0,3.0,9.0,883.0,-24.0,1571.0,209.0,224.0,153.0,2900.0,1
3164.0,29.0,6.0,342.0,20.0,5999.0,218.0,227.0,145.0,1031.0,0
2787.0,36.0,8.0,218.0,5.0,361.0,220.0,222.0,138.0,780.0,1
2851.0,166.0,9.0,30.0,-8.0,2994.0,228.0,244.0,148.0,2800.0,1
3138.0,333.0,8.0,404.0,-47.0,1103.0,201.0,229.0,168.0,949.0,0
3138.0,63.0,15.0,417.0,76.0,3803.0,232.0,209.0,106.0,876.0,1
2945.0,108.0,20.0,277.0,49.0,5601.0,250.0,212.0,81.0,3944.0,1
2890.0,178.0,8.0,451.0,92.0,1994.0,224.0,245.0,155.0,859.0,1
3214.0,182.0,8.0,0.0,0.0,2366.0,223.0,245.0,156.0,3836.0,0
3136.0,176.0,15.0,511.0,45.0,2131.0,227.0,247.0,148.0,942.0,1
3205.0,148.0,8.0,323.0,42.0,5036.0,231.0,240.0,141.0,1556.0,0
2967.0,3.0,19.0,134.0,2.0,4364.0,191.0,200.0,143.0,285.0,0
2736.0,112.0,19.0,30.0,2.0,2310.0,249.0,216.0,87.0,313.0,1
2809.0,53.0,14.0,108.0,21.0,1355.0,227.0,210.0,113.0,1262.0,1
3122.0,16.0,10.0,228.0,11.0,1782.0,211.0,219.0,143.0,2881.0,0
2997.0,106.0,10.0,402.0,83.0,4631.0,238.0,228.0,120.0,1718.0,1
3283.0,45.0,1.0,488.0,25.0,6000.0,219.0,235.0,153.0,592.0,0
2924.0,34.0,7.0,408.0,70.0,2914.0,219.0,224.0,141.0,2475.0,1
2923.0,237.0,17.0,85.0,22.0,2687.0,187.0,252.0,200.0,2125.0,1
3219.0,34.0,14.0,180.0,3.0,2581.0,217.0,210.0,125.0,1398.0,0
2966.0,334.0,8.0,234.0,-1.0,85.0,202.0,229.0,167.0,825.0,0
3037.0,337.0,9.0,361.0,-2.0,3207.0,200.0,228.0,166.0,780.0,1
3284.0,323.0,17.0,488.0,77.0,4436.0,176.0,221.0,184.0,1063.0,0
2658.0,38.0,9.0,0.0,0.0,2154.0,221.0,221.0,135.0,4657.0,1
2860.0,49.0,10.0,295.0,109.0,1374.0,224.0,218.0,127.0,1381.0,1
3044.0,22.0,10.0,216.0,8.0,1304.0,214.0,218.0,140.0,1749.0,0
3241.0,111.0,21.0,182.0,43.0,1653.0,250.0,213.0,80.0,2866.0,0
3067.0,40.0,4.0,361.0,38.0,1381.0,220.0,231.0,147.0,2858.0,0
3248.0,163.0,9.0,270.0,35.0,5819.0,229.0,243.0,146.0,1172.0,0
3272.0,355.0,13.0,713.0,46.0,1979.0,197.0,216.0,155.0,646.0,0
3291.0,187.0,16.0,182.0,23.0,3318.0,220.0,250.0,158.0,636.0,0
3175.0,39.0,9.0,30.0,1.0,1978.0,221.0,219.0,133.0,4367.0,0
3214.0,308.0,8.0,175.0,31.0,853.0,197.0,235.0,178.0,750.0,0
2923.0,354.0,23.0,258.0,84.0,2356.0,176.0,194.0,151.0,1837.0,0
2737.0,44.0,33.0,540.0,184.0,914.0,207.0,148.0,52.0,2067.0,1
3063.0,114.0,23.0,277.0,107.0,703.0,252.0,211.0,75.0,2852.0,0
3045.0,85.0,15.0,1114.0,247.0,3226.0,240.0,214.0,100.0,1041.0,1
3148.0,61.0,9.0,175.0,31.0,751.0,227.0,222.0,128.0,1967.0,0
3020.0,324.0,13.0,120.0,9.0,2881.0,188.0,226.0,178.0,2324.0,0
3060.0,69.0,19.0,170.0,30.0,4843.0,236.0,200.0,88.0,2779.0,0
3038.0,349.0,24.0,564.0,195.0,577.0,169.0,193.0,157.0,1504.0,1
2761.0,355.0,14.0,60.0,14.0,2207.0,196.0,214.0,155.0,924.0,1
2995.0,149.0,3.0,270.0,55.0,1812.0,223.0,239.0,151.0,778.0,1
2880.0,336.0,6.0,0.0,0.0,5363.0,207.0,232.0,164.0,4236.0,0
2566.0,36.0,14.0,42.0,3.0,700.0,218.0,207.0,122.0,2006.0,1
2926.0,106.0,11.0,277.0,43.0,4481.0,239.0,227.0,117.0,5657.0,1
3167.0,293.0,7.0,162.0,10.0,3846.0,200.0,239.0,178.0,1979.0,0
2829.0,59.0,20.0,42.0,1.0,3281.0,231.0,194.0,87.0,4991.0,1
2996.0,119.0,23.0,124.0,21.0,819.0,252.0,213.0,76.0,2732.0,0
2636.0,19.0,14.0,242.0,13.0,3266.0,208.0,209.0,135.0,2885.0,0
3143.0,4.0,13.0,256.0,40.0,2892.0,202.0,214.0,148.0,789.0,0
3158.0,43.0,11.0,0.0,0.0,5409.0,222.0,216.0,127.0,2105.0,1
3095.0,22.0,16.0,295.0,76.0,1465.0,207.0,203.0,128.0,1511.0,1
3114.0,298.0,21.0,182.0,-8.0,3312.0,157.0,228.0,209.0,2190.0,0
2854.0,141.0,14.0,150.0,34.0,2291.0,240.0,236.0,123.0,2812.0,1
2949.0,69.0,20.0,30.0,-5.0,417.0,237.0,197.0,83.0,1301.0,0
3230.0,86.0,7.0,309.0,7.0,1570.0,230.0,229.0,132.0,1148.0,0
3230.0,337.0,5.0,361.0,46.0,283.0,208.0,232.0,163.0,1200.0,0
3018.0,98.0,7.0,812.0,132.0,5816.0,232.0,230.0,130.0,5468.0,1
2967.0,77.0,14.0,42.0,6.0,1657.0,237.0,212.0,103.0,3494.0,0
3249.0,45.0,4.0,256.0,83.0,644.0,221.0,231.0,146.0,2016.0,0
2962.0,15.0,11.0,108.0,17.0,5902.0,210.0,217.0,143.0,3446.0,1
3195.0,21.0,21.0,732.0,-28.0,864.0,201.0,190.0,119.0,1866.0,0
2913.0,34.0,11.0,60.0,5.0,3473.0,219.0,216.0,132.0,4192.0,1
2921.0,30.0,13.0,592.0,123.0,3219.0,216.0,211.0,129.0,696.0,1
3511.0,37.0,18.0,601.0,99.0,2758.0,216.0,197.0,110.0,1746.0,0
2807.0,337.0,26.0,201.0,43.0,1530.0,156.0,195.0,173.0,1637.0,1
2985.0,102.0,12.0,300.0,6.0,3878.0,239.0,225.0,114.0,4818.0,1
3384.0,57.0,14.0,433.0,105.0,1939.0,229.0,210.0,111.0,1744.0,0
3176.0,68.0,9.0,85.0,7.0,1541.0,229.0,223.0,126.0,481.0,1
3070.0,109.0,27.0,162.0,47.0,2725.0,254.0,198.0,53.0,1294.0,1
2990.0,23.0,12.0,85.0,12.0,2032.0,213.0,214.0,136.0,3960.0,0
3092.0,194.0,8.0,382.0,62.0,4967.0,219.0,247.0,162.0,1698.0,0
2975.0,125.0,15.0,437.0,174.0,4455.0,244.0,228.0,110.0,577.0,1
3014.0,222.0,7.0,785.0,95.0,5837.0,211.0,247.0,172.0,3670.0,1
3024.0,239.0,13.0,242.0,-12.0,5699.0,195.0,251.0,193.0,2722.0,0
3114.0,180.0,20.0,402.0,54.0,2525.0,223.0,248.0,148.0,3188.0,1
2821.0,55.0,11.0,67.0,21.0,2338.0,227.0,215.0,120.0,2894.0,1
2861.0,52.0,12.0,162.0,13.0,2830.0,226.0,215.0,121.0,2737.0,1
2766.0,54.0,10.0,150.0,5.0,1332.0,226.0,218.0,124.0,983.0,1
2949.0,118.0,11.0,216.0,60.0,3781.0,240.0,230.0,118.0,2534.0,1
2928.0,66.0,25.0,256.0,131.0,268.0,235.0,181.0,63.0,1465.0,0
2638.0,13.0,13.0,242.0,-8.0,361.0,207.0,212.0,141.0,1337.0,1
3066.0,184.0,9.0,170.0,7.0,1618.0,222.0,247.0,157.0,677.0,0
3166.0,349.0,5.0,162.0,-2.0,764.0,211.0,232.0,159.0,1082.0,0
2836.0,32.0,17.0,201.0,50.0,3634.0,213.0,199.0,116.0,2821.0,1
3209.0,293.0,27.0,360.0,103.0,313.0,134.0,222.0,223.0,832.0,0
3036.0,43.0,22.0,870.0,270.0,1704.0,218.0,185.0,91.0,2190.0,0
3044.0,135.0,9.0,499.0,190.0,6387.0,235.0,236.0,133.0,3912.0,1
3078.0,165.0,21.0,977.0,172.0,3155.0,233.0,241.0,129.0,1705.0,1
3304.0,95.0,13.0,60.0,-6.0,4348.0,241.0,220.0,106.0,3740.0,0
3143.0,74.0,7.0,361.0,34.0,4230.0,229.0,227.0,132.0,1939.0,1
2900.0,3.0,8.0,60.0,11.0,4032.0,209.0,225.0,153.0,3961.0,1
3038.0,247.0,20.0,395.0,117.0,2966.0,173.0,250.0,212.0,2308.0,0
3138.0,313.0,13.0,228.0,31.0,5390.0,186.0,230.0,184.0,577.0,1
2921.0,27.0,7.0,150.0,-6.0,1714.0,218.0,225.0,144.0,2510.0,1
3263.0,204.0,16.0,42.0,4.0,3383.0,210.0,253.0,174.0,1518.0,0
3195.0,109.0,22.0,404.0,115.0,3311.0,251.0,209.0,75.0,514.0,0
3089.0,84.0,10.0,30.0,0.0,1198.0,234.0,224.0,121.0,932.0,0
3044.0,139.0,13.0,150.0,53.0,3672.0,240.0,235.0,123.0,2585.0,1
3019.0,358.0,21.0,594.0,12.0,1865.0,183.0,197.0,148.0,904.0,0
3045.0,219.0,16.0,379.0,146.0,5346.0,200.0,254.0,186.0,757.0,1
3190.0,288.0,15.0,42.0,7.0,2188.0,178.0,238.0,200.0,518.0,0
2837.0,122.0,23.0,108.0,45.0,1173.0,251.0,215.0,79.0,1758.0,1
2843.0,195.0,22.0,408.0,177.0,2192.0,211.0,252.0,165.0,2053.0,1
3205.0,100.0,13.0,552.0,30.0,4074.0,242.0,221.0,107.0,2837.0,0
3076.0,8.0,26.0,242.0,50.0,908.0,181.0,179.0,126.0,1324.0,0
2941.0,49.0,9.0,90.0,-6.0,1746.0,224.0,221.0,131.0,1560.0,1
2727.0,95.0,22.0,85.0,35.0,1209.0,249.0,200.0,68.0,2142.0,1
2784.0,135.0,7.0,228.0,44.0,1717.0,231.0,237.0,139.0,2297.0,1
3270.0,328.0,12.0,541.0,42.0,1872.0,191.0,226.0,175.0,743.0,0
3289.0,215.0,21.0,270.0,21.0,3228.0,194.0,254.0,189.0,564.0,0
3098.0,90.0,5.0,124.0,6.0,4092.0,227.0,232.0,139.0,1342.0,0
3035.0,13.0,6.0,90.0,1.0,3218.0,214.0,227.0,150.0,5470.0,1
3060.0,335.0,4.0,499.0,106.0,769.0,211.0,234.0,162.0,883.0,1
3183.0,72.0,11.0,330.0,67.0,1991.0,233.0,219.0,117.0,3360.0,0
3385.0,133.0,10.0,323.0,185.0,2721.0,237.0,235.0,128.0,564.0,0
2724.0,357.0,5.0,234.0,13.0,1989.0,212.0,231.0,156.0,3837.0,1
3074.0,48.0,20.0,60.0,-5.0,750.0,223.0,193.0,96.0,836.0,0
3235.0,50.0,4.0,95.0,1.0,3466.0,221.0,231.0,146.0,1905.0,0
2978.0,41.0,14.0,277.0,52.0,1981.0,221.0,209.0,121.0,841.0,0
3221.0,69.0,29.0,323.0,14.0,1637.0,236.0,170.0,45.0,2538.0,0
3064.0,45.0,6.0,212.0,16.0,2897.0,222.0,227.0,141.0,1549.0,1
3198.0,25.0,19.0,671.0,157.0,2084.0,207.0,196.0,120.0,2356.0,0
2968.0,39.0,6.0,228.0,36.0,1956.0,221.0,226.0,141.0,2830.0,1
3015.0,272.0,13.0,190.0,63.0,1320.0,186.0,244.0,197.0,2137.0,1
2958.0,102.0,11.0,175.0,29.0,633.0,239.0,225.0,116.0,2321.0,1
2564.0,319.0,31.0,384.0,178.0,696.0,127.0,196.0,200.0,1148.0,1
2922.0,35.0,11.0,180.0,3.0,4097.0,219.0,215.0,131.0,4920.0,1
2868.0,53.0,21.0,67.0,-5.0,1890.0,226.0,189.0,86.0,1383.0,1
3116.0,88.0,12.0,350.0,31.0,1855.0,238.0,220.0,110.0,1574.0,0
3170.0,310.0,16.0,180.0,31.0,2463.0,176.0,228.0,191.0,391.0,0
3122.0,11.0,10.0,247.0,13.0,4089.0,210.0,221.0,147.0,1878.0,1
2998.0,47.0,9.0,300.0,39.0,4950.0,223.0,221.0,132.0,4488.0,0
2864.0,64.0,9.0,319.0,64.0,2588.0,229.0,221.0,125.0,3013.0,1
3202.0,107.0,14.0,90.0,4.0,1550.0,243.0,223.0,106.0,2774.0,0
2656.0,104.0,11.0,258.0,0.0,1366.0,239.0,226.0,117.0,870.0,1
2781.0,167.0,8.0,0.0,0.0,1090.0,227.0,243.0,149.0,3041.0,0
3075.0,188.0,18.0,362.0,16.0,379.0,219.0,250.0,159.0,1409.0,1
3014.0,148.0,3.0,0.0,0.0,3020.0,224.0,239.0,151.0,1550.0,0
3199.0,324.0,16.0,612.0,60.0,2052.0,178.0,221.0,182.0,342.0,0
3303.0,358.0,16.0,466.0,84.0,1132.0,194.0,209.0,151.0,537.0,0
2699.0,32.0,16.0,228.0,54.0,1050.0,215.0,204.0,122.0,1841.0,1
3067.0,308.0,27.0,192.0,24.0,1880.0,137.0,212.0,210.0,3472.0,0
2933.0,44.0,17.0,30.0,3.0,607.0,222.0,201.0,109.0,2379.0,1
2917.0,16.0,7.0,0.0,0.0,1680.0,214.0,226.0,148.0,1749.0,0
2828.0,311.0,17.0,60.0,19.0,2522.0,170.0,225.0,194.0,1400.0,1
3213.0,142.0,9.0,67.0,-4.0,2394.0,233.0,238.0,136.0,3874.0,0
3179.0,88.0,16.0,247.0,19.0,5299.0,242.0,211.0,93.0,2894.0,1
2916.0,165.0,16.0,240.0,16.0,5093.0,232.0,243.0,137.0,4555.0,1
3173.0,146.0,19.0,313.0,18.0,2223.0,242.0,234.0,114.0,1651.0,0
2891.0,29.0,25.0,240.0,103.0,1705.0,202.0,177.0,100.0,2489.0,1
3232.0,117.0,16.0,313.0,70.0,1445.0,246.0,224.0,102.0,2629.0,0
3150.0,36.0,28.0,660.0,277.0,693.0,205.0,165.0,79.0,1857.0,0
3064.0,329.0,7.0,175.0,38.0,2325.0,204.0,232.0,167.0,1875.0,1
3152.0,284.0,4.0,390.0,26.0,1734.0,209.0,240.0,169.0,570.0,0
2976.0,332.0,8.0,0.0,0.0,4278.0,201.0,230.0,168.0,1087.0,1
2975.0,45.0,8.0,240.0,10.0,5003.0,223.0,223.0,135.0,5648.0,0
3219.0,315.0,7.0,283.0,40.0,390.0,201.0,234.0,173.0,1209.0,0
2970.0,82.0,11.0,120.0,39.0,424.0,235.0,220.0,115.0,1370.0,0
2976.0,297.0,6.0,175.0,13.0,1655.0,202.0,238.0,175.0,3409.0,0
2723.0,102.0,10.0,201.0,26.0,2094.0,237.0,227.0,120.0,426.0,1
2796.0,31.0,17.0,390.0,128.0,953.0,213.0,200.0,118.0,2308.0,1
3137.0,25.0,18.0,190.0,14.0,5025.0,208.0,199.0,123.0,1318.0,0
2882.0,294.0,13.0,300.0,84.0,1989.0,183.0,236.0,194.0,875.0,1
3279.0,135.0,7.0,430.0,27.0,6181.0,231.0,237.0,139.0,582.0,0
2712.0,359.0,21.0,90.0,26.0,1747.0,184.0,196.0,146.0,1048.0,1
3046.0,43.0,11.0,404.0,62.0,1437.0,222.0,216.0,127.0,2368.0,1
2757.0,59.0,10.0,60.0,-5.0,2618.0,228.0,219.0,124.0,1832.0,1
2601.0,30.0,10.0,376.0,-10.0,618.0,217.0,218.0,136.0,882.0,1
3341.0,13.0,18.0,180.0,73.0,3479.0,199.0,199.0,133.0,1728.0,0
2824.0,235.0,11.0,162.0,3.0,934.0,200.0,250.0,187.0,272.0,0
2871.0,163.0,9.0,150.0,15.0,2796.0,229.0,243.0,146.0,2312.0,0
2750.0,351.0,16.0,175.0,32.0,2971.0,191.0,212.0,158.0,1077.0,1
3237.0,2.0,27.0,458.0,86.0,3066.0,173.0,179.0,134.0,787.0,0
2709.0,60.0,15.0,162.0,14.0,2725.0,231.0,207.0,105.0,875.0,1
2949.0,83.0,11.0,390.0,4.0,3515.0,235.0,221.0,116.0,5970.0,1
3073.0,338.0,11.0,424.0,37.0,2301.0,196.0,225.0,167.0,1187.0,0
2966.0,107.0,7.0,30.0,2.0,2496.0,233.0,232.0,131.0,418.0,0
2932.0,63.0,26.0,108.0,15.0,484.0,233.0,178.0,62.0,212.0,1
3133.0,97.0,21.0,67.0,12.0,1477.0,248.0,205.0,75.0,1368.0,1
2589.0,81.0,8.0,162.0,12.0,1170.0,231.0,226.0,128.0,1722.0,1
3288.0,59.0,3.0,532.0,104.0,511.0,221.0,233.0,148.0,1348.0,0
3065.0,36.0,21.0,382.0,141.0,2375.0,213.0,188.0,102.0,2236.0,0
2796.0,350.0,17.0,42.0,6.0,2486.0,187.0,210.0,159.0,1664.0,1
2654.0,283.0,15.0,60.0,9.0,1626.0,178.0,240.0,201.0,570.0,1
3217.0,236.0,10.0,390.0,43.0,685.0,202.0,249.0,184.0,752.0,0
2877.0,32.0,15.0,362.0,45.0,2420.0,216.0,205.0,122.0,2208.0,1
3354.0,25.0,9.0,339.0,57.0,2226.0,216.0,221.0,141.0,1613.0,0
3240.0,89.0,12.0,720.0,124.0,2311.0,237.0,221.0,113.0,2543.0,0
3081.0,315.0,21.0,210.0,40.0,1978.0,161.0,218.0,196.0,1798.0,1
3173.0,30.0,20.0,85.0,19.0,518.0,210.0,193.0,112.0,1567.0,0
3054.0,47.0,8.0,0.0,0.0,3085.0,223.0,223.0,135.0,5788.0,0
3196.0,186.0,12.0,95.0,5.0,3601.0,222.0,248.0,158.0,3037.0,0
2766.0,124.0,25.0,256.0,33.0,2967.0,252.0,213.0,73.0,1347.0,1
2750.0,117.0,9.0,30.0,-5.0,2320.0,236.0,232.0,128.0,1533.0,1
3298.0,293.0,19.0,309.0,103.0,4406.0,164.0,232.0,208.0,2469.0,0
3085.0,229.0,5.0,510.0,-41.0,2440.0,212.0,245.0,170.0,1521.0,1
3223.0,174.0,20.0,408.0,107.0,2674.0,227.0,246.0,141.0,3320.0,1
2637.0,135.0,12.0,277.0,25.0,607.0,239.0,235.0,124.0,1385.0,1
3226.0,144.0,21.0,488.0,127.0,384.0,244.0,231.0,106.0,4295.0,1
2885.0,159.0,20.0,120.0,47.0,1031.0,237.0,239.0,123.0,2163.0,1
3071.0,252.0,10.0,127.0,14.0,2998.0,197.0,247.0,188.0,1524.0,1
2952.0,324.0,20.0,255.0,85.0,6091.0,167.0,215.0,187.0,4702.0,1
3352.0,77.0,17.0,684.0,70.0,2306.0,239.0,206.0,92.0,2120.0,0
3180.0,83.0,13.0,361.0,103.0,642.0,238.0,216.0,106.0,674.0,0
2982.0,270.0,12.0,595.0,82.0,5731.0,188.0,244.0,195.0,5248.0,1
2892.0,326.0,20.0,67.0,17.0,5323.0,167.0,214.0,184.0,1040.0,1
3009.0,35.0,16.0,60.0,4.0,1256.0,217.0,204.0,118.0,1269.0,1
3100.0,151.0,11.0,255.0,-2.0,3778.0,234.0,240.0,135.0,1146.0,0
2825.0,304.0,20.0,192.0,63.0,2379.0,162.0,226.0,203.0,1087.0,1
2859.0,108.0,17.0,175.0,35.0,2413.0,247.0,218.0,93.0,2264.0,1
2846.0,49.0,28.0,361.0,124.0,1738.0,219.0,168.0,67.0,858.0,1
3279.0,87.0,9.0,691.0,141.0,785.0,234.0,224.0,121.0,2069.0,1
2796.0,210.0,33.0,301.0,-13.0,2343.0,176.0,249.0,188.0,1719.0,1
3292.0,290.0,5.0,134.0,32.0,5779.0,206.0,239.0,172.0,700.0,0
2703.0,77.0,4.0,600.0,-12.0,1072.0,226.0,231.0,141.0,1517.0,1
3161.0,209.0,6.0,600.0,77.0,295.0,215.0,246.0,167.0,2349.0,1
2715.0,68.0,3.0,256.0,20.0,2162.0,222.0,234.0,148.0,4311.0,1
3207.0,186.0,5.0,0.0,0.0,212.0,221.0,243.0,158.0,891.0,1
3064.0,341.0,18.0,67.0,27.0,3769.0,179.0,210.0,168.0,2657.0,0
2998.0,161.0,17.0,511.0,20.0,6404.0,235.0,242.0,131.0,2929.0,1
2577.0,358.0,7.0,60.0,0.0,960.0,209.0,227.0,156.0,256.0,1
2937.0,59.0,10.0,330.0,-2.0,659.0,228.0,220.0,125.0,2115.0,1
2846.0,106.0,18.0,190.0,44.0,2644.0,247.0,216.0,91.0,1911.0,1
2981.0,177.0,21.0,85.0,11.0,960.0,225.0,246.0,143.0,977.0,1
3067.0,96.0,12.0,360.0,40.0,3520.0,239.0,222.0,111.0,4966.0,1
3067.0,38.0,12.0,60.0,3.0,3547.0,220.0,214.0,127.0,5303.0,0
3014.0,245.0,16.0,646.0,108.0,5805.0,185.0,251.0,202.0,4883.0,1
3037.0,263.0,21.0,511.0,-83.0,1952.0,163.0,245.0,218.0,1836.0,1
3078.0,169.0,11.0,60.0,3.0,3357.0,229.0,245.0,147.0,1218.0,1
3160.0,270.0,15.0,150.0,25.0,1224.0,178.0,244.0,204.0,1390.0,0
3234.0,110.0,14.0,458.0,102.0,765.0,244.0,223.0,106.0,5502.0,0
3224.0,225.0,1.0,342.0,11.0,6103.0,217.0,240.0,160.0,1054.0,0
3146.0,6.0,4.0,0.0,0.0,313.0,214.0,231.0,154.0,1561.0,0
3085.0,32.0,6.0,379.0,10.0,2751.0,219.0,226.0,144.0,1710.0,1
3174.0,327.0,11.0,30.0,-4.0,1851.0,193.0,228.0,174.0,1842.0,0
3025.0,254.0,7.0,0.0,0.0,2910.0,204.0,245.0,179.0,1100.0,0
2998.0,67.0,8.0,642.0,13.0,4424.0,228.0,224.0,129.0,3132.0,1
3167.0,5.0,12.0,95.0,19.0,990.0,205.0,217.0,149.0,2106.0,1
3261.0,31.0,1.0,297.0,95.0,765.0,218.0,235.0,154.0,1972.0,0
3034.0,161.0,16.0,485.0,-73.0,474.0,234.0,242.0,134.0,1543.0,0
2896.0,126.0,18.0,134.0,33.0,2816.0,247.0,225.0,99.0,1879.0,1
3225.0,348.0,11.0,759.0,35.0,1984.0,199.0,222.0,161.0,524.0,0
2932.0,103.0,17.0,150.0,-10.0,285.0,247.0,215.0,91.0,1142.0,0
3090.0,12.0,10.0,95.0,9.0,4343.0,210.0,219.0,146.0,3397.0,0
2702.0,35.0,20.0,335.0,175.0,883.0,213.0,192.0,107.0,808.0,1
2765.0,32.0,15.0,618.0,90.0,598.0,216.0,206.0,123.0,1292.0,1
3158.0,97.0,11.0,67.0,10.0,1449.0,238.0,224.0,116.0,2416.0,0
2879.0,39.0,9.0,277.0,26.0,2694.0,221.0,219.0,133.0,2434.0,1
3214.0,3.0,5.0,42.0,2.0,5923.0,214.0,231.0,155.0,1207.0,0
3403.0,346.0,16.0,698.0,111.0,2505.0,188.0,213.0,163.0,1254.0,0
2858.0,22.0,13.0,108.0,6.0,3260.0,212.0,212.0,135.0,4791.0,1
2466.0,354.0,20.0,0.0,0.0,807.0,182.0,201.0,153.0,1463.0,0
2703.0,17.0,27.0,201.0,59.0,2040.0,187.0,173.0,112.0,845.0,1
3163.0,285.0,17.0,485.0,39.0,3648.0,171.0,238.0,206.0,1356.0,0
2959.0,108.0,12.0,256.0,62.0,3867.0,240.0,226.0,114.0,5291.0,1
2735.0,304.0,12.0,67.0,8.0,1572.0,187.0,234.0,187.0,2443.0,1
2965.0,41.0,14.0,42.0,9.0,1052.0,221.0,209.0,120.0,42.0,1
3029.0,340.0,6.0,124.0,20.0,2737.0,207.0,231.0,163.0,750.0,0
3295.0,121.0,11.0,150.0,40.0,5955.0,238.0,231.0,122.0,360.0,0
2985.0,93.0,16.0,300.0,82.0,4419.0,243.0,214.0,96.0,4826.0,1
3281.0,351.0,7.0,201.0,40.0,1368.0,207.0,227.0,159.0,600.0,0
3076.0,77.0,14.0,180.0,8.0,830.0,237.0,212.0,103.0,2056.0,0
2926.0,64.0,8.0,361.0,56.0,1861.0,228.0,224.0,129.0,2577.0,1
2734.0,186.0,19.0,212.0,113.0,2156.0,219.0,250.0,156.0,485.0,1
3211.0,86.0,10.0,247.0,36.0,3284.0,234.0,224.0,120.0,4669.0,0
3078.0,18.0,1.0,573.0,35.0,661.0,218.0,236.0,156.0,738.0,1
3162.0,140.0,20.0,228.0,23.0,1825.0,246.0,229.0,102.0,2048.0,0
3081.0,3.0,12.0,42.0,6.0,3797.0,203.0,216.0,150.0,1900.0,0
2886.0,3.0,10.0,0.0,0.0,3801.0,206.0,220.0,152.0,2689.0,1
3033.0,241.0,18.0,466.0,236.0,2724.0,184.0,252.0,203.0,1697.0,0
3310.0,90.0,18.0,424.0,19.0,1667.0,244.0,209.0,89.0,3141.0,1
2941.0,60.0,8.0,30.0,13.0,2067.0,226.0,224.0,132.0,2854.0,1
3247.0,315.0,6.0,95.0,3.0,5630.0,205.0,235.0,170.0,703.0,0
2684.0,134.0,13.0,134.0,31.0,1852.0,240.0,233.0,120.0,1034.0,1
2883.0,55.0,6.0,0.0,0.0,1800.0,224.0,227.0,139.0,2177.0,0
2952.0,327.0,5.0,0.0,0.0,1530.0,208.0,234.0,165.0,2106.0,0
2965.0,34.0,12.0,335.0,49.0,4656.0,218.0,214.0,130.0,4135.0,0
3188.0,189.0,24.0,228.0,71.0,2804.0,213.0,250.0,158.0,1026.0,0
2699.0,47.0,20.0,170.0,43.0,1899.0,222.0,192.0,96.0,994.0,1
3279.0,54.0,16.0,255.0,57.0,2881.0,228.0,204.0,105.0,2431.0,0
3260.0,203.0,18.0,402.0,147.0,1110.0,208.0,253.0,174.0,1953.0,0
3075.0,324.0,11.0,150.0,18.0,3306.0,192.0,228.0,176.0,2285.0,0
3142.0,9.0,14.0,150.0,19.0,3129.0,203.0,211.0,144.0,3225.0,0
3078.0,171.0,10.0,162.0,13.0,2522.0,227.0,245.0,149.0,3540.0,0
3097.0,6.0,12.0,180.0,38.0,1699.0,205.0,217.0,148.0,474.0,1
3057.0,124.0,17.0,451.0,190.0,6107.0,246.0,226.0,102.0,3960.0,1
2843.0,35.0,10.0,0.0,0.0,1784.0,219.0,218.0,134.0,2514.0,1
2965.0,237.0,11.0,509.0,59.0,5805.0,200.0,250.0,187.0,3510.0,1
3109.0,58.0,23.0,300.0,-59.0,1024.0,230.0,184.0,75.0,930.0,0
3285.0,351.0,6.0,285.0,57.0,1680.0,210.0,230.0,159.0,858.0,0
2991.0,113.0,14.0,212.0,32.0,4924.0,243.0,225.0,108.0,5844.0,1
2687.0,117.0,11.0,150.0,7.0,566.0,238.0,230.0,121.0,1537.0,0
3222.0,147.0,16.0,446.0,129.0,342.0,240.0,236.0,121.0,3074.0,0
3167.0,90.0,3.0,301.0,30.0,2010.0,224.0,234.0,146.0,779.0,0
2854.0,85.0,13.0,306.0,62.0,4422.0,238.0,218.0,109.0,5210.0,0
3414.0,321.0,6.0,700.0,218.0,808.0,204.0,234.0,169.0,842.0,0
3063.0,43.0,15.0,400.0,48.0,4624.0,221.0,205.0,114.0,3004.0,0
3239.0,11.0,10.0,543.0,40.0,618.0,210.0,221.0,147.0,1050.0,0
2809.0,73.0,11.0,283.0,36.0,2257.0,233.0,220.0,118.0,2652.0,1
3328.0,118.0,8.0,350.0,43.0,1718.0,234.0,233.0,130.0,1947.0,0
2982.0,287.0,12.0,60.0,12.0,2509.0,186.0,239.0,193.0,875.0,0
3152.0,150.0,17.0,150.0,3.0,6284.0,240.0,237.0,121.0,1075.0,0
2768.0,23.0,7.0,120.0,15.0,516.0,216.0,225.0,145.0,2765.0,1
3021.0,90.0,1.0,0.0,0.0,6549.0,221.0,236.0,151.0,3287.0,1
2733.0,189.0,18.0,108.0,30.0,726.0,218.0,251.0,160.0,2108.0,1
2934.0,106.0,14.0,67.0,11.0,3717.0,243.0,223.0,107.0,1396.0,1
3285.0,4.0,4.0,90.0,0.0,5691.0,215.0,232.0,155.0,674.0,0
3163.0,238.0,21.0,180.0,32.0,1641.0,178.0,253.0,207.0,2230.0,0
3276.0,337.0,14.0,295.0,35.0,4648.0,189.0,221.0,170.0,841.0,0
2937.0,259.0,2.0,42.0,0.0,3931.0,213.0,240.0,165.0,1928.0,0
3112.0,63.0,23.0,408.0,97.0,4563.0,233.0,186.0,72.0,3084.0,0
3133.0,77.0,16.0,30.0,-1.0,4739.0,238.0,210.0,98.0,2954.0,0
3004.0,0.0,0.0,503.0,30.0,1954.0,218.0,238.0,156.0,1176.0,0
3206.0,92.0,6.0,313.0,11.0,1024.0,230.0,230.0,133.0,1317.0,0
3109.0,50.0,14.0,361.0,55.0,3596.0,226.0,208.0,113.0,3060.0,0
3040.0,351.0,8.0,42.0,3.0,1273.0,206.0,227.0,159.0,2416.0,1
2640.0,259.0,2.0,212.0,12.0,272.0,213.0,240.0,165.0,1650.0,1
3202.0,59.0,10.0,120.0,-3.0,2523.0,228.0,220.0,125.0,1415.0,0
2843.0,264.0,35.0,120.0,72.0,2163.0,112.0,230.0,243.0,1384.0,0
3146.0,128.0,20.0,212.0,28.0,3619.0,248.0,224.0,94.0,216.0,0
3198.0,230.0,14.0,524.0,125.0,5943.0,197.0,252.0,190.0,2236.0,1
2946.0,142.0,14.0,0.0,0.0,1556.0,239.0,236.0,123.0,242.0,0
3018.0,271.0,16.0,30.0,8.0,2880.0,178.0,244.0,205.0,1006.0,0
3172.0,58.0,12.0,120.0,37.0,1748.0,228.0,214.0,117.0,2083.0,1
2977.0,84.0,2.0,731.0,175.0,1113.0,222.0,235.0,149.0,2391.0,1
2965.0,53.0,14.0,216.0,26.0,6103.0,227.0,209.0,112.0,3824.0,0
3285.0,346.0,11.0,757.0,94.0,6047.0,199.0,223.0,162.0,2793.0,1
2973.0,146.0,2.0,60.0,0.0,2559.0,221.0,238.0,153.0,1812.0,0
3167.0,5.0,13.0,511.0,60.0,5691.0,204.0,215.0,148.0,721.0,0
2642.0,7.0,23.0,180.0,77.0,1803.0,185.0,187.0,132.0,1426.0,1
2978.0,7.0,12.0,170.0,23.0,5749.0,205.0,215.0,147.0,3660.0,0
3171.0,302.0,21.0,210.0,47.0,3997.0,156.0,225.0,207.0,1682.0,0
3178.0,282.0,11.0,67.0,1.0,664.0,189.0,241.0,191.0,959.0,1
3075.0,359.0,14.0,90.0,18.0,3734.0,199.0,214.0,152.0,1945.0,0
3308.0,75.0,11.0,390.0,74.0,3679.0,233.0,220.0,117.0,1630.0,0
3070.0,356.0,13.0,30.0,7.0,594.0,199.0,217.0,155.0,1478.0,1
2826.0,80.0,15.0,60.0,9.0,1290.0,239.0,211.0,98.0,2356.0,1
2956.0,120.0,7.0,30.0,6.0,4140.0,232.0,235.0,136.0,990.0,0
2813.0,275.0,12.0,499.0,81.0,95.0,188.0,243.0,194.0,1827.0,1
3222.0,133.0,18.0,540.0,68.0,1168.0,246.0,228.0,103.0,2271.0,0
3054.0,30.0,8.0,450.0,14.0,4964.0,218.0,223.0,141.0,408.0,1
2812.0,346.0,19.0,228.0,56.0,1470.0,181.0,207.0,163.0,2605.0,1
3233.0,204.0,19.0,190.0,66.0,2227.0,205.0,254.0,176.0,1315.0,0
2636.0,160.0,14.0,301.0,36.0,845.0,234.0,242.0,135.0,2408.0,1
3253.0,74.0,16.0,510.0,74.0,4821.0,237.0,207.0,95.0,3076.0,0
2672.0,85.0,15.0,124.0,15.0,3538.0,240.0,213.0,99.0,2264.0,1
3101.0,35.0,13.0,272.0,34.0,4837.0,218.0,211.0,127.0,591.0,1
2669.0,93.0,15.0,210.0,52.0,1027.0,242.0,215.0,99.0,582.0,1
2660.0,107.0,20.0,285.0,74.0,1302.0,250.0,212.0,81.0,674.0,1
3074.0,317.0,19.0,335.0,69.0,2592.0,166.0,220.0,192.0,904.0,0
3441.0,221.0,10.0,870.0,48.0,3479.0,208.0,250.0,178.0,351.0,0
2959.0,356.0,15.0,150.0,20.0,3267.0,196.0,213.0,154.0,2151.0,0
3151.0,270.0,4.0,30.0,2.0,1266.0,208.0,241.0,171.0,450.0,0
2864.0,272.0,17.0,170.0,56.0,2214.0,173.0,243.0,209.0,1034.0,1
3176.0,25.0,25.0,774.0,-47.0,847.0,199.0,178.0,105.0,1824.0,0
3086.0,14.0,8.0,42.0,2.0,3766.0,213.0,224.0,148.0,362.0,0
3092.0,42.0,19.0,841.0,-94.0,1699.0,219.0,194.0,103.0,2193.0,0
3107.0,180.0,9.0,391.0,48.0,484.0,224.0,246.0,155.0,1304.0,1
3035.0,304.0,20.0,85.0,23.0,1920.0,160.0,225.0,204.0,1451.0,0
3186.0,122.0,9.0,0.0,0.0,4310.0,236.0,233.0,127.0,3274.0,0
3162.0,354.0,7.0,95.0,20.0,3118.0,208.0,227.0,157.0,5077.0,0
2854.0,7.0,15.0,85.0,15.0,1484.0,202.0,210.0,144.0,2582.0,0
3263.0,327.0,11.0,0.0,0.0,882.0,193.0,228.0,174.0,1319.0,1
3054.0,229.0,17.0,210.0,42.0,2201.0,191.0,253.0,196.0,1809.0,1
2706.0,35.0,10.0,153.0,17.0,1996.0,219.0,218.0,134.0,5521.0,1
3301.0,336.0,9.0,30.0,2.0,4039.0,201.0,229.0,167.0,1579.0,0
3096.0,281.0,10.0,30.0,8.0,1976.0,194.0,241.0,187.0,573.0,0
3305.0,184.0,17.0,805.0,148.0,942.0,222.0,249.0,154.0,1476.0,1
2955.0,135.0,13.0,150.0,23.0,4222.0,240.0,234.0,120.0,5213.0,1
2988.0,176.0,7.0,417.0,43.0,6096.0,224.0,244.0,154.0,3215.0,1
2864.0,28.0,10.0,430.0,32.0,660.0,216.0,218.0,137.0,1339.0,1
3194.0,45.0,8.0,42.0,-4.0,5072.0,223.0,222.0,134.0,722.0,0
3508.0,108.0,20.0,400.0,74.0,2659.0,250.0,212.0,81.0,2096.0,0
2807.0,5.0,10.0,212.0,9.0,1764.0,208.0,221.0,150.0,1830.0,1
3057.0,342.0,11.0,234.0,31.0,3727.0,198.0,224.0,165.0,765.0,0
3188.0,213.0,13.0,42.0,-2.0,2113.0,208.0,252.0,177.0,3999.0,0
2932.0,60.0,5.0,30.0,3.0,1861.0,224.0,229.0,140.0,1718.0,0
2981.0,299.0,9.0,162.0,29.0,474.0,196.0,237.0,181.0,834.0,1
2974.0,161.0,16.0,875.0,95.0,2966.0,234.0,242.0,134.0,1645.0,1
3022.0,6.0,13.0,108.0,12.0,1284.0,203.0,214.0,147.0,1325.0,1
3183.0,299.0,6.0,268.0,23.0,4872.0,203.0,238.0,174.0,2503.0,1
3214.0,62.0,4.0,560.0,39.0,4010.0,223.0,232.0,145.0,2885.0,0
2738.0,37.0,18.0,0.0,0.0,1353.0,216.0,198.0,111.0,1693.0,1
3060.0,106.0,15.0,323.0,92.0,3797.0,245.0,220.0,99.0,2477.0,0
2554.0,52.0,8.0,182.0,24.0,1383.0,225.0,223.0,132.0,4682.0,1
2733.0,90.0,9.0,0.0,0.0,2854.0,233.0,227.0,125.0,2644.0,1
3022.0,262.0,12.0,589.0,-46.0,1822.0,190.0,246.0,195.0,2301.0,1
3206.0,174.0,2.0,170.0,11.0,5344.0,220.0,240.0,156.0,1172.0,0
3119.0,111.0,11.0,120.0,11.0,5370.0,238.0,229.0,119.0,847.0,1
3050.0,0.0,0.0,270.0,2.0,2733.0,218.0,237.0,156.0,825.0,1
3056.0,21.0,14.0,170.0,21.0,4625.0,210.0,210.0,134.0,679.0,1
2975.0,118.0,18.0,360.0,129.0,2324.0,248.0,221.0,95.0,1499.0,1
3316.0,289.0,9.0,295.0,37.0,3630.0,194.0,239.0,185.0,1962.0,0
2859.0,10.0,7.0,134.0,24.0,2906.0,213.0,226.0,151.0,2792.0,1
2984.0,24.0,16.0,85.0,14.0,1851.0,210.0,205.0,128.0,3769.0,0
2597.0,81.0,11.0,150.0,28.0,1451.0,235.0,219.0,114.0,1438.0,1
3169.0,34.0,14.0,60.0,21.0,1565.0,217.0,210.0,125.0,2492.0,0
2991.0,4.0,10.0,309.0,42.0,4339.0,207.0,220.0,151.0,5083.0,0
3012.0,294.0,23.0,85.0,16.0,499.0,150.0,227.0,215.0,2296.0,0
3037.0,16.0,8.0,247.0,-2.0,3159.0,214.0,224.0,147.0,977.0,0
3042.0,198.0,1.0,446.0,58.0,3252.0,218.0,239.0,157.0,726.0,1
2980.0,108.0,12.0,283.0,-33.0,636.0,241.0,225.0,112.0,2001.0,1
2793.0,47.0,12.0,180.0,12.0,1395.0,224.0,214.0,122.0,1140.0,1
3011.0,206.0,17.0,319.0,52.0,5728.0,207.0,253.0,176.0,2273.0,1
2929.0,216.0,4.0,201.0,-1.0,1761.0,216.0,243.0,165.0,1003.0,1
3191.0,58.0,12.0,446.0,6.0,2052.0,228.0,214.0,117.0,987.0,0
3190.0,235.0,12.0,313.0,-16.0,721.0,200.0,250.0,187.0,2170.0,1
3360.0,3.0,15.0,30.0,7.0,3985.0,198.0,209.0,147.0,1425.0,0
2893.0,170.0,4.0,150.0,13.0,3736.0,223.0,241.0,154.0,3830.0,1
3146.0,329.0,14.0,361.0,53.0,2842.0,187.0,223.0,176.0,3514.0,0
3230.0,270.0,11.0,108.0,22.0,3171.0,192.0,244.0,192.0,1464.0,0
2784.0,163.0,22.0,85.0,15.0,4090.0,234.0,240.0,126.0,5371.0,1
3240.0,155.0,7.0,30.0,0.0,5327.0,228.0,241.0,146.0,503.0,1
3039.0,128.0,8.0,90.0,-5.0,2675.0,234.0,235.0,132.0,553.0,1
3201.0,83.0,9.0,30.0,-4.0,1915.0,233.0,224.0,122.0,1733.0,0
2709.0,6.0,11.0,366.0,97.0,2467.0,207.0,219.0,149.0,1473.0,1
2580.0,14.0,7.0,240.0,64.0,1683.0,213.0,225.0,149.0,1868.0,1
2861.0,80.0,27.0,134.0,71.0,488.0,243.0,181.0,50.0,541.0,0
2955.0,135.0,13.0,400.0,59.0,5535.0,240.0,234.0,120.0,4499.0,1
2922.0,12.0,8.0,30.0,-3.0,3781.0,212.0,224.0,149.0,6376.0,1
3065.0,254.0,12.0,458.0,149.0,3139.0,192.0,248.0,194.0,2084.0,0
3196.0,52.0,18.0,600.0,136.0,1703.0,226.0,197.0,98.0,2118.0,0
2768.0,144.0,4.0,180.0,25.0,2718.0,226.0,239.0,148.0,5747.0,1
2863.0,90.0,15.0,95.0,16.0,3899.0,242.0,214.0,98.0,6181.0,1
2906.0,34.0,11.0,531.0,82.0,1595.0,219.0,217.0,133.0,2881.0,1
2676.0,126.0,2.0,30.0,-1.0,1342.0,223.0,237.0,151.0,1529.0,1
3113.0,80.0,18.0,150.0,-23.0,860.0,241.0,206.0,89.0,1224.0,0
3179.0,332.0,14.0,42.0,8.0,2605.0,188.0,222.0,173.0,2771.0,0
3153.0,24.0,9.0,323.0,31.0,1973.0,215.0,220.0,141.0,2738.0,0
3019.0,315.0,10.0,60.0,10.0,2783.0,193.0,232.0,178.0,713.0,0
3051.0,339.0,11.0,309.0,27.0,849.0,196.0,224.0,167.0,1092.0,1
2754.0,222.0,27.0,242.0,137.0,513.0,174.0,253.0,202.0,1598.0,1
3356.0,165.0,14.0,42.0,17.0,1591.0,231.0,244.0,141.0,3355.0,0
2891.0,55.0,19.0,402.0,68.0,2696.0,228.0,197.0,95.0,3085.0,1
3041.0,85.0,23.0,120.0,40.0,2075.0,246.0,194.0,66.0,2922.0,0
2947.0,23.0,6.0,201.0,49.0,2256.0,216.0,227.0,147.0,510.0,1
3141.0,80.0,5.0,268.0,20.0,5559.0,227.0,230.0,137.0,706.0,0
3235.0,24.0,11.0,30.0,3.0,4387.0,214.0,215.0,136.0,931.0,0
3140.0,31.0,7.0,201.0,12.0,2497.0,218.0,225.0,143.0,1383.0,0
3069.0,39.0,3.0,0.0,0.0,1478.0,220.0,232.0,149.0,3036.0,0
3091.0,20.0,13.0,247.0,14.0,1530.0,210.0,211.0,135.0,1950.0,0
3060.0,5.0,23.0,277.0,93.0,2492.0,184.0,189.0,136.0,1215.0,0
2776.0,185.0,16.0,212.0,62.0,2458.0,221.0,249.0,156.0,2482.0,1
2985.0,45.0,10.0,424.0,72.0,4633.0,223.0,218.0,129.0,3998.0,0
3104.0,270.0,15.0,541.0,75.0,2864.0,180.0,244.0,203.0,708.0,0
3041.0,270.0,27.0,247.0,115.0,2589.0,139.0,237.0,231.0,2652.0,1
2815.0,219.0,31.0,108.0,52.0,3054.0,169.0,251.0,201.0,1374.0,1
2815.0,215.0,32.0,212.0,114.0,2671.0,171.0,249.0,195.0,994.0,1
3077.0,83.0,4.0,255.0,14.0,1307.0,225.0,233.0,143.0,1615.0,1
3285.0,93.0,12.0,210.0,-28.0,4084.0,239.0,222.0,111.0,2230.0,0
2932.0,80.0,12.0,210.0,19.0,4821.0,236.0,219.0,113.0,2697.0,0
3139.0,57.0,20.0,150.0,56.0,5037.0,230.0,194.0,89.0,1516.0,0
2878.0,2.0,32.0,192.0,-17.0,268.0,159.0,162.0,126.0,1507.0,0
2967.0,72.0,5.0,558.0,54.0,4073.0,225.0,231.0,141.0,4650.0,1
3234.0,13.0,9.0,108.0,16.0,1224.0,212.0,222.0,148.0,2003.0,0
2891.0,139.0,9.0,192.0,23.0,3218.0,234.0,237.0,134.0,2148.0,1
2755.0,37.0,14.0,488.0,66.0,335.0,219.0,209.0,123.0,1025.0,1
2860.0,162.0,8.0,218.0,40.0,2164.0,229.0,242.0,146.0,2896.0,1
2884.0,139.0,22.0,42.0,17.0,3492.0,247.0,227.0,96.0,5018.0,1
3029.0,31.0,11.0,30.0,1.0,2413.0,217.0,216.0,133.0,2912.0,1
3152.0,241.0,13.0,751.0,8.0,6266.0,194.0,251.0,193.0,1240.0,1
2804.0,141.0,3.0,180.0,13.0,3135.0,224.0,238.0,150.0,5982.0,1
3115.0,338.0,5.0,569.0,-70.0,1150.0,209.0,233.0,162.0,1184.0,0
2913.0,358.0,5.0,277.0,22.0,1337.0,211.0,230.0,156.0,1702.0,0
3034.0,7.0,11.0,547.0,0.0,6536.0,206.0,217.0,148.0,3628.0,0
3166.0,220.0,8.0,484.0,111.0,3079.0,210.0,248.0,174.0,228.0,1
3146.0,9.0,18.0,551.0,73.0,1448.0,197.0,202.0,138.0,2177.0,0
3021.0,182.0,18.0,120.0,17.0,6361.0,223.0,249.0,152.0,3348.0,1
2943.0,96.0,13.0,300.0,-35.0,424.0,241.0,220.0,107.0,916.0,0
2930.0,262.0,21.0,85.0,19.0,5687.0,164.0,245.0,217.0,1087.0,1
3070.0,108.0,19.0,150.0,48.0,4855.0,249.0,214.0,86.0,234.0,0
2827.0,186.0,21.0,30.0,14.0,2553.0,218.0,249.0,154.0,1883.0,1
2745.0,70.0,17.0,90.0,-2.0,2388.0,236.0,205.0,96.0,481.0,1
3120.0,214.0,14.0,150.0,10.0,1416.0,207.0,252.0,179.0,2436.0,0
2878.0,190.0,25.0,242.0,120.0,1461.0,211.0,249.0,157.0,1798.0,1
2965.0,77.0,12.0,400.0,6.0,3315.0,235.0,218.0,113.0,6002.0,1
2781.0,280.0,18.0,240.0,62.0,2531.0,169.0,239.0,209.0,30.0,1
3085.0,162.0,9.0,240.0,4.0,3610.0,229.0,243.0,145.0,932.0,0
2867.0,355.0,20.0,350.0,161.0,2904.0,182.0,200.0,152.0,1797.0,1
3047.0,61.0,30.0,371.0,102.0,1704.0,229.0,163.0,45.0,3355.0,0
3346.0,224.0,30.0,150.0,91.0,3448.0,168.0,251.0,206.0,371.0,0
2982.0,66.0,6.0,376.0,0.0,4625.0,227.0,227.0,135.0,5028.0,1
3275.0,167.0,8.0,306.0,99.0,3433.0,226.0,243.0,150.0,2947.0,0
3237.0,247.0,2.0,430.0,54.0,5769.0,215.0,240.0,162.0,2066.0,0
3367.0,198.0,20.0,330.0,41.0,3004.0,210.0,253.0,169.0,1608.0,0
3182.0,336.0,6.0,591.0,7.0,3864.0,207.0,232.0,164.0,4136.0,0
3009.0,312.0,6.0,67.0,15.0,2435.0,204.0,236.0,170.0,953.0,0
3231.0,37.0,10.0,488.0,40.0,3164.0,220.0,219.0,133.0,3776.0,0
2826.0,141.0,6.0,150.0,24.0,1052.0,230.0,238.0,142.0,2001.0,0
3138.0,51.0,19.0,108.0,34.0,2837.0,226.0,197.0,98.0,1381.0,0
3047.0,336.0,6.0,95.0,12.0,1742.0,206.0,231.0,164.0,1652.0,0
3043.0,347.0,9.0,514.0,98.0,2742.0,202.0,225.0,161.0,1541.0,0
2930.0,4.0,11.0,708.0,55.0,732.0,206.0,220.0,151.0,1116.0,0
3126.0,7.0,11.0,730.0,-25.0,4213.0,207.0,218.0,148.0,3784.0,0
3056.0,315.0,11.0,379.0,13.0,459.0,192.0,231.0,180.0,525.0,1
3165.0,24.0,16.0,60.0,13.0,2577.0,210.0,204.0,127.0,2843.0,0
2789.0,308.0,3.0,30.0,-5.0,1725.0,212.0,237.0,164.0,1600.0,1
2981.0,257.0,11.0,108.0,18.0,1634.0,195.0,247.0,190.0,1500.0,1
3037.0,236.0,14.0,270.0,32.0,5664.0,194.0,252.0,193.0,1963.0,1
2906.0,210.0,11.0,577.0,106.0,2430.0,211.0,251.0,174.0,1731.0,1
2781.0,331.0,19.0,108.0,59.0,3307.0,172.0,213.0,179.0,6087.0,0
3201.0,71.0,10.0,594.0,52.0,5824.0,231.0,221.0,121.0,1260.0,0
3094.0,90.0,23.0,67.0,6.0,2760.0,248.0,197.0,65.0,3566.0,0
3130.0,141.0,13.0,323.0,71.0,2899.0,239.0,236.0,124.0,1124.0,1
3086.0,176.0,4.0,514.0,-42.0,6321.0,221.0,241.0,156.0,2783.0,1
2903.0,45.0,2.0,335.0,3.0,4678.0,220.0,234.0,151.0,4858.0,1
2972.0,83.0,16.0,350.0,138.0,765.0,241.0,211.0,96.0,1110.0,0
2854.0,90.0,14.0,67.0,7.0,3876.0,240.0,218.0,105.0,6155.0,1
2943.0,88.0,6.0,255.0,76.0,3621.0,230.0,229.0,133.0,5220.0,1
3163.0,256.0,6.0,212.0,28.0,228.0,206.0,244.0,176.0,2831.0,1
3189.0,152.0,8.0,0.0,0.0,4355.0,230.0,240.0,142.0,3566.0,0
3210.0,95.0,16.0,95.0,6.0,2317.0,244.0,215.0,96.0,4158.0,0
2849.0,42.0,7.0,0.0,0.0,875.0,221.0,225.0,139.0,443.0,1
3055.0,107.0,5.0,571.0,83.0,2597.0,229.0,234.0,139.0,2172.0,0
2925.0,93.0,9.0,240.0,41.0,3467.0,234.0,227.0,125.0,2135.0,1
2886.0,321.0,10.0,162.0,22.0,2108.0,194.0,230.0,176.0,853.0,1
2686.0,80.0,7.0,228.0,11.0,277.0,230.0,228.0,131.0,1214.0,1
3363.0,175.0,13.0,636.0,157.0,1426.0,227.0,246.0,149.0,1834.0,0
2971.0,145.0,17.0,824.0,176.0,2791.0,241.0,235.0,118.0,1150.0,1
3271.0,289.0,15.0,309.0,57.0,607.0,177.0,237.0,200.0,1075.0,0
3094.0,253.0,9.0,0.0,0.0,216.0,199.0,246.0,185.0,2145.0,0
3233.0,340.0,15.0,323.0,15.0,3957.0,187.0,217.0,168.0,1626.0,0
2929.0,153.0,26.0,362.0,178.0,1926.0,241.0,231.0,102.0,845.0,1
3008.0,264.0,20.0,684.0,108.0,5825.0,164.0,245.0,217.0,5228.0,0
2955.0,64.0,16.0,134.0,13.0,1642.0,233.0,206.0,100.0,1505.0,0
3064.0,164.0,20.0,959.0,162.0,3127.0,234.0,242.0,130.0,1693.0,1
3071.0,33.0,5.0,0.0,0.0,1999.0,219.0,229.0,147.0,1834.0,0
3100.0,45.0,16.0,480.0,13.0,1932.0,223.0,204.0,111.0,2375.0,1
2687.0,218.0,32.0,124.0,47.0,1774.0,169.0,250.0,199.0,1148.0,1
3104.0,285.0,8.0,182.0,0.0,1729.0,198.0,240.0,182.0,920.0,0
2738.0,144.0,26.0,42.0,16.0,3357.0,246.0,224.0,89.0,1579.0,1
2876.0,310.0,23.0,268.0,40.0,2592.0,150.0,217.0,204.0,1376.0,1
2891.0,192.0,6.0,313.0,54.0,1440.0,220.0,244.0,160.0,2011.0,1
3217.0,308.0,12.0,646.0,70.0,2646.0,188.0,232.0,185.0,228.0,0
3150.0,24.0,24.0,67.0,27.0,3851.0,199.0,180.0,107.0,1263.0,0
2946.0,94.0,8.0,242.0,-7.0,1783.0,232.0,229.0,129.0,1342.0,1
3223.0,219.0,10.0,256.0,0.0,3630.0,209.0,250.0,177.0,1650.0,1
3287.0,184.0,28.0,402.0,156.0,2758.0,214.0,245.0,146.0,870.0,0
3185.0,54.0,37.0,150.0,90.0,4793.0,214.0,137.0,26.0,1627.0,0
3266.0,174.0,12.0,457.0,59.0,4063.0,227.0,246.0,150.0,2030.0,0
3106.0,29.0,7.0,690.0,-68.0,4184.0,218.0,224.0,142.0,4207.0,0
2847.0,35.0,15.0,85.0,20.0,324.0,217.0,206.0,121.0,212.0,0
3198.0,29.0,12.0,638.0,23.0,3689.0,216.0,213.0,131.0,4132.0,0
3183.0,186.0,10.0,0.0,0.0,2184.0,222.0,247.0,158.0,4006.0,0
3238.0,85.0,13.0,150.0,32.0,4227.0,239.0,217.0,106.0,1940.0,0
2949.0,296.0,7.0,228.0,13.0,3532.0,200.0,238.0,178.0,6110.0,1
2831.0,19.0,11.0,330.0,52.0,1380.0,212.0,216.0,140.0,2716.0,1
2928.0,17.0,13.0,30.0,7.0,2292.0,209.0,213.0,139.0,1964.0,0
3090.0,222.0,13.0,201.0,-17.0,2412.0,204.0,252.0,183.0,510.0,1
3032.0,68.0,8.0,339.0,42.0,4179.0,228.0,225.0,130.0,2466.0,0
2691.0,34.0,11.0,162.0,41.0,1598.0,219.0,217.0,133.0,417.0,0
3005.0,225.0,3.0,426.0,68.0,4790.0,216.0,242.0,163.0,1710.0,1
2804.0,71.0,13.0,60.0,13.0,2609.0,234.0,214.0,110.0,2736.0,1
3228.0,310.0,20.0,277.0,83.0,2582.0,161.0,222.0,199.0,301.0,0
2899.0,149.0,1.0,510.0,22.0,3840.0,221.0,238.0,154.0,3428.0,1
2835.0,255.0,22.0,390.0,54.0,1530.0,163.0,247.0,219.0,1426.0,1
2799.0,133.0,10.0,366.0,34.0,2408.0,236.0,236.0,130.0,2662.0,1
3017.0,155.0,11.0,391.0,67.0,404.0,233.0,241.0,138.0,1489.0,0
3130.0,5.0,8.0,175.0,24.0,4632.0,210.0,224.0,152.0,2605.0,1
3004.0,98.0,13.0,573.0,6.0,4312.0,240.0,222.0,110.0,3132.0,1
3270.0,199.0,14.0,408.0,137.0,2938.0,214.0,252.0,169.0,927.0,0
2962.0,56.0,23.0,309.0,128.0,1892.0,228.0,185.0,79.0,2971.0,1
3101.0,4.0,8.0,192.0,23.0,604.0,210.0,225.0,153.0,1620.0,1
2538.0,85.0,20.0,67.0,22.0,1521.0,244.0,202.0,79.0,1682.0,1
2671.0,55.0,11.0,212.0,15.0,1758.0,227.0,216.0,121.0,1719.0,1
3034.0,0.0,11.0,30.0,7.0,6397.0,203.0,219.0,153.0,3169.0,1
3325.0,47.0,10.0,153.0,3.0,3139.0,224.0,217.0,127.0,1947.0,0
3050.0,50.0,16.0,170.0,46.0,5604.0,225.0,203.0,107.0,4455.0,1
2978.0,283.0,11.0,509.0,62.0,5568.0,191.0,241.0,190.0,3703.0,1
2717.0,18.0,7.0,0.0,0.0,2520.0,215.0,226.0,148.0,4545.0,1
3056.0,75.0,3.0,0.0,0.0,3937.0,223.0,234.0,147.0,531.0,0
3218.0,146.0,12.0,421.0,64.0,1292.0,236.0,238.0,131.0,2151.0,0
3355.0,261.0,5.0,201.0,16.0,1082.0,209.0,242.0,172.0,2084.0,0
2808.0,309.0,21.0,0.0,0.0,4912.0,157.0,221.0,202.0,4715.0,1
2925.0,103.0,6.0,127.0,6.0,4518.0,231.0,232.0,134.0,4366.0,1
2826.0,76.0,13.0,234.0,55.0,2174.0,236.0,216.0,109.0,2970.0,0
3289.0,352.0,13.0,443.0,84.0,3436.0,196.0,217.0,158.0,2728.0,0
2594.0,176.0,18.0,60.0,4.0,1129.0,226.0,247.0,146.0,5222.0,1
2817.0,74.0,4.0,361.0,59.0,1840.0,225.0,231.0,142.0,2773.0,1
2940.0,88.0,16.0,210.0,-10.0,361.0,242.0,213.0,96.0,994.0,0
2977.0,56.0,22.0,433.0,161.0,497.0,228.0,186.0,80.0,785.0,1
2824.0,34.0,5.0,255.0,85.0,3347.0,219.0,228.0,146.0,6106.0,0
3152.0,26.0,7.0,190.0,17.0,2898.0,217.0,225.0,144.0,1050.0,1
2956.0,180.0,16.0,162.0,53.0,1259.0,224.0,248.0,151.0,571.0,1
3135.0,358.0,6.0,330.0,50.0,708.0,211.0,229.0,156.0,1048.0,0
3165.0,272.0,11.0,258.0,91.0,4429.0,190.0,243.0,193.0,1215.0,0
3372.0,69.0,6.0,300.0,49.0,1752.0,226.0,228.0,136.0,3141.0,0
3056.0,318.0,18.0,85.0,23.0,2155.0,169.0,221.0,190.0,3301.0,0
2978.0,214.0,10.0,607.0,2.0,5312.0,211.0,250.0,174.0,1748.0,1
2959.0,277.0,14.0,400.0,23.0,4484.0,182.0,242.0,200.0,5131.0,1
3321.0,290.0,20.0,391.0,129.0,553.0,159.0,232.0,212.0,547.0,0
3201.0,105.0,19.0,524.0,69.0,636.0,249.0,212.0,84.0,5686.0,0
3021.0,153.0,4.0,309.0,50.0,2460.0,225.0,240.0,150.0,484.0,0
2967.0,262.0,16.0,170.0,32.0,3261.0,179.0,247.0,205.0,1890.0,0
3051.0,75.0,11.0,376.0,15.0,1259.0,234.0,218.0,115.0,2879.0,1
2823.0,284.0,35.0,150.0,72.0,2400.0,105.0,216.0,239.0,589.0,1
2968.0,355.0,14.0,175.0,36.0,1895.0,196.0,214.0,155.0,2598.0,1
3065.0,194.0,10.0,67.0,17.0,1825.0,218.0,249.0,164.0,451.0,0
3095.0,299.0,29.0,30.0,0.0,4552.0,129.0,215.0,221.0,1436.0,0
3110.0,164.0,19.0,1063.0,192.0,3214.0,234.0,242.0,131.0,1664.0,1
2985.0,230.0,12.0,641.0,90.0,5916.0,202.0,251.0,185.0,6070.0,1
2925.0,107.0,15.0,60.0,14.0,3900.0,245.0,220.0,100.0,5019.0,0
3027.0,157.0,4.0,150.0,-26.0,2329.0,224.0,240.0,151.0,1064.0,1
3187.0,246.0,16.0,674.0,63.0,3439.0,187.0,250.0,200.0,1159.0,0
2728.0,302.0,27.0,150.0,54.0,1749.0,136.0,216.0,216.0,1245.0,1
2933.0,144.0,24.0,1060.0,155.0,2559.0,246.0,227.0,95.0,1351.0,1
3271.0,145.0,15.0,258.0,14.0,3037.0,239.0,237.0,123.0,792.0,0
2872.0,317.0,12.0,60.0,10.0,2793.0,187.0,229.0,182.0,1931.0,0
3362.0,8.0,9.0,450.0,75.0,2195.0,210.0,223.0,150.0,1489.0,0
3006.0,22.0,13.0,30.0,15.0,5190.0,212.0,213.0,136.0,2592.0,1
2540.0,95.0,8.0,309.0,0.0,1209.0,234.0,228.0,126.0,4826.0,1
2817.0,55.0,17.0,90.0,28.0,3451.0,228.0,203.0,102.0,2766.0,0
3223.0,335.0,8.0,0.0,0.0,4679.0,202.0,230.0,166.0,1262.0,0
3136.0,57.0,11.0,85.0,0.0,3061.0,228.0,216.0,120.0,5220.0,0
3216.0,49.0,25.0,150.0,44.0,3472.0,222.0,178.0,77.0,503.0,0
3071.0,325.0,13.0,0.0,0.0,3131.0,187.0,225.0,178.0,525.0,0
3136.0,129.0,18.0,886.0,82.0,2979.0,247.0,226.0,101.0,2707.0,1
3035.0,333.0,5.0,379.0,12.0,3032.0,208.0,233.0,164.0,1213.0,1
3164.0,98.0,13.0,417.0,53.0,384.0,240.0,222.0,110.0,5784.0,0
3016.0,229.0,14.0,404.0,66.0,1209.0,199.0,252.0,188.0,430.0,1
2813.0,172.0,14.0,210.0,29.0,2084.0,228.0,246.0,146.0,1357.0,1
2680.0,26.0,15.0,351.0,55.0,390.0,212.0,206.0,128.0,242.0,1
3047.0,61.0,8.0,467.0,0.0,2646.0,227.0,223.0,129.0,2646.0,1
3068.0,297.0,11.0,90.0,12.0,3655.0,189.0,237.0,187.0,661.0,0
3252.0,10.0,11.0,201.0,30.0,3234.0,209.0,219.0,147.0,2017.0,0
2794.0,233.0,29.0,295.0,157.0,926.0,159.0,250.0,216.0,1679.0,1
2962.0,65.0,11.0,30.0,5.0,2415.0,230.0,218.0,119.0,1860.0,1
3151.0,296.0,28.0,180.0,124.0,750.0,130.0,218.0,223.0,2308.0,0
2862.0,34.0,11.0,170.0,9.0,1370.0,219.0,217.0,133.0,2388.0,1
3182.0,317.0,16.0,323.0,77.0,3691.0,176.0,224.0,187.0,3390.0,0
3294.0,132.0,13.0,124.0,19.0,1233.0,240.0,233.0,121.0,1261.0,0
3057.0,115.0,11.0,624.0,-51.0,5973.0,239.0,230.0,120.0,3015.0,1
2662.0,18.0,11.0,277.0,37.0,313.0,211.0,217.0,142.0,301.0,1
3194.0,252.0,1.0,426.0,18.0,4751.0,217.0,239.0,159.0,2330.0,1
3234.0,115.0,17.0,339.0,51.0,3814.0,247.0,221.0,96.0,1806.0,1
3278.0,6.0,17.0,247.0,55.0,3154.0,196.0,204.0,142.0,3302.0,1
2982.0,114.0,14.0,67.0,0.0,1477.0,244.0,225.0,107.0,1471.0,0
2955.0,34.0,18.0,90.0,7.0,1543.0,215.0,199.0,114.0,3437.0,0
3182.0,150.0,9.0,558.0,10.0,4564.0,233.0,240.0,138.0,1790.0,0
3205.0,154.0,28.0,582.0,211.0,721.0,240.0,228.0,97.0,1544.0,1
3040.0,91.0,14.0,480.0,101.0,256.0,241.0,217.0,102.0,1842.0,1
3032.0,152.0,21.0,335.0,112.0,1142.0,241.0,235.0,114.0,3078.0,1
2893.0,113.0,12.0,67.0,0.0,4417.0,240.0,228.0,116.0,6202.0,1
3236.0,201.0,28.0,350.0,79.0,319.0,196.0,251.0,173.0,1209.0,0
2951.0,25.0,12.0,703.0,74.0,722.0,214.0,215.0,135.0,1170.0,0
3286.0,286.0,10.0,90.0,19.0,5868.0,191.0,240.0,188.0,576.0,0
3313.0,331.0,15.0,390.0,85.0,1801.0,184.0,221.0,176.0,1020.0,0
3247.0,278.0,10.0,150.0,27.0,3572.0,191.0,242.0,190.0,1747.0,0
3047.0,11.0,1.0,85.0,1.0,3166.0,217.0,236.0,156.0,503.0,0
3328.0,167.0,9.0,313.0,128.0,3066.0,227.0,244.0,149.0,497.0,0
2707.0,28.0,11.0,426.0,107.0,1421.0,216.0,215.0,134.0,2155.0,1
2545.0,32.0,15.0,0.0,0.0,841.0,216.0,207.0,124.0,242.0,1
3186.0,310.0,12.0,351.0,43.0,2691.0,187.0,232.0,185.0,2673.0,0
3018.0,243.0,6.0,860.0,99.0,5974.0,207.0,245.0,176.0,3373.0,1
2972.0,98.0,16.0,379.0,53.0,4756.0,245.0,215.0,94.0,6320.0,1
3090.0,41.0,33.0,300.0,71.0,3310.0,204.0,151.0,60.0,1667.0,0
3041.0,26.0,18.0,446.0,163.0,2101.0,209.0,199.0,122.0,2460.0,0
2894.0,90.0,6.0,30.0,3.0,1785.0,230.0,230.0,134.0,892.0,0
3241.0,40.0,20.0,120.0,1.0,2550.0,218.0,193.0,103.0,1513.0,0
3104.0,28.0,16.0,350.0,87.0,1492.0,212.0,204.0,124.0,2856.0,0
3092.0,65.0,22.0,577.0,67.0,2053.0,235.0,189.0,75.0,1961.0,0
3081.0,166.0,19.0,324.0,83.0,1816.0,233.0,243.0,134.0,2173.0,1
2818.0,261.0,5.0,95.0,31.0,2100.0,209.0,242.0,172.0,3101.0,0
3198.0,299.0,21.0,242.0,1.0,4118.0,156.0,227.0,209.0,417.0,0
2940.0,325.0,13.0,0.0,0.0,4143.0,186.0,225.0,178.0,467.0,0
3067.0,0.0,7.0,510.0,92.0,5486.0,210.0,227.0,155.0,3660.0,0
2962.0,3.0,21.0,120.0,16.0,1224.0,187.0,196.0,142.0,2382.0,0
2738.0,80.0,7.0,330.0,30.0,1499.0,229.0,228.0,133.0,1771.0,1
3239.0,131.0,28.0,810.0,85.0,1167.0,251.0,212.0,67.0,2584.0,0
3227.0,266.0,14.0,658.0,82.0,3296.0,183.0,245.0,201.0,1034.0,0
2804.0,64.0,13.0,134.0,20.0,1707.0,232.0,212.0,110.0,2525.0,0
3258.0,177.0,13.0,306.0,42.0,4344.0,226.0,247.0,151.0,2318.0,0
2533.0,78.0,6.0,218.0,-9.0,339.0,227.0,230.0,137.0,1290.0,1
3022.0,288.0,1.0,0.0,0.0,3318.0,216.0,238.0,159.0,182.0,0
3240.0,166.0,14.0,421.0,-90.0,446.0,231.0,244.0,140.0,3340.0,1
3195.0,348.0,7.0,277.0,23.0,4535.0,207.0,229.0,160.0,1560.0,0
2866.0,249.0,12.0,30.0,1.0,480.0,195.0,249.0,191.0,1499.0,1
3060.0,59.0,25.0,607.0,144.0,4402.0,230.0,181.0,70.0,4201.0,0
3366.0,114.0,19.0,218.0,84.0,2045.0,249.0,218.0,89.0,2771.0,0
2599.0,26.0,9.0,268.0,47.0,1242.0,216.0,220.0,140.0,1368.0,1
3283.0,74.0,20.0,484.0,68.0,1972.0,239.0,197.0,80.0,2398.0,0
3023.0,207.0,11.0,234.0,-27.0,2114.0,213.0,250.0,171.0,947.0,1
2954.0,125.0,17.0,277.0,73.0,750.0,246.0,225.0,101.0,2641.0,1
2978.0,167.0,12.0,190.0,16.0,1476.0,230.0,244.0,145.0,2132.0,1
2878.0,327.0,16.0,108.0,28.0,1583.0,180.0,220.0,180.0,2499.0,1
2995.0,324.0,13.0,127.0,20.0,3928.0,187.0,226.0,179.0,2349.0,1
3150.0,336.0,9.0,30.0,2.0,1230.0,201.0,229.0,167.0,2333.0,1
2952.0,51.0,13.0,283.0,22.0,713.0,226.0,211.0,117.0,2218.0,1
3234.0,63.0,2.0,474.0,24.0,4629.0,221.0,234.0,150.0,2362.0,0
2605.0,110.0,16.0,90.0,8.0,953.0,245.0,221.0,100.0,660.0,1
3281.0,19.0,11.0,313.0,54.0,3150.0,212.0,217.0,141.0,2197.0,0
3199.0,193.0,8.0,0.0,0.0,3378.0,219.0,247.0,162.0,1380.0,0
3045.0,42.0,13.0,1254.0,176.0,2800.0,222.0,212.0,123.0,1121.0,1
2867.0,119.0,15.0,247.0,46.0,2398.0,244.0,226.0,107.0,2689.0,1
2793.0,169.0,19.0,120.0,8.0,2322.0,231.0,244.0,137.0,960.0,1
2484.0,12.0,16.0,30.0,7.0,1116.0,203.0,206.0,138.0,819.0,1
3097.0,266.0,7.0,67.0,5.0,5462.0,203.0,243.0,179.0,2948.0,1
2992.0,81.0,26.0,30.0,24.0,684.0,244.0,184.0,53.0,2350.0,1
2913.0,74.0,26.0,150.0,-53.0,426.0,240.0,182.0,57.0,300.0,0
2716.0,70.0,11.0,418.0,77.0,2536.0,232.0,218.0,117.0,2292.0,1
2988.0,105.0,13.0,272.0,50.0,2070.0,241.0,224.0,110.0,1855.0,1
3017.0,113.0,7.0,42.0,3.0,3060.0,233.0,233.0,132.0,2206.0,1
3296.0,112.0,5.0,90.0,-6.0,5669.0,229.0,234.0,139.0,677.0,0
3045.0,157.0,18.0,120.0,30.0,582.0,237.0,240.0,126.0,1290.0,1
2857.0,53.0,10.0,390.0,36.0,3719.0,226.0,219.0,127.0,6083.0,1
3075.0,97.0,13.0,124.0,9.0,3510.0,241.0,220.0,106.0,458.0,0
2901.0,148.0,21.0,108.0,-5.0,350.0,243.0,233.0,109.0,1672.0,1
3072.0,69.0,10.0,30.0,4.0,5064.0,231.0,221.0,122.0,782.0,0
3018.0,72.0,20.0,450.0,208.0,1050.0,238.0,197.0,81.0,1022.0,1
3313.0,61.0,17.0,612.0,134.0,4016.0,231.0,202.0,98.0,2779.0,0
3198.0,183.0,16.0,162.0,5.0,741.0,222.0,249.0,154.0,1216.0,0
2978.0,34.0,17.0,30.0,3.0,6185.0,215.0,201.0,117.0,3589.0,0
3000.0,151.0,11.0,95.0,6.0,313.0,234.0,240.0,136.0,1782.0,0
2903.0,146.0,14.0,342.0,64.0,999.0,239.0,237.0,124.0,2458.0,1
2831.0,57.0,14.0,134.0,29.0,2044.0,229.0,209.0,110.0,2598.0,1
3093.0,27.0,10.0,30.0,3.0,3461.0,216.0,219.0,139.0,2945.0,0
3251.0,298.0,10.0,201.0,-23.0,2876.0,191.0,236.0,186.0,481.0,0
3194.0,210.0,10.0,277.0,44.0,927.0,212.0,250.0,172.0,339.0,0
3144.0,40.0,8.0,0.0,0.0,2454.0,221.0,223.0,137.0,2790.0,0
2707.0,158.0,8.0,153.0,18.0,1956.0,229.0,242.0,146.0,5735.0,1
3175.0,333.0,17.0,67.0,18.0,2455.0,180.0,216.0,175.0,2819.0,0
2939.0,217.0,7.0,366.0,30.0,5813.0,212.0,247.0,171.0,5372.0,1
3061.0,50.0,11.0,90.0,21.0,4692.0,225.0,217.0,125.0,433.0,1
3136.0,294.0,17.0,201.0,54.0,4574.0,168.0,233.0,204.0,1357.0,0
3072.0,323.0,25.0,201.0,43.0,2556.0,147.0,204.0,192.0,2896.0,0
2781.0,88.0,18.0,277.0,93.0,283.0,244.0,209.0,88.0,2588.0,1
2913.0,312.0,7.0,153.0,7.0,4821.0,202.0,235.0,173.0,3987.0,0
2643.0,124.0,20.0,210.0,43.0,1158.0,249.0,221.0,91.0,2315.0,1
2926.0,344.0,21.0,890.0,160.0,2418.0,173.0,202.0,164.0,849.0,1
3259.0,53.0,10.0,421.0,80.0,4207.0,226.0,219.0,127.0,2837.0,0
3020.0,47.0,8.0,60.0,-4.0,3344.0,223.0,223.0,134.0,5280.0,0
3028.0,2.0,12.0,60.0,-2.0,931.0,203.0,216.0,151.0,153.0,0
3280.0,341.0,19.0,604.0,180.0,3388.0,177.0,209.0,168.0,3502.0,1
3138.0,113.0,18.0,190.0,63.0,2890.0,248.0,218.0,92.0,3707.0,0
3206.0,4.0,10.0,853.0,90.0,1999.0,207.0,220.0,151.0,2333.0,0
2717.0,5.0,20.0,242.0,40.0,1294.0,190.0,196.0,139.0,1928.0,1
2854.0,339.0,16.0,124.0,33.0,4354.0,184.0,215.0,169.0,5000.0,1
3336.0,173.0,10.0,216.0,-27.0,2989.0,226.0,245.0,151.0,618.0,0
3126.0,34.0,16.0,85.0,11.0,4354.0,216.0,203.0,118.0,3524.0,0
3351.0,268.0,14.0,488.0,11.0,3388.0,183.0,245.0,201.0,1631.0,0
2991.0,10.0,13.0,467.0,3.0,1805.0,205.0,213.0,143.0,1112.0,0
3060.0,61.0,18.0,674.0,245.0,603.0,232.0,201.0,95.0,981.0,1
3104.0,101.0,12.0,30.0,3.0,1276.0,240.0,224.0,112.0,2322.0,0
3175.0,126.0,6.0,210.0,6.0,1205.0,231.0,236.0,137.0,1176.0,0
3118.0,208.0,4.0,124.0,8.0,108.0,217.0,243.0,162.0,4996.0,1
2708.0,349.0,1.0,210.0,16.0,2012.0,216.0,236.0,157.0,4201.0,1
3037.0,69.0,7.0,30.0,1.0,2125.0,228.0,226.0,131.0,1410.0,0
2551.0,257.0,16.0,309.0,44.0,738.0,182.0,248.0,203.0,1184.0,1
3191.0,344.0,10.0,60.0,9.0,5328.0,199.0,224.0,163.0,966.0,0
3041.0,55.0,19.0,212.0,23.0,4392.0,228.0,197.0,95.0,2839.0,1
2958.0,130.0,28.0,300.0,110.0,2291.0,252.0,212.0,69.0,1784.0,1
3149.0,5.0,10.0,153.0,10.0,2987.0,208.0,221.0,150.0,3378.0,1
3274.0,328.0,6.0,42.0,6.0,661.0,205.0,233.0,167.0,931.0,0
3116.0,31.0,14.0,330.0,47.0,3480.0,216.0,209.0,126.0,4884.0,0
2961.0,355.0,11.0,42.0,9.0,3566.0,202.0,221.0,156.0,2509.0,1
2558.0,342.0,10.0,67.0,7.0,1031.0,199.0,225.0,164.0,5045.0,1
3222.0,326.0,5.0,331.0,39.0,700.0,206.0,234.0,166.0,781.0,0
2758.0,135.0,9.0,256.0,15.0,2763.0,235.0,236.0,133.0,6730.0,1
3023.0,323.0,19.0,216.0,51.0,2550.0,168.0,216.0,187.0,997.0,1
3200.0,285.0,22.0,390.0,133.0,1905.0,153.0,233.0,218.0,3354.0,0
3019.0,306.0,7.0,339.0,-3.0,1865.0,201.0,236.0,174.0,1560.0,1
3092.0,319.0,22.0,631.0,295.0,2563.0,157.0,213.0,193.0,1471.0,0
2798.0,125.0,23.0,162.0,82.0,3337.0,251.0,216.0,79.0,1657.0,1
3063.0,142.0,9.0,67.0,5.0,4089.0,233.0,238.0,136.0,661.0,0
3088.0,238.0,9.0,402.0,42.0,5819.0,204.0,248.0,182.0,1848.0,1
3083.0,357.0,20.0,127.0,39.0,4411.0,184.0,199.0,149.0,2843.0,0
3195.0,50.0,11.0,600.0,20.0,4004.0,225.0,215.0,123.0,4150.0,0
3010.0,139.0,14.0,433.0,71.0,524.0,241.0,235.0,120.0,2021.0,1
3129.0,84.0,9.0,182.0,21.0,5394.0,233.0,225.0,125.0,914.0,1
2748.0,148.0,12.0,30.0,7.0,1595.0,235.0,239.0,133.0,2410.0,1
3128.0,306.0,25.0,175.0,59.0,4270.0,143.0,217.0,210.0,990.0,0
2845.0,81.0,31.0,437.0,196.0,981.0,244.0,169.0,30.0,655.0,1
3014.0,186.0,18.0,270.0,33.0,1800.0,220.0,250.0,156.0,1515.0,0
3165.0,31.0,13.0,518.0,52.0,3610.0,216.0,210.0,128.0,3513.0,0
2469.0,285.0,25.0,90.0,35.0,1315.0,144.0,231.0,223.0,836.0,1
2954.0,52.0,19.0,190.0,49.0,2486.0,226.0,195.0,95.0,1935.0,0
3267.0,323.0,15.0,467.0,68.0,525.0,182.0,224.0,181.0,1266.0,0
2738.0,7.0,8.0,67.0,0.0,1140.0,211.0,225.0,151.0,2292.0,1
3288.0,144.0,10.0,180.0,35.0,1698.0,235.0,238.0,134.0,2908.0,0
2892.0,165.0,10.0,30.0,4.0,2326.0,229.0,243.0,146.0,2742.0,1
3347.0,196.0,11.0,362.0,68.0,3585.0,217.0,249.0,165.0,1559.0,0
2882.0,71.0,10.0,0.0,0.0,3289.0,231.0,221.0,121.0,2525.0,1
3118.0,351.0,3.0,469.0,42.0,1979.0,214.0,234.0,158.0,2496.0,0
3111.0,317.0,12.0,127.0,30.0,1323.0,188.0,230.0,181.0,2914.0,1
2717.0,50.0,8.0,85.0,1.0,1460.0,224.0,223.0,134.0,2215.0,1
2889.0,178.0,5.0,430.0,73.0,3610.0,223.0,243.0,155.0,3155.0,1
3158.0,294.0,11.0,492.0,63.0,960.0,188.0,237.0,189.0,1084.0,1
3168.0,87.0,5.0,674.0,-9.0,589.0,227.0,231.0,138.0,942.0,0
3271.0,307.0,5.0,190.0,4.0,1072.0,206.0,237.0,170.0,3164.0,1
2511.0,285.0,19.0,150.0,42.0,661.0,165.0,236.0,210.0,612.0,1
3175.0,18.0,17.0,124.0,34.0,658.0,204.0,201.0,130.0,1974.0,0
3160.0,128.0,27.0,424.0,146.0,3341.0,252.0,212.0,69.0,1899.0,0
2871.0,342.0,11.0,459.0,199.0,1082.0,197.0,223.0,165.0,633.0,1
2735.0,169.0,24.0,283.0,59.0,3479.0,230.0,242.0,129.0,1831.0,1
3328.0,119.0,13.0,534.0,86.0,1296.0,242.0,228.0,113.0,2236.0,0
3138.0,340.0,14.0,499.0,-8.0,2789.0,190.0,219.0,167.0,404.0,0
2844.0,48.0,7.0,60.0,0.0,3048.0,223.0,224.0,136.0,4179.0,1
2999.0,72.0,9.0,42.0,0.0,1376.0,231.0,223.0,125.0,1442.0,1
3241.0,21.0,13.0,234.0,11.0,1449.0,211.0,212.0,135.0,708.0,1
3162.0,218.0,8.0,0.0,0.0,2588.0,211.0,248.0,173.0,1121.0,0
3124.0,88.0,19.0,361.0,62.0,3770.0,244.0,206.0,84.0,811.0,1
3074.0,63.0,13.0,780.0,102.0,2391.0,231.0,212.0,111.0,2295.0,0
3216.0,134.0,15.0,42.0,-2.0,1124.0,242.0,232.0,116.0,2591.0,1
2905.0,128.0,11.0,277.0,19.0,1999.0,239.0,233.0,123.0,1415.0,1
2877.0,89.0,22.0,240.0,72.0,270.0,247.0,200.0,72.0,1299.0,0
2776.0,344.0,22.0,283.0,100.0,920.0,171.0,201.0,164.0,2287.0,1
3267.0,93.0,5.0,30.0,2.0,6013.0,227.0,233.0,140.0,485.0,0
3274.0,282.0,8.0,892.0,164.0,1719.0,198.0,241.0,182.0,2547.0,0
3011.0,71.0,18.0,210.0,-32.0,3596.0,237.0,203.0,90.0,5547.0,0
2701.0,56.0,12.0,210.0,50.0,2652.0,228.0,214.0,117.0,859.0,1
2965.0,107.0,11.0,351.0,46.0,4732.0,239.0,226.0,116.0,6346.0,1
2599.0,36.0,11.0,450.0,20.0,1298.0,219.0,215.0,130.0,4116.0,1
3350.0,30.0,19.0,212.0,32.0,2277.0,211.0,196.0,116.0,1931.0,0
2575.0,345.0,5.0,127.0,18.0,1200.0,211.0,232.0,160.0,4939.0,1
2782.0,120.0,14.0,258.0,32.0,2448.0,244.0,227.0,109.0,2549.0,1
3256.0,350.0,4.0,0.0,0.0,4243.0,212.0,233.0,158.0,722.0,0
2718.0,83.0,15.0,0.0,0.0,2239.0,240.0,212.0,97.0,268.0,0
2668.0,99.0,7.0,30.0,0.0,1668.0,233.0,230.0,130.0,5421.0,1
2686.0,70.0,22.0,60.0,17.0,1617.0,238.0,192.0,75.0,1329.0,1
3113.0,261.0,9.0,216.0,0.0,1338.0,199.0,245.0,185.0,1831.0,1
2859.0,334.0,19.0,218.0,14.0,1752.0,174.0,212.0,175.0,2448.0,1
2669.0,58.0,23.0,218.0,124.0,1516.0,229.0,184.0,75.0,1380.0,1
2946.0,33.0,13.0,459.0,77.0,2239.0,217.0,211.0,127.0,2072.0,1
2942.0,64.0,25.0,390.0,138.0,2256.0,234.0,181.0,65.0,2040.0,0
2949.0,52.0,18.0,551.0,4.0,4629.0,226.0,197.0,98.0,3182.0,0
3221.0,325.0,11.0,534.0,74.0,2445.0,191.0,227.0,176.0,404.0,0
3142.0,109.0,16.0,361.0,104.0,300.0,246.0,220.0,98.0,1744.0,1
2908.0,309.0,18.0,524.0,74.0,2100.0,168.0,225.0,197.0,1376.0,1
3166.0,263.0,14.0,330.0,19.0,2550.0,183.0,246.0,201.0,361.0,0
3342.0,274.0,10.0,134.0,11.0,3421.0,194.0,243.0,188.0,2056.0,0
3416.0,133.0,10.0,459.0,131.0,2060.0,237.0,235.0,128.0,1558.0,0
3316.0,313.0,22.0,335.0,95.0,2016.0,154.0,217.0,200.0,2151.0,1
2540.0,41.0,13.0,390.0,35.0,437.0,221.0,210.0,122.0,757.0,1
3049.0,5.0,21.0,150.0,35.0,3564.0,188.0,194.0,139.0,2023.0,0
2675.0,55.0,13.0,120.0,16.0,1342.0,228.0,211.0,113.0,900.0,1
2539.0,276.0,30.0,90.0,47.0,579.0,128.0,230.0,234.0,1019.0,1
3195.0,352.0,10.0,443.0,40.0,1172.0,202.0,222.0,158.0,2419.0,0
3035.0,276.0,7.0,150.0,17.0,3249.0,201.0,242.0,179.0,924.0,0
3134.0,6.0,18.0,162.0,13.0,1405.0,195.0,203.0,142.0,350.0,0
3214.0,214.0,12.0,365.0,-32.0,2938.0,208.0,251.0,177.0,182.0,1
2630.0,27.0,19.0,242.0,79.0,2048.0,208.0,194.0,116.0,2282.0,1
2936.0,120.0,11.0,212.0,18.0,3561.0,240.0,230.0,119.0,2081.0,1
2547.0,232.0,8.0,228.0,40.0,1006.0,208.0,247.0,177.0,1022.0,1
3357.0,318.0,14.0,633.0,129.0,2040.0,184.0,227.0,183.0,1084.0,0
3050.0,78.0,13.0,558.0,111.0,1355.0,237.0,215.0,106.0,2214.0,1
3149.0,34.0,3.0,30.0,1.0,4802.0,219.0,232.0,149.0,2114.0,0
3062.0,135.0,16.0,210.0,18.0,3271.0,243.0,232.0,113.0,589.0,1
2844.0,37.0,11.0,228.0,4.0,1187.0,219.0,215.0,129.0,2356.0,1
3038.0,245.0,12.0,85.0,8.0,3092.0,194.0,249.0,192.0,900.0,0
3308.0,17.0,11.0,402.0,22.0,1605.0,211.0,218.0,142.0,4995.0,0
3165.0,334.0,7.0,702.0,-9.0,3980.0,204.0,231.0,166.0,4019.0,0
3236.0,165.0,11.0,295.0,82.0,3476.0,230.0,244.0,144.0,742.0,0
3281.0,189.0,16.0,150.0,19.0,4663.0,219.0,250.0,160.0,2871.0,0
3197.0,308.0,21.0,807.0,384.0,1426.0,158.0,222.0,202.0,930.0,0
2812.0,45.0,6.0,170.0,14.0,540.0,222.0,227.0,141.0,569.0,1
3231.0,10.0,12.0,210.0,47.0,108.0,207.0,216.0,145.0,1691.0,0
2809.0,261.0,3.0,67.0,0.0,2376.0,212.0,241.0,166.0,2489.0,1
3215.0,35.0,10.0,0.0,0.0,2435.0,219.0,218.0,134.0,2869.0,0
2763.0,211.0,1.0,30.0,1.0,2435.0,218.0,240.0,159.0,1657.0,1
2965.0,278.0,16.0,258.0,42.0,4731.0,173.0,241.0,206.0,2021.0,1
3257.0,14.0,12.0,192.0,13.0,4339.0,209.0,216.0,143.0,1602.0,0
3121.0,23.0,22.0,446.0,55.0,1423.0,202.0,188.0,115.0,2051.0,0
3142.0,103.0,14.0,395.0,96.0,342.0,242.0,222.0,106.0,1889.0,1
2715.0,158.0,11.0,60.0,4.0,1154.0,232.0,242.0,140.0,2090.0,1
3294.0,91.0,12.0,95.0,10.0,1273.0,238.0,221.0,111.0,2273.0,0
2643.0,142.0,5.0,0.0,0.0,1041.0,228.0,239.0,144.0,1661.0,1
3148.0,79.0,5.0,60.0,-7.0,4825.0,226.0,231.0,139.0,2165.0,0
2760.0,89.0,17.0,0.0,0.0,2694.0,244.0,210.0,89.0,2067.0,0
2714.0,333.0,29.0,162.0,59.0,1574.0,142.0,189.0,179.0,1379.0,1
3436.0,42.0,7.0,663.0,41.0,2508.0,221.0,225.0,139.0,1634.0,0
3039.0,55.0,11.0,30.0,-1.0,1146.0,227.0,215.0,120.0,1107.0,0
3307.0,352.0,14.0,390.0,79.0,1800.0,195.0,216.0,158.0,994.0,0
3209.0,340.0,17.0,212.0,33.0,4429.0,182.0,213.0,169.0,693.0,0
2896.0,329.0,6.0,362.0,41.0,3934.0,207.0,233.0,165.0,5582.0,1
3093.0,330.0,22.0,309.0,88.0,2552.0,162.0,207.0,182.0,2410.0,0
2937.0,330.0,16.0,190.0,30.0,3552.0,181.0,220.0,177.0,1533.0,1
2782.0,26.0,11.0,306.0,27.0,1506.0,215.0,215.0,136.0,553.0,1
3257.0,345.0,16.0,256.0,29.0,1620.0,187.0,213.0,164.0,752.0,0
3299.0,210.0,8.0,573.0,80.0,3561.0,214.0,247.0,169.0,2659.0,0
2814.0,295.0,25.0,108.0,24.0,875.0,141.0,224.0,219.0,1772.0,0
2888.0,339.0,14.0,85.0,15.0,3225.0,190.0,219.0,168.0,2639.0,1
2625.0,352.0,21.0,42.0,14.0,1616.0,178.0,198.0,155.0,5022.0,1
2839.0,153.0,7.0,0.0,0.0,4001.0,229.0,241.0,144.0,3362.0,0
2946.0,321.0,13.0,120.0,14.0,3103.0,186.0,227.0,180.0,1350.0,0
3052.0,104.0,8.0,216.0,51.0,60.0,234.0,230.0,129.0,685.0,1
2542.0,142.0,11.0,162.0,29.0,716.0,237.0,237.0,129.0,5331.0,1
3136.0,63.0,13.0,295.0,23.0,4034.0,231.0,213.0,112.0,3160.0,1
2939.0,335.0,10.0,382.0,49.0,4261.0,198.0,227.0,168.0,5736.0,1
3073.0,87.0,16.0,108.0,13.0,2239.0,242.0,212.0,96.0,1290.0,0
2893.0,356.0,10.0,470.0,95.0,3303.0,204.0,223.0,156.0,600.0,1
3049.0,223.0,15.0,190.0,-3.0,2200.0,199.0,253.0,188.0,361.0,1
3233.0,189.0,8.0,190.0,20.0,5931.0,221.0,246.0,160.0,1063.0,0
2983.0,8.0,8.0,60.0,7.0,5408.0,211.0,223.0,150.0,2364.0,0
3288.0,66.0,5.0,60.0,0.0,4866.0,225.0,230.0,141.0,424.0,1
2962.0,110.0,18.0,108.0,43.0,2488.0,248.0,216.0,89.0,2358.0,0
3007.0,197.0,9.0,30.0,-3.0,3035.0,218.0,248.0,164.0,646.0,0
3074.0,308.0,8.0,658.0,107.0,866.0,198.0,235.0,177.0,853.0,1
2909.0,172.0,14.0,120.0,13.0,5292.0,229.0,246.0,145.0,4722.0,1
3156.0,312.0,6.0,175.0,40.0,2704.0,203.0,235.0,172.0,663.0,0
2835.0,45.0,19.0,467.0,144.0,467.0,221.0,194.0,99.0,2486.0,1
3092.0,199.0,17.0,234.0,63.0,671.0,212.0,252.0,170.0,711.0,1
3248.0,62.0,6.0,402.0,50.0,1047.0,225.0,228.0,138.0,1510.0,0
3223.0,225.0,2.0,297.0,2.0,5950.0,216.0,241.0,162.0,1689.0,0
2801.0,334.0,7.0,0.0,0.0,3355.0,204.0,231.0,166.0,6445.0,1
3126.0,351.0,21.0,722.0,-64.0,3725.0,178.0,199.0,156.0,2805.0,1
2682.0,327.0,19.0,60.0,22.0,1627.0,169.0,215.0,183.0,1179.0,1
2838.0,90.0,18.0,201.0,39.0,216.0,245.0,208.0,85.0,95.0,0
3201.0,39.0,10.0,743.0,67.0,2507.0,221.0,219.0,132.0,3245.0,0
2994.0,345.0,7.0,42.0,0.0,4141.0,207.0,230.0,161.0,631.0,0
3240.0,221.0,22.0,30.0,9.0,2143.0,187.0,254.0,196.0,3844.0,0
2842.0,93.0,10.0,182.0,41.0,2984.0,236.0,225.0,120.0,2172.0,1
3095.0,326.0,2.0,295.0,18.0,2589.0,215.0,237.0,160.0,1885.0,0
3280.0,153.0,16.0,362.0,122.0,5130.0,238.0,239.0,126.0,1718.0,0
3217.0,346.0,4.0,30.0,3.0,3171.0,212.0,233.0,159.0,1556.0,0
2954.0,338.0,10.0,170.0,27.0,1621.0,198.0,226.0,167.0,698.0,1
3008.0,15.0,11.0,577.0,15.0,3939.0,210.0,216.0,142.0,4600.0,1
3179.0,350.0,9.0,150.0,-6.0,1454.0,203.0,224.0,160.0,781.0,1
3027.0,69.0,7.0,60.0,-2.0,3280.0,227.0,227.0,134.0,5318.0,0
3126.0,329.0,6.0,30.0,6.0,4781.0,207.0,233.0,165.0,2728.0,1
2757.0,321.0,18.0,42.0,13.0,3784.0,171.0,219.0,187.0,1110.0,0
3083.0,320.0,25.0,150.0,54.0,3078.0,148.0,207.0,195.0,2742.0,0
2873.0,240.0,22.0,182.0,53.0,2218.0,174.0,252.0,211.0,1892.0,1
3048.0,356.0,25.0,421.0,-20.0,1099.0,172.0,187.0,146.0,3427.0,1
3389.0,356.0,8.0,849.0,199.0,1124.0,208.0,226.0,156.0,768.0,0
3220.0,311.0,10.0,30.0,7.0,4344.0,193.0,233.0,180.0,537.0,0
2932.0,16.0,20.0,85.0,19.0,2016.0,200.0,195.0,127.0,2136.0,1
3230.0,180.0,7.0,395.0,97.0,2718.0,223.0,244.0,156.0,1167.0,1
3315.0,2.0,12.0,395.0,87.0,1804.0,204.0,217.0,151.0,1064.0,0
3233.0,26.0,14.0,342.0,3.0,2032.0,213.0,208.0,129.0,990.0,0
3084.0,110.0,13.0,30.0,-5.0,1132.0,242.0,226.0,111.0,2289.0,0
3043.0,296.0,19.0,277.0,68.0,1024.0,163.0,230.0,207.0,2358.0,0
3288.0,27.0,4.0,446.0,28.0,5970.0,218.0,230.0,149.0,534.0,0
2951.0,229.0,9.0,42.0,9.0,3078.0,207.0,248.0,178.0,1312.0,0
3067.0,15.0,11.0,170.0,12.0,2623.0,211.0,218.0,143.0,2902.0,1
3136.0,5.0,10.0,120.0,6.0,1994.0,207.0,220.0,150.0,2916.0,0
3304.0,319.0,9.0,633.0,104.0,3693.0,198.0,232.0,174.0,3945.0,0
3057.0,207.0,18.0,488.0,85.0,5859.0,205.0,254.0,178.0,1989.0,0
3175.0,169.0,5.0,30.0,-2.0,2173.0,224.0,242.0,153.0,4069.0,0
3143.0,84.0,12.0,216.0,17.0,330.0,237.0,219.0,111.0,5479.0,0
3361.0,315.0,10.0,895.0,162.0,957.0,193.0,232.0,178.0,834.0,0
3160.0,50.0,15.0,90.0,32.0,1786.0,226.0,207.0,112.0,2001.0,1
3068.0,73.0,21.0,277.0,15.0,2621.0,239.0,194.0,75.0,2806.0,1
3068.0,326.0,10.0,592.0,104.0,771.0,195.0,229.0,173.0,771.0,1
3049.0,355.0,20.0,335.0,190.0,778.0,183.0,201.0,152.0,3144.0,1
3227.0,178.0,5.0,391.0,94.0,2696.0,223.0,243.0,155.0,1194.0,1
3119.0,238.0,8.0,240.0,23.0,1853.0,207.0,247.0,178.0,2621.0,0
3219.0,260.0,4.0,60.0,2.0,1320.0,210.0,242.0,170.0,659.0,0
2883.0,126.0,14.0,108.0,26.0,4042.0,243.0,229.0,112.0,6053.0,1
3031.0,0.0,15.0,384.0,-1.0,633.0,197.0,211.0,150.0,658.0,1
2894.0,25.0,15.0,150.0,54.0,484.0,211.0,205.0,127.0,247.0,1
3276.0,333.0,8.0,437.0,92.0,424.0,202.0,230.0,167.0,1410.0,0
3164.0,86.0,8.0,484.0,30.0,4432.0,232.0,227.0,129.0,2069.0,1
2870.0,347.0,13.0,518.0,78.0,4189.0,194.0,218.0,162.0,5589.0,0
2702.0,123.0,10.0,153.0,8.0,631.0,237.0,233.0,127.0,1617.0,0
3077.0,238.0,12.0,417.0,48.0,2992.0,198.0,250.0,189.0,738.0,0
3164.0,344.0,10.0,212.0,-21.0,1376.0,201.0,225.0,163.0,841.0,1
2919.0,63.0,8.0,503.0,-8.0,808.0,227.0,224.0,131.0,2329.0,1
3031.0,248.0,8.0,540.0,145.0,5963.0,202.0,247.0,182.0,5161.0,1
3031.0,217.0,11.0,459.0,86.0,2643.0,208.0,251.0,178.0,999.0,0
3091.0,229.0,5.0,400.0,-3.0,2539.0,212.0,245.0,170.0,942.0,0
2759.0,14.0,31.0,85.0,57.0,1987.0,175.0,160.0,107.0,837.0,1
3032.0,344.0,11.0,0.0,0.0,2529.0,198.0,223.0,164.0,912.0,0
3060.0,0.0,18.0,840.0,191.0,2584.0,190.0,203.0,147.0,1920.0,1
2796.0,256.0,19.0,67.0,17.0,2210.0,173.0,248.0,211.0,900.0,1
3231.0,130.0,14.0,60.0,0.0,1760.0,242.0,231.0,115.0,1598.0,1
2711.0,72.0,5.0,0.0,0.0,2188.0,225.0,231.0,141.0,418.0,0
2996.0,200.0,6.0,256.0,25.0,1785.0,218.0,245.0,163.0,1651.0,1
2482.0,184.0,33.0,60.0,6.0,644.0,207.0,241.0,142.0,1101.0,1
3052.0,317.0,18.0,537.0,153.0,5157.0,169.0,221.0,191.0,558.0,1
3113.0,187.0,17.0,485.0,82.0,2581.0,220.0,250.0,157.0,2992.0,1
2948.0,72.0,28.0,351.0,134.0,664.0,238.0,175.0,49.0,674.0,1
3079.0,259.0,2.0,691.0,112.0,815.0,213.0,240.0,165.0,854.0,1
3221.0,199.0,12.0,85.0,23.0,849.0,215.0,250.0,168.0,1982.0,0
3014.0,74.0,10.0,376.0,47.0,1337.0,232.0,222.0,122.0,2030.0,1
3178.0,123.0,8.0,408.0,62.0,2177.0,234.0,234.0,132.0,2894.0,0
2838.0,45.0,9.0,127.0,4.0,1211.0,223.0,220.0,132.0,2682.0,1
3232.0,313.0,27.0,376.0,173.0,3132.0,137.0,208.0,205.0,3102.0,0
2863.0,285.0,13.0,212.0,24.0,2828.0,182.0,239.0,197.0,2423.0,0
3219.0,59.0,6.0,150.0,8.0,5199.0,224.0,228.0,139.0,301.0,0
3071.0,299.0,7.0,270.0,14.0,1541.0,200.0,237.0,177.0,1581.0,0
3385.0,315.0,17.0,834.0,135.0,1087.0,174.0,224.0,190.0,2014.0,0
2756.0,49.0,19.0,0.0,0.0,1158.0,224.0,195.0,97.0,2058.0,1
2931.0,10.0,4.0,60.0,10.0,1803.0,215.0,231.0,153.0,616.0,1
2941.0,98.0,16.0,127.0,-23.0,331.0,244.0,216.0,97.0,1205.0,1
3292.0,331.0,21.0,511.0,141.0,2932.0,167.0,209.0,180.0,600.0,0
3064.0,244.0,24.0,108.0,33.0,2513.0,165.0,250.0,217.0,1473.0,1
2957.0,9.0,17.0,649.0,185.0,700.0,199.0,205.0,140.0,1290.0,1
3201.0,54.0,32.0,170.0,106.0,4818.0,219.0,155.0,46.0,1657.0,0
2968.0,338.0,11.0,216.0,23.0,3426.0,196.0,225.0,167.0,6508.0,0
2965.0,135.0,4.0,379.0,46.0,5006.0,227.0,238.0,145.0,5595.0,0
3064.0,155.0,21.0,808.0,236.0,4494.0,239.0,237.0,117.0,1495.0,1
2973.0,54.0,10.0,90.0,0.0,2568.0,226.0,218.0,125.0,283.0,0
2748.0,47.0,16.0,242.0,13.0,1528.0,224.0,203.0,109.0,470.0,1
3295.0,121.0,10.0,85.0,7.0,1476.0,237.0,232.0,125.0,3421.0,1
3024.0,34.0,12.0,0.0,0.0,2389.0,218.0,214.0,130.0,2919.0,1
2676.0,100.0,8.0,391.0,-5.0,1548.0,234.0,229.0,127.0,5899.0,1
3046.0,84.0,17.0,566.0,107.0,1369.0,242.0,209.0,92.0,2201.0,1
2902.0,106.0,10.0,127.0,11.0,1678.0,238.0,228.0,120.0,924.0,1
3008.0,20.0,17.0,376.0,149.0,1589.0,206.0,201.0,128.0,3055.0,0
2958.0,52.0,18.0,153.0,41.0,2131.0,227.0,198.0,99.0,2171.0,0
2869.0,0.0,11.0,350.0,-14.0,1598.0,203.0,219.0,153.0,2969.0,0
3131.0,4.0,18.0,474.0,-9.0,2160.0,193.0,202.0,144.0,1294.0,1
2931.0,119.0,15.0,216.0,58.0,1560.0,245.0,225.0,105.0,2021.0,1
3517.0,115.0,15.0,362.0,83.0,2739.0,244.0,225.0,106.0,2024.0,0
2975.0,207.0,7.0,685.0,0.0,5399.0,216.0,246.0,167.0,1806.0,1
3144.0,25.0,22.0,242.0,68.0,1110.0,204.0,188.0,113.0,819.0,0
2614.0,67.0,15.0,234.0,65.0,175.0,234.0,209.0,103.0,1044.0,1
3093.0,195.0,8.0,361.0,-30.0,2271.0,219.0,247.0,163.0,1708.0,1
3171.0,283.0,25.0,361.0,128.0,170.0,144.0,232.0,224.0,2296.0,0
3201.0,73.0,11.0,277.0,29.0,4698.0,233.0,218.0,115.0,1524.0,0
2694.0,39.0,13.0,430.0,-17.0,726.0,220.0,212.0,124.0,1919.0,1
3211.0,259.0,1.0,430.0,30.0,5873.0,216.0,239.0,161.0,2182.0,1
3012.0,151.0,10.0,228.0,35.0,957.0,233.0,240.0,138.0,1130.0,0
2945.0,321.0,6.0,309.0,68.0,3175.0,204.0,234.0,169.0,2215.0,1
2906.0,79.0,14.0,150.0,20.0,5496.0,238.0,213.0,103.0,4076.0,1
2823.0,197.0,22.0,153.0,45.0,1861.0,208.0,252.0,168.0,2197.0,1
2716.0,1.0,18.0,85.0,13.0,1323.0,191.0,202.0,146.0,1511.0,1
2932.0,104.0,12.0,150.0,59.0,6034.0,240.0,225.0,114.0,4406.0,1
2674.0,94.0,19.0,108.0,21.0,1994.0,247.0,207.0,81.0,854.0,1
2590.0,3.0,18.0,95.0,23.0,1351.0,192.0,202.0,144.0,1867.0,1
3109.0,212.0,17.0,180.0,50.0,577.0,204.0,254.0,181.0,1489.0,1
3195.0,60.0,9.0,595.0,43.0,5833.0,228.0,221.0,126.0,1230.0,0
3191.0,162.0,2.0,90.0,5.0,1415.0,220.0,239.0,155.0,582.0,0
3075.0,164.0,7.0,0.0,0.0,3319.0,227.0,242.0,149.0,1259.0,0
2940.0,331.0,22.0,85.0,26.0,1542.0,163.0,207.0,180.0,1436.0,0
2963.0,336.0,8.0,212.0,9.0,42.0,203.0,230.0,166.0,759.0,0
3114.0,135.0,12.0,190.0,-4.0,2108.0,239.0,234.0,123.0,2029.0,1
3014.0,117.0,3.0,534.0,98.0,5569.0,225.0,236.0,146.0,1531.0,1
3233.0,66.0,5.0,240.0,-8.0,6103.0,225.0,230.0,141.0,541.0,0
3253.0,43.0,18.0,85.0,0.0,1738.0,221.0,198.0,106.0,2804.0,0
2989.0,258.0,15.0,350.0,103.0,2922.0,184.0,248.0,201.0,771.0,1
3181.0,342.0,18.0,212.0,30.0,4452.0,179.0,209.0,167.0,1673.0,0
3234.0,154.0,14.0,638.0,11.0,2954.0,236.0,240.0,131.0,3124.0,1
2673.0,77.0,18.0,60.0,22.0,2656.0,240.0,204.0,88.0,997.0,1
2972.0,24.0,15.0,295.0,46.0,4456.0,211.0,207.0,129.0,5136.0,0
3375.0,70.0,21.0,417.0,168.0,2103.0,237.0,195.0,79.0,2252.0,0
3442.0,218.0,9.0,900.0,174.0,3517.0,211.0,249.0,174.0,400.0,0
2972.0,80.0,10.0,85.0,13.0,3740.0,234.0,223.0,120.0,5193.0,1
3209.0,105.0,14.0,283.0,47.0,4068.0,243.0,222.0,106.0,1318.0,1
3017.0,278.0,2.0,360.0,32.0,1875.0,214.0,239.0,162.0,1438.0,1
3019.0,147.0,5.0,283.0,39.0,2479.0,227.0,239.0,147.0,488.0,0
2800.0,130.0,20.0,150.0,43.0,1025.0,249.0,223.0,93.0,458.0,1
3076.0,86.0,12.0,878.0,155.0,1233.0,237.0,221.0,113.0,469.0,0
3251.0,220.0,12.0,218.0,60.0,1052.0,206.0,251.0,180.0,395.0,0
3243.0,18.0,5.0,127.0,8.0,5824.0,216.0,229.0,150.0,934.0,0
2838.0,76.0,23.0,30.0,-7.0,134.0,241.0,191.0,68.0,390.0,0
3057.0,41.0,23.0,242.0,38.0,3255.0,216.0,184.0,92.0,1648.0,0
2857.0,182.0,8.0,108.0,15.0,2197.0,223.0,245.0,156.0,2320.0,1
2761.0,93.0,16.0,85.0,9.0,2764.0,243.0,215.0,97.0,4628.0,1
3151.0,297.0,19.0,395.0,55.0,1677.0,162.0,230.0,207.0,2607.0,0
2840.0,88.0,6.0,228.0,35.0,2496.0,230.0,229.0,133.0,3017.0,1
3162.0,80.0,12.0,108.0,0.0,4150.0,236.0,219.0,113.0,3335.0,0
3008.0,50.0,12.0,295.0,-5.0,4437.0,225.0,214.0,121.0,2377.0,1
2864.0,51.0,3.0,0.0,0.0,1584.0,221.0,232.0,147.0,1294.0,0
3211.0,156.0,10.0,60.0,-6.0,1034.0,232.0,242.0,141.0,1302.0,0
2993.0,222.0,29.0,376.0,180.0,1597.0,172.0,252.0,203.0,459.0,1
2848.0,72.0,29.0,95.0,45.0,1563.0,238.0,170.0,42.0,1091.0,1
3034.0,12.0,39.0,309.0,163.0,330.0,153.0,132.0,92.0,1935.0,0
2698.0,184.0,10.0,212.0,25.0,1620.0,223.0,247.0,157.0,854.0,1
3088.0,318.0,6.0,607.0,3.0,1033.0,203.0,234.0,170.0,1080.0,1
3035.0,156.0,24.0,60.0,10.0,2565.0,239.0,234.0,110.0,1477.0,0
3432.0,320.0,33.0,192.0,52.0,2839.0,119.0,190.0,200.0,2329.0,0
3096.0,131.0,18.0,127.0,28.0,1681.0,246.0,227.0,103.0,2526.0,1
2822.0,65.0,12.0,454.0,92.0,2729.0,231.0,216.0,116.0,1905.0,1
3245.0,138.0,6.0,60.0,0.0,5490.0,230.0,238.0,142.0,698.0,1
3154.0,201.0,6.0,277.0,45.0,201.0,218.0,245.0,163.0,3089.0,1
2791.0,94.0,3.0,270.0,48.0,2952.0,224.0,234.0,145.0,6557.0,1
3134.0,28.0,9.0,30.0,7.0,3951.0,217.0,220.0,138.0,134.0,0
3029.0,43.0,11.0,0.0,0.0,1530.0,222.0,216.0,127.0,997.0,0
2619.0,51.0,13.0,0.0,0.0,450.0,226.0,212.0,118.0,1333.0,1
3100.0,113.0,16.0,404.0,37.0,598.0,246.0,221.0,98.0,1384.0,1
3190.0,26.0,17.0,335.0,53.0,1390.0,210.0,200.0,122.0,95.0,0
2712.0,151.0,11.0,0.0,0.0,2312.0,234.0,240.0,136.0,713.0,1
3071.0,27.0,2.0,0.0,0.0,1761.0,218.0,234.0,153.0,1869.0,1
3066.0,93.0,10.0,67.0,4.0,3837.0,237.0,224.0,118.0,564.0,1
2603.0,84.0,11.0,216.0,35.0,1019.0,236.0,221.0,115.0,1271.0,1
2893.0,217.0,19.0,323.0,148.0,1684.0,197.0,254.0,188.0,1770.0,1
3185.0,107.0,15.0,319.0,83.0,700.0,244.0,221.0,103.0,677.0,0
3177.0,188.0,14.0,270.0,57.0,1084.0,221.0,250.0,159.0,685.0,0
3064.0,45.0,15.0,247.0,63.0,2177.0,223.0,207.0,115.0,2773.0,0
2622.0,355.0,17.0,0.0,0.0,1987.0,191.0,208.0,154.0,4634.0,1
2772.0,322.0,10.0,162.0,31.0,1747.0,194.0,230.0,176.0,2389.0,1
2840.0,18.0,21.0,210.0,76.0,1703.0,199.0,192.0,123.0,1406.0,1
2960.0,70.0,19.0,201.0,48.0,858.0,237.0,199.0,86.0,832.0,1
3351.0,50.0,15.0,474.0,95.0,5089.0,226.0,207.0,112.0,417.0,0
3104.0,91.0,18.0,454.0,-19.0,1650.0,245.0,208.0,85.0,2938.0,1
3074.0,259.0,10.0,30.0,4.0,5426.0,197.0,246.0,187.0,2685.0,1
2986.0,18.0,18.0,808.0,117.0,2400.0,204.0,201.0,129.0,1323.0,1
2893.0,128.0,12.0,190.0,6.0,872.0,239.0,233.0,122.0,2537.0,1
3058.0,349.0,9.0,201.0,41.0,2782.0,204.0,225.0,160.0,721.0,0
3031.0,63.0,6.0,190.0,10.0,6441.0,226.0,227.0,135.0,3489.0,1
3130.0,140.0,16.0,210.0,28.0,85.0,242.0,234.0,117.0,4488.0,1
2703.0,37.0,10.0,134.0,23.0,2431.0,220.0,218.0,132.0,616.0,1
3208.0,52.0,11.0,120.0,22.0,1643.0,226.0,216.0,123.0,1766.0,0
3187.0,80.0,7.0,30.0,-3.0,2442.0,229.0,228.0,133.0,1436.0,0
2898.0,171.0,14.0,120.0,14.0,3401.0,229.0,246.0,146.0,2051.0,1
2757.0,62.0,14.0,301.0,13.0,1570.0,231.0,211.0,110.0,446.0,1
3057.0,45.0,1.0,0.0,0.0,3638.0,219.0,235.0,153.0,424.0,0
3073.0,42.0,7.0,240.0,26.0,2991.0,221.0,225.0,139.0,6092.0,0
2715.0,75.0,25.0,210.0,82.0,1130.0,241.0,186.0,61.0,914.0,1
3244.0,196.0,23.0,234.0,87.0,2402.0,208.0,252.0,167.0,1173.0,0
3262.0,218.0,17.0,210.0,45.0,1176.0,200.0,254.0,186.0,713.0,0
2508.0,350.0,4.0,42.0,4.0,390.0,212.0,233.0,158.0,402.0,1
3050.0,6.0,15.0,342.0,16.0,4279.0,200.0,209.0,144.0,2992.0,1
3066.0,112.0,16.0,660.0,63.0,2769.0,246.0,222.0,100.0,2680.0,1
3186.0,49.0,20.0,443.0,110.0,751.0,224.0,192.0,94.0,1831.0,1
3165.0,61.0,23.0,618.0,-9.0,4052.0,231.0,187.0,77.0,4193.0,0
3108.0,228.0,19.0,170.0,11.0,1865.0,189.0,254.0,197.0,324.0,1
2965.0,214.0,12.0,120.0,23.0,3151.0,209.0,251.0,177.0,1273.0,1
3367.0,355.0,22.0,228.0,74.0,2416.0,179.0,195.0,150.0,2584.0,0
2760.0,110.0,13.0,595.0,-45.0,1622.0,242.0,226.0,111.0,2522.0,1
3029.0,354.0,19.0,630.0,3.0,769.0,185.0,203.0,153.0,1283.0,0
2680.0,94.0,18.0,108.0,11.0,1832.0,246.0,209.0,86.0,1154.0,1
2900.0,43.0,20.0,391.0,107.0,1245.0,219.0,191.0,98.0,2799.0,1
3353.0,118.0,15.0,212.0,20.0,942.0,244.0,226.0,107.0,3784.0,1
3043.0,36.0,2.0,30.0,0.0,3019.0,219.0,234.0,152.0,492.0,0
3204.0,27.0,4.0,0.0,0.0,5586.0,218.0,230.0,149.0,875.0,0
3357.0,188.0,13.0,408.0,89.0,3328.0,221.0,249.0,159.0,228.0,0
2958.0,320.0,17.0,443.0,101.0,3192.0,173.0,221.0,187.0,1909.0,0
3100.0,30.0,16.0,469.0,113.0,2666.0,213.0,203.0,121.0,2689.0,1
3259.0,355.0,19.0,553.0,64.0,994.0,185.0,202.0,152.0,1611.0,0
2884.0,75.0,13.0,42.0,4.0,2442.0,235.0,216.0,110.0,446.0,0
3176.0,333.0,17.0,30.0,16.0,3254.0,179.0,216.0,175.0,2347.0,0
3139.0,145.0,19.0,382.0,85.0,5550.0,243.0,233.0,112.0,1533.0,1
2860.0,190.0,16.0,240.0,28.0,1100.0,218.0,251.0,161.0,1804.0,1
3215.0,285.0,27.0,443.0,84.0,1570.0,137.0,229.0,226.0,3070.0,0
3116.0,168.0,15.0,636.0,66.0,6054.0,230.0,245.0,142.0,1825.0,1
2590.0,74.0,12.0,216.0,22.0,934.0,234.0,217.0,114.0,1195.0,1
2681.0,122.0,18.0,67.0,23.0,2079.0,247.0,223.0,98.0,4744.0,1
3106.0,340.0,12.0,774.0,337.0,1165.0,195.0,223.0,166.0,1277.0,0
2580.0,357.0,8.0,330.0,19.0,1345.0,207.0,226.0,156.0,4205.0,1
2741.0,20.0,22.0,170.0,40.0,1231.0,199.0,189.0,119.0,2185.0,1
2949.0,292.0,4.0,256.0,22.0,1947.0,207.0,239.0,170.0,1968.0,1
2892.0,10.0,17.0,391.0,73.0,1590.0,199.0,203.0,138.0,2888.0,1
2505.0,197.0,23.0,95.0,20.0,1114.0,207.0,252.0,168.0,1218.0,1
3121.0,69.0,11.0,242.0,39.0,2010.0,231.0,219.0,119.0,3282.0,0
2958.0,66.0,24.0,306.0,163.0,313.0,235.0,183.0,66.0,1269.0,1
2829.0,294.0,26.0,134.0,39.0,864.0,138.0,223.0,221.0,1798.0,0
3219.0,90.0,9.0,30.0,5.0,2435.0,235.0,225.0,121.0,2687.0,0
3295.0,338.0,13.0,170.0,54.0,3027.0,190.0,220.0,169.0,2469.0,0
2897.0,119.0,15.0,390.0,118.0,631.0,245.0,225.0,105.0,1277.0,1
3077.0,120.0,12.0,361.0,6.0,1549.0,240.0,230.0,118.0,1445.0,0
3169.0,69.0,12.0,351.0,35.0,904.0,233.0,216.0,113.0,2126.0,0
2874.0,183.0,16.0,313.0,88.0,3624.0,222.0,249.0,154.0,1544.0,1
2897.0,99.0,3.0,350.0,49.0,3045.0,224.0,235.0,146.0,2317.0,1
2939.0,315.0,8.0,339.0,49.0,4320.0,199.0,234.0,174.0,5791.0,1
3436.0,224.0,16.0,540.0,-16.0,1550.0,198.0,253.0,189.0,3824.0,0
3171.0,286.0,15.0,450.0,70.0,5865.0,178.0,239.0,200.0,2713.0,1
3332.0,113.0,14.0,361.0,50.0,2026.0,243.0,225.0,108.0,2455.0,0
3152.0,175.0,22.0,212.0,36.0,2491.0,226.0,245.0,140.0,3255.0,1
2695.0,290.0,33.0,67.0,21.0,1338.0,110.0,214.0,234.0,696.0,1
3286.0,84.0,15.0,150.0,1.0,1565.0,240.0,212.0,98.0,1947.0,0
2696.0,157.0,17.0,67.0,6.0,3609.0,236.0,240.0,128.0,2052.0,1
3280.0,108.0,30.0,190.0,54.0,1777.0,254.0,191.0,42.0,2989.0,0
3155.0,104.0,16.0,503.0,114.0,842.0,245.0,218.0,97.0,1500.0,1
3328.0,334.0,19.0,745.0,33.0,2259.0,174.0,212.0,175.0,949.0,0
3401.0,247.0,10.0,335.0,74.0,1816.0,198.0,248.0,188.0,2120.0,0
2874.0,53.0,25.0,467.0,92.0,1170.0,224.0,177.0,72.0,2132.0,1
3062.0,53.0,9.0,492.0,63.0,1498.0,226.0,221.0,129.0,2389.0,1
3315.0,266.0,10.0,162.0,26.0,1722.0,195.0,245.0,188.0,1650.0,0
3178.0,101.0,13.0,335.0,87.0,5247.0,242.0,222.0,108.0,1489.0,0
3256.0,102.0,10.0,162.0,50.0,150.0,237.0,227.0,120.0,642.0,1
2977.0,286.0,14.0,228.0,-9.0,3947.0,179.0,239.0,199.0,674.0,0
3155.0,44.0,13.0,426.0,33.0,4883.0,222.0,210.0,120.0,3032.0,0
2938.0,49.0,14.0,660.0,140.0,2808.0,225.0,208.0,114.0,485.0,0
2880.0,66.0,13.0,402.0,82.0,3081.0,232.0,213.0,110.0,390.0,1
3036.0,117.0,8.0,210.0,3.0,955.0,235.0,232.0,129.0,1657.0,0
3569.0,27.0,15.0,721.0,157.0,2742.0,212.0,206.0,127.0,1557.0,0
3070.0,247.0,9.0,0.0,0.0,1952.0,201.0,247.0,184.0,495.0,0
2779.0,118.0,24.0,90.0,7.0,3192.0,253.0,210.0,70.0,1800.0,1
2906.0,18.0,17.0,488.0,89.0,685.0,204.0,201.0,130.0,782.0,1
3062.0,144.0,18.0,577.0,74.0,1170.0,242.0,234.0,114.0,1999.0,1
2841.0,70.0,14.0,242.0,4.0,331.0,235.0,212.0,106.0,1622.0,1
2803.0,127.0,10.0,175.0,40.0,3378.0,237.0,234.0,126.0,3153.0,1
3112.0,18.0,11.0,270.0,19.0,1637.0,211.0,216.0,141.0,2882.0,0
2959.0,139.0,9.0,642.0,46.0,4085.0,234.0,238.0,135.0,4554.0,1
2697.0,132.0,7.0,420.0,0.0,853.0,232.0,236.0,136.0,1624.0,1
2697.0,84.0,19.0,180.0,67.0,1087.0,243.0,204.0,84.0,1008.0,1
3282.0,80.0,7.0,391.0,27.0,1077.0,230.0,228.0,131.0,1844.0,0
3018.0,122.0,18.0,180.0,36.0,6166.0,247.0,223.0,98.0,3483.0,1
3034.0,207.0,12.0,424.0,-35.0,5806.0,212.0,251.0,172.0,2850.0,0
2697.0,290.0,11.0,42.0,-2.0,1724.0,189.0,239.0,190.0,684.0,1
3217.0,72.0,12.0,242.0,-15.0,1798.0,234.0,216.0,112.0,1557.0,1
3018.0,85.0,11.0,30.0,2.0,4612.0,236.0,222.0,116.0,2063.0,1
3192.0,45.0,4.0,430.0,53.0,4613.0,221.0,231.0,146.0,2305.0,1
2979.0,42.0,7.0,30.0,2.0,1027.0,222.0,224.0,137.0,1397.0,0
2951.0,300.0,15.0,0.0,0.0,3312.0,177.0,233.0,196.0,1991.0,0
2936.0,55.0,13.0,90.0,8.0,4579.0,228.0,211.0,114.0,4513.0,1
3171.0,135.0,9.0,644.0,104.0,2758.0,235.0,236.0,133.0,3009.0,1
3003.0,223.0,10.0,309.0,-50.0,2230.0,207.0,250.0,178.0,1142.0,1
3066.0,350.0,9.0,175.0,20.0,3738.0,203.0,224.0,160.0,631.0,0
2690.0,108.0,13.0,408.0,22.0,1024.0,242.0,224.0,109.0,2808.0,1
2605.0,68.0,9.0,283.0,35.0,3013.0,230.0,221.0,124.0,2725.0,0
3097.0,62.0,9.0,127.0,1.0,2787.0,228.0,221.0,125.0,2018.0,0
2899.0,156.0,14.0,218.0,54.0,1650.0,235.0,241.0,133.0,2190.0,1
3204.0,284.0,15.0,201.0,27.0,2898.0,178.0,239.0,201.0,895.0,0
3145.0,23.0,7.0,390.0,31.0,1849.0,216.0,225.0,145.0,2730.0,0
2784.0,358.0,6.0,85.0,19.0,2888.0,211.0,229.0,156.0,6138.0,1
2710.0,133.0,10.0,30.0,4.0,2200.0,236.0,235.0,129.0,4137.0,1
2866.0,33.0,17.0,391.0,100.0,2285.0,214.0,199.0,116.0,573.0,1
2955.0,62.0,4.0,272.0,-4.0,1194.0,223.0,232.0,145.0,2041.0,1
3179.0,212.0,13.0,192.0,0.0,2919.0,209.0,252.0,177.0,932.0,1
3085.0,32.0,14.0,95.0,20.0,5269.0,216.0,208.0,125.0,2746.0,0
3101.0,247.0,16.0,708.0,64.0,1991.0,184.0,250.0,203.0,794.0,1
2927.0,35.0,17.0,488.0,36.0,607.0,216.0,201.0,116.0,1733.0,1
2904.0,135.0,1.0,0.0,0.0,4261.0,221.0,238.0,153.0,4325.0,1
3253.0,332.0,8.0,335.0,16.0,4317.0,201.0,230.0,168.0,649.0,0
3186.0,287.0,14.0,30.0,7.0,4410.0,179.0,238.0,199.0,1657.0,0
3250.0,6.0,19.0,930.0,47.0,1703.0,194.0,200.0,140.0,845.0,0
2874.0,68.0,21.0,234.0,55.0,2218.0,236.0,192.0,77.0,1361.0,1
2929.0,67.0,2.0,30.0,0.0,1885.0,221.0,235.0,151.0,400.0,0
3119.0,317.0,10.0,30.0,4.0,4421.0,195.0,232.0,177.0,3468.0,0
2887.0,130.0,8.0,201.0,7.0,3723.0,234.0,236.0,134.0,3541.0,1
2788.0,110.0,15.0,212.0,27.0,3114.0,244.0,223.0,104.0,2461.0,1
3083.0,204.0,10.0,484.0,69.0,2330.0,214.0,250.0,169.0,1500.0,1
3235.0,348.0,14.0,297.0,59.0,4523.0,192.0,216.0,161.0,771.0,0
3112.0,213.0,8.0,571.0,50.0,277.0,213.0,248.0,171.0,1621.0,1
3069.0,41.0,5.0,255.0,26.0,2919.0,220.0,229.0,145.0,1528.0,1
2909.0,263.0,4.0,201.0,13.0,5316.0,210.0,241.0,170.0,5270.0,1
2393.0,63.0,17.0,162.0,65.0,382.0,233.0,204.0,98.0,674.0,1
2949.0,85.0,16.0,242.0,82.0,6016.0,241.0,211.0,96.0,4276.0,1
2649.0,12.0,13.0,256.0,69.0,1146.0,207.0,214.0,143.0,993.0,1
2998.0,94.0,13.0,124.0,0.0,6244.0,240.0,220.0,107.0,3610.0,1
3231.0,79.0,13.0,400.0,83.0,5880.0,237.0,216.0,107.0,2114.0,1
3311.0,88.0,8.0,524.0,183.0,1323.0,233.0,227.0,126.0,2280.0,1
3210.0,93.0,5.0,30.0,0.0,4853.0,227.0,233.0,140.0,1907.0,0
2804.0,41.0,16.0,60.0,2.0,3254.0,220.0,203.0,113.0,2586.0,1
3142.0,58.0,17.0,134.0,38.0,2854.0,230.0,202.0,99.0,1406.0,0
2955.0,45.0,2.0,192.0,16.0,4751.0,220.0,234.0,151.0,2230.0,1
2906.0,144.0,15.0,150.0,29.0,4214.0,240.0,236.0,121.0,6252.0,1
3223.0,105.0,15.0,201.0,21.0,2574.0,244.0,220.0,100.0,1530.0,0
3229.0,150.0,20.0,492.0,130.0,391.0,241.0,235.0,114.0,4256.0,1
3252.0,82.0,7.0,90.0,-1.0,4274.0,230.0,228.0,132.0,2132.0,0
3295.0,159.0,7.0,390.0,27.0,1325.0,228.0,242.0,146.0,2026.0,0
3023.0,72.0,10.0,0.0,0.0,799.0,231.0,221.0,122.0,1381.0,0
3305.0,53.0,5.0,691.0,268.0,3692.0,223.0,229.0,142.0,2183.0,0
3002.0,237.0,21.0,127.0,-2.0,1392.0,179.0,253.0,206.0,162.0,1
3011.0,322.0,14.0,408.0,64.0,256.0,184.0,226.0,181.0,849.0,0
2953.0,302.0,9.0,258.0,47.0,1019.0,194.0,236.0,181.0,2837.0,0
3097.0,327.0,13.0,60.0,14.0,1470.0,187.0,225.0,177.0,2458.0,0
2765.0,160.0,16.0,120.0,41.0,2860.0,235.0,242.0,132.0,2557.0,1
3014.0,242.0,5.0,450.0,29.0,1782.0,211.0,243.0,170.0,1449.0,1
2834.0,294.0,27.0,67.0,12.0,2542.0,135.0,222.0,222.0,837.0,1
2722.0,73.0,14.0,108.0,30.0,2551.0,236.0,212.0,104.0,541.0,1
2736.0,74.0,10.0,488.0,-16.0,816.0,232.0,222.0,122.0,2597.0,1
2819.0,318.0,24.0,607.0,64.0,1040.0,149.0,210.0,197.0,1263.0,1
2822.0,341.0,19.0,255.0,61.0,1440.0,177.0,209.0,168.0,2634.0,1
3212.0,38.0,6.0,525.0,34.0,5778.0,220.0,227.0,143.0,2649.0,1
3106.0,1.0,19.0,240.0,47.0,323.0,190.0,202.0,146.0,1200.0,1
2787.0,34.0,11.0,335.0,32.0,1527.0,219.0,217.0,133.0,547.0,1
2915.0,34.0,7.0,335.0,98.0,876.0,219.0,225.0,142.0,2059.0,1
3247.0,283.0,16.0,180.0,29.0,4161.0,173.0,239.0,205.0,1826.0,0
2863.0,45.0,5.0,150.0,8.0,2992.0,221.0,229.0,144.0,3961.0,1
2948.0,9.0,21.0,67.0,11.0,4544.0,192.0,193.0,133.0,1230.0,1
3128.0,50.0,11.0,362.0,82.0,618.0,225.0,216.0,124.0,594.0,0
3241.0,29.0,6.0,674.0,207.0,2837.0,218.0,226.0,144.0,3218.0,0
2716.0,307.0,39.0,553.0,312.0,891.0,90.0,186.0,222.0,1392.0,1
3194.0,281.0,14.0,67.0,19.0,2172.0,182.0,241.0,198.0,488.0,0
3190.0,311.0,14.0,258.0,53.0,2281.0,182.0,230.0,187.0,569.0,0
3052.0,20.0,6.0,295.0,3.0,1460.0,216.0,228.0,149.0,3024.0,0
2858.0,27.0,20.0,85.0,23.0,3367.0,207.0,192.0,114.0,2497.0,0
3263.0,270.0,3.0,480.0,150.0,1243.0,212.0,240.0,166.0,2110.0,0
2909.0,114.0,22.0,150.0,59.0,6095.0,252.0,211.0,76.0,4281.0,1
2881.0,54.0,14.0,108.0,31.0,3343.0,228.0,208.0,111.0,2420.0,0
3021.0,239.0,10.0,450.0,135.0,6071.0,202.0,249.0,184.0,5124.0,1
2880.0,319.0,13.0,0.0,0.0,5178.0,185.0,227.0,182.0,4338.0,0
2861.0,111.0,11.0,67.0,13.0,1337.0,240.0,228.0,117.0,2389.0,1
2920.0,11.0,15.0,134.0,33.0,1974.0,203.0,209.0,141.0,1505.0,0
3184.0,290.0,13.0,212.0,-29.0,3274.0,182.0,238.0,195.0,1291.0,0
2596.0,32.0,8.0,150.0,-24.0,3107.0,219.0,224.0,141.0,2608.0,1
3181.0,242.0,5.0,408.0,56.0,5934.0,211.0,243.0,170.0,2881.0,1
3102.0,188.0,24.0,85.0,17.0,3235.0,214.0,249.0,156.0,1150.0,0
2997.0,3.0,17.0,228.0,64.0,658.0,195.0,205.0,145.0,1765.0,1
3109.0,99.0,10.0,616.0,61.0,1878.0,237.0,226.0,119.0,916.0,1
3203.0,357.0,16.0,469.0,126.0,4134.0,193.0,210.0,153.0,671.0,0
3256.0,353.0,11.0,488.0,108.0,914.0,201.0,221.0,158.0,2072.0,1
2623.0,35.0,8.0,0.0,0.0,1758.0,219.0,223.0,139.0,5102.0,1
2935.0,189.0,28.0,830.0,158.0,4226.0,208.0,247.0,155.0,1438.0,1
3086.0,111.0,17.0,255.0,36.0,1574.0,247.0,220.0,96.0,2688.0,1
2934.0,161.0,13.0,390.0,85.0,3162.0,233.0,243.0,139.0,3443.0,1
3235.0,350.0,11.0,240.0,66.0,3483.0,201.0,222.0,160.0,2621.0,0
2873.0,290.0,13.0,134.0,-10.0,1521.0,184.0,238.0,194.0,1501.0,1
3040.0,352.0,8.0,285.0,18.0,2864.0,206.0,226.0,158.0,1269.0,0
2837.0,35.0,6.0,108.0,12.0,2586.0,219.0,227.0,144.0,2522.0,1
3174.0,6.0,18.0,379.0,136.0,3509.0,195.0,202.0,141.0,1710.0,0
3145.0,49.0,19.0,270.0,108.0,2251.0,224.0,195.0,97.0,1074.0,0
3099.0,13.0,24.0,350.0,36.0,3545.0,189.0,184.0,124.0,726.0,0
2687.0,69.0,15.0,190.0,36.0,2585.0,235.0,209.0,101.0,902.0,1
3189.0,57.0,19.0,90.0,-8.0,1521.0,229.0,197.0,93.0,2737.0,0
2798.0,319.0,30.0,466.0,150.0,990.0,130.0,197.0,200.0,1470.0,1
3085.0,267.0,9.0,0.0,0.0,162.0,198.0,244.0,185.0,2128.0,0
2974.0,97.0,18.0,323.0,86.0,2279.0,246.0,211.0,87.0,1806.0,1
2863.0,153.0,14.0,242.0,98.0,3990.0,236.0,240.0,132.0,5403.0,1
2610.0,15.0,18.0,210.0,28.0,1282.0,201.0,200.0,132.0,2676.0,1
3139.0,327.0,18.0,150.0,41.0,3626.0,174.0,217.0,182.0,3180.0,0
2935.0,135.0,8.0,319.0,22.0,3621.0,233.0,237.0,136.0,4564.0,1
3134.0,249.0,18.0,510.0,58.0,3499.0,179.0,250.0,207.0,1332.0,0
2884.0,129.0,31.0,192.0,84.0,2385.0,252.0,205.0,56.0,1772.0,1
3455.0,4.0,12.0,895.0,176.0,2304.0,204.0,218.0,150.0,1426.0,0
2752.0,87.0,10.0,124.0,13.0,1897.0,236.0,223.0,118.0,3510.0,1
3049.0,58.0,7.0,297.0,56.0,5189.0,226.0,225.0,133.0,3558.0,1
2861.0,337.0,26.0,212.0,7.0,2681.0,156.0,195.0,173.0,2230.0,1
3305.0,146.0,9.0,433.0,71.0,1403.0,233.0,239.0,138.0,2161.0,0
3264.0,133.0,20.0,391.0,106.0,5166.0,247.0,226.0,97.0,1732.0,0
3178.0,356.0,23.0,631.0,45.0,1167.0,175.0,191.0,148.0,1683.0,0
3199.0,339.0,16.0,947.0,124.0,1396.0,184.0,215.0,169.0,2430.0,0
3312.0,6.0,14.0,420.0,-19.0,1423.0,202.0,213.0,146.0,1914.0,0
3017.0,338.0,13.0,67.0,15.0,467.0,190.0,220.0,169.0,1719.0,0
3210.0,57.0,7.0,510.0,82.0,1366.0,225.0,226.0,136.0,1920.0,1
3298.0,95.0,9.0,120.0,38.0,6001.0,234.0,227.0,124.0,626.0,0
3208.0,90.0,7.0,713.0,56.0,990.0,231.0,229.0,130.0,2054.0,0
2448.0,358.0,25.0,60.0,17.0,942.0,172.0,184.0,143.0,1471.0,1
3084.0,63.0,8.0,242.0,6.0,3226.0,227.0,224.0,131.0,918.0,1
3061.0,350.0,12.0,361.0,66.0,1052.0,198.0,219.0,160.0,1201.0,1
3020.0,29.0,7.0,42.0,-1.0,1182.0,218.0,224.0,142.0,1471.0,0
3223.0,264.0,7.0,60.0,19.0,1295.0,202.0,244.0,181.0,2700.0,0
3012.0,163.0,8.0,42.0,3.0,2014.0,228.0,242.0,147.0,1440.0,0
3152.0,43.0,15.0,108.0,15.0,1149.0,221.0,205.0,115.0,4896.0,0
3162.0,313.0,30.0,484.0,162.0,551.0,127.0,201.0,207.0,1915.0,0
2988.0,164.0,8.0,552.0,62.0,5037.0,227.0,243.0,148.0,6181.0,1
3116.0,65.0,21.0,60.0,-22.0,2820.0,234.0,192.0,80.0,3524.0,0
2941.0,228.0,24.0,85.0,10.0,2482.0,177.0,254.0,205.0,1485.0,1
3114.0,335.0,26.0,450.0,49.0,3545.0,154.0,196.0,176.0,1514.0,0
3191.0,315.0,8.0,150.0,17.0,5251.0,200.0,234.0,174.0,2519.0,0
2803.0,18.0,12.0,277.0,41.0,1872.0,211.0,215.0,140.0,2964.0,0
2737.0,343.0,5.0,67.0,17.0,1253.0,210.0,232.0,161.0,2162.0,1
2931.0,193.0,19.0,124.0,26.0,930.0,215.0,251.0,163.0,1842.0,1
2667.0,133.0,20.0,90.0,19.0,306.0,247.0,226.0,97.0,516.0,1
3182.0,338.0,11.0,60.0,4.0,997.0,195.0,224.0,168.0,834.0,0
3083.0,50.0,16.0,201.0,-2.0,3824.0,225.0,204.0,108.0,3796.0,0
3255.0,313.0,17.0,150.0,31.0,3999.0,173.0,225.0,192.0,1307.0,0
2856.0,84.0,4.0,95.0,22.0,1289.0,226.0,232.0,141.0,2400.0,1
2980.0,66.0,10.0,212.0,20.0,4772.0,230.0,219.0,121.0,2420.0,0
2554.0,329.0,11.0,0.0,0.0,391.0,194.0,227.0,173.0,1921.0,1
2632.0,126.0,8.0,408.0,93.0,1530.0,234.0,235.0,132.0,1892.0,1
2600.0,123.0,17.0,365.0,89.0,696.0,246.0,225.0,101.0,931.0,1
2890.0,345.0,19.0,85.0,8.0,488.0,180.0,207.0,164.0,2427.0,1
3054.0,200.0,15.0,418.0,53.0,5712.0,214.0,252.0,169.0,1761.0,0
3264.0,337.0,14.0,400.0,39.0,781.0,189.0,221.0,170.0,1563.0,0
3219.0,225.0,3.0,108.0,-1.0,6001.0,216.0,242.0,163.0,1503.0,1
3021.0,357.0,14.0,339.0,76.0,2919.0,197.0,213.0,153.0,1590.0,0
2986.0,25.0,16.0,150.0,25.0,1230.0,210.0,204.0,126.0,990.0,0
2982.0,111.0,7.0,408.0,63.0,4913.0,233.0,232.0,131.0,5465.0,1
2998.0,304.0,7.0,457.0,95.0,3167.0,201.0,237.0,175.0,1443.0,1
3133.0,0.0,2.0,153.0,-1.0,3900.0,216.0,235.0,156.0,1442.0,0
3127.0,63.0,11.0,242.0,31.0,5600.0,230.0,218.0,120.0,993.0,0
2660.0,90.0,11.0,366.0,25.0,424.0,237.0,223.0,116.0,1801.0,1
2965.0,72.0,14.0,361.0,6.0,4509.0,235.0,212.0,105.0,3383.0,1
3188.0,99.0,3.0,424.0,11.0,5219.0,224.0,235.0,146.0,2324.0,0
3029.0,87.0,27.0,342.0,93.0,1523.0,247.0,186.0,50.0,2456.0,0
2773.0,336.0,15.0,150.0,27.0,1570.0,186.0,219.0,171.0,2160.0,1
3003.0,63.0,11.0,391.0,2.0,3273.0,230.0,218.0,120.0,5667.0,1
2981.0,316.0,25.0,484.0,260.0,2850.0,146.0,210.0,199.0,418.0,0
2816.0,93.0,10.0,330.0,32.0,2375.0,237.0,224.0,118.0,1421.0,1
3234.0,197.0,9.0,190.0,0.0,3619.0,218.0,248.0,164.0,1621.0,1
2619.0,56.0,3.0,360.0,7.0,819.0,222.0,232.0,146.0,812.0,1
2587.0,130.0,23.0,30.0,5.0,1250.0,250.0,220.0,86.0,807.0,1
2998.0,232.0,15.0,684.0,95.0,5869.0,194.0,252.0,193.0,3687.0,1
3041.0,50.0,15.0,180.0,53.0,5582.0,226.0,206.0,110.0,4683.0,1
3127.0,248.0,15.0,612.0,206.0,3147.0,188.0,250.0,199.0,2363.0,0
2752.0,350.0,14.0,108.0,30.0,3002.0,193.0,215.0,160.0,6307.0,1
2962.0,240.0,8.0,350.0,53.0,5790.0,206.0,247.0,179.0,3050.0,1
2952.0,33.0,12.0,342.0,57.0,808.0,218.0,214.0,131.0,1806.0,1
3285.0,261.0,25.0,120.0,61.0,1351.0,150.0,243.0,226.0,2532.0,0
2828.0,293.0,29.0,297.0,-31.0,2631.0,129.0,220.0,225.0,190.0,0
3044.0,234.0,13.0,800.0,45.0,5741.0,198.0,251.0,190.0,3412.0,1
3023.0,227.0,10.0,170.0,-5.0,2407.0,206.0,249.0,179.0,1198.0,1
3001.0,344.0,6.0,124.0,19.0,2965.0,208.0,230.0,161.0,6208.0,1
3285.0,123.0,29.0,42.0,25.0,6007.0,254.0,203.0,55.0,633.0,0
2805.0,91.0,16.0,42.0,11.0,2847.0,243.0,212.0,93.0,2115.0,1
3120.0,270.0,18.0,285.0,54.0,5759.0,169.0,243.0,212.0,2220.0,1
3225.0,186.0,15.0,192.0,0.0,3342.0,221.0,250.0,158.0,781.0,1
2845.0,81.0,10.0,379.0,90.0,1926.0,234.0,222.0,118.0,2873.0,1
2519.0,72.0,4.0,0.0,0.0,351.0,224.0,232.0,144.0,2120.0,1
3222.0,339.0,15.0,408.0,75.0,4168.0,185.0,216.0,169.0,902.0,0
2918.0,67.0,7.0,553.0,152.0,2468.0,228.0,226.0,132.0,485.0,1
3534.0,55.0,14.0,902.0,122.0,2575.0,228.0,210.0,112.0,1616.0,0
3027.0,232.0,31.0,819.0,-63.0,4106.0,154.0,249.0,217.0,1261.0,1
3303.0,110.0,19.0,192.0,33.0,3267.0,249.0,215.0,87.0,1184.0,0
3210.0,113.0,33.0,309.0,133.0,3861.0,254.0,186.0,31.0,2407.0,0
3172.0,63.0,7.0,323.0,55.0,781.0,227.0,225.0,132.0,2053.0,0
2737.0,61.0,11.0,210.0,-10.0,1543.0,229.0,218.0,121.0,1708.0,0
3164.0,45.0,6.0,212.0,11.0,1498.0,222.0,227.0,141.0,351.0,0
3030.0,45.0,10.0,201.0,31.0,3005.0,223.0,218.0,129.0,1549.0,1
3162.0,101.0,5.0,0.0,0.0,3090.0,228.0,233.0,139.0,3411.0,0
3215.0,41.0,10.0,242.0,13.0,2355.0,221.0,219.0,132.0,1543.0,0
2845.0,226.0,27.0,127.0,55.0,3212.0,173.0,253.0,206.0,1531.0,1
2730.0,163.0,6.0,212.0,42.0,2210.0,226.0,242.0,150.0,5473.0,1
2842.0,20.0,16.0,664.0,112.0,90.0,208.0,205.0,131.0,1224.0,1
2936.0,117.0,7.0,240.0,23.0,4650.0,232.0,234.0,135.0,3979.0,1
3103.0,98.0,9.0,362.0,28.0,1797.0,235.0,228.0,124.0,2906.0,0
3225.0,354.0,18.0,457.0,32.0,2325.0,188.0,206.0,154.0,1275.0,1
3028.0,162.0,2.0,306.0,49.0,5086.0,221.0,239.0,154.0,955.0,1
3222.0,273.0,4.0,382.0,39.0,5800.0,209.0,241.0,170.0,2139.0,1
3228.0,34.0,13.0,698.0,37.0,3001.0,218.0,212.0,128.0,3603.0,0
3136.0,159.0,13.0,180.0,4.0,6323.0,233.0,242.0,137.0,2151.0,0
3022.0,138.0,6.0,255.0,52.0,2329.0,230.0,238.0,141.0,600.0,0
3302.0,47.0,8.0,443.0,79.0,4542.0,223.0,223.0,135.0,2016.0,0
3349.0,117.0,13.0,362.0,90.0,2190.0,241.0,228.0,114.0,2063.0,0
3199.0,155.0,34.0,750.0,318.0,1158.0,237.0,220.0,84.0,2789.0,0
3498.0,347.0,16.0,300.0,116.0,3615.0,189.0,213.0,162.0,1710.0,0
2921.0,3.0,20.0,362.0,108.0,2819.0,188.0,197.0,142.0,1698.0,1
3189.0,29.0,11.0,30.0,6.0,1549.0,216.0,217.0,135.0,510.0,0
3091.0,170.0,7.0,242.0,-1.0,3680.0,225.0,243.0,152.0,1024.0,0
2962.0,53.0,7.0,484.0,43.0,4830.0,224.0,224.0,134.0,5393.0,1
3209.0,312.0,11.0,150.0,18.0,1412.0,190.0,232.0,182.0,418.0,0
3173.0,37.0,16.0,192.0,22.0,1682.0,218.0,204.0,118.0,4564.0,0
3199.0,18.0,10.0,108.0,-23.0,2764.0,212.0,219.0,143.0,2165.0,0
2959.0,18.0,10.0,175.0,27.0,5108.0,213.0,220.0,143.0,2941.0,0
3232.0,303.0,5.0,60.0,6.0,5791.0,206.0,237.0,170.0,1481.0,0
2819.0,96.0,26.0,532.0,292.0,1201.0,251.0,192.0,54.0,1022.0,1
3287.0,52.0,19.0,437.0,18.0,2851.0,226.0,196.0,96.0,1189.0,0
2926.0,66.0,12.0,150.0,32.0,4415.0,232.0,215.0,114.0,2843.0,1
3244.0,56.0,7.0,67.0,4.0,6208.0,225.0,226.0,135.0,258.0,0
3132.0,337.0,12.0,391.0,26.0,3492.0,194.0,224.0,169.0,4474.0,0
2813.0,291.0,27.0,540.0,268.0,1173.0,134.0,223.0,224.0,1583.0,1
3282.0,305.0,8.0,582.0,83.0,658.0,199.0,236.0,176.0,1140.0,0
3077.0,38.0,3.0,60.0,1.0,1292.0,219.0,233.0,150.0,874.0,0
2944.0,52.0,16.0,589.0,125.0,1353.0,227.0,203.0,105.0,2664.0,1
3454.0,2.0,12.0,721.0,85.0,2550.0,203.0,216.0,151.0,1425.0,0
3083.0,7.0,4.0,67.0,4.0,4811.0,215.0,232.0,154.0,1465.0,0
2646.0,9.0,33.0,60.0,9.0,1771.0,165.0,156.0,112.0,1518.0,1
3217.0,358.0,18.0,335.0,57.0,1529.0,190.0,205.0,150.0,750.0,0
3043.0,16.0,3.0,190.0,3.0,2017.0,217.0,232.0,153.0,1597.0,0
2836.0,331.0,13.0,150.0,7.0,2395.0,189.0,223.0,174.0,1064.0,1
2677.0,37.0,7.0,108.0,13.0,1366.0,220.0,224.0,139.0,577.0,1
3062.0,45.0,8.0,192.0,-4.0,3797.0,222.0,223.0,136.0,1894.0,1
3153.0,104.0,18.0,182.0,64.0,1080.0,247.0,215.0,90.0,1136.0,0
3180.0,286.0,4.0,175.0,4.0,4970.0,208.0,239.0,170.0,2478.0,0
3275.0,205.0,22.0,234.0,69.0,3229.0,201.0,254.0,178.0,684.0,0
3192.0,358.0,8.0,60.0,5.0,2252.0,208.0,226.0,155.0,2949.0,0
2983.0,45.0,23.0,466.0,170.0,722.0,219.0,183.0,88.0,769.0,1
2757.0,72.0,3.0,60.0,-1.0,938.0,223.0,233.0,146.0,2270.0,1
3175.0,135.0,8.0,573.0,111.0,4595.0,233.0,237.0,136.0,1805.0,0
2972.0,351.0,14.0,201.0,34.0,1140.0,195.0,215.0,158.0,2287.0,0
3372.0,157.0,12.0,752.0,200.0,1448.0,233.0,241.0,137.0,993.0,0
3283.0,143.0,5.0,458.0,31.0,6121.0,227.0,239.0,146.0,598.0,0
3134.0,126.0,15.0,313.0,80.0,582.0,244.0,229.0,110.0,765.0,1
2599.0,91.0,16.0,201.0,36.0,708.0,243.0,213.0,95.0,2274.0,1
3167.0,257.0,9.0,210.0,40.0,5756.0,200.0,246.0,185.0,2550.0,1
3239.0,211.0,21.0,849.0,148.0,3997.0,198.0,254.0,184.0,932.0,1
2523.0,24.0,9.0,108.0,13.0,480.0,215.0,220.0,141.0,256.0,1
3062.0,15.0,11.0,60.0,11.0,882.0,211.0,218.0,143.0,1731.0,0
2973.0,70.0,13.0,382.0,59.0,3588.0,233.0,214.0,111.0,1641.0,1
3160.0,137.0,12.0,30.0,-4.0,1426.0,238.0,235.0,125.0,1811.0,0
3227.0,318.0,6.0,255.0,48.0,4421.0,205.0,235.0,169.0,2967.0,0
3150.0,22.0,10.0,218.0,26.0,2021.0,214.0,218.0,140.0,2809.0,0
2878.0,238.0,17.0,255.0,96.0,1500.0,186.0,252.0,201.0,1928.0,1
3021.0,178.0,25.0,295.0,61.0,1771.0,221.0,245.0,141.0,2240.0,1
2662.0,191.0,23.0,67.0,17.0,1786.0,213.0,250.0,160.0,1113.0,1
3220.0,164.0,13.0,607.0,9.0,932.0,231.0,244.0,141.0,2207.0,1
3119.0,7.0,10.0,60.0,6.0,3211.0,208.0,220.0,149.0,5082.0,0
3204.0,138.0,15.0,150.0,28.0,3832.0,241.0,234.0,118.0,1861.0,1
2729.0,112.0,4.0,390.0,40.0,2232.0,227.0,235.0,142.0,5749.0,1
3140.0,41.0,4.0,0.0,0.0,2045.0,220.0,230.0,146.0,2030.0,0
2946.0,116.0,11.0,283.0,48.0,3402.0,240.0,229.0,118.0,1682.0,1
3073.0,37.0,2.0,371.0,29.0,3279.0,219.0,234.0,151.0,499.0,0
3067.0,90.0,4.0,120.0,20.0,3076.0,226.0,233.0,141.0,5980.0,0
2972.0,348.0,9.0,60.0,-3.0,1371.0,203.0,225.0,161.0,684.0,1
2611.0,9.0,15.0,95.0,24.0,2106.0,202.0,210.0,142.0,1559.0,1
2946.0,40.0,12.0,201.0,-7.0,800.0,221.0,214.0,126.0,1532.0,0
3155.0,204.0,10.0,170.0,4.0,2024.0,214.0,250.0,169.0,700.0,0
2900.0,50.0,4.0,323.0,33.0,4110.0,221.0,231.0,146.0,6417.0,1
2642.0,60.0,10.0,150.0,-14.0,1170.0,228.0,218.0,122.0,655.0,1
3238.0,305.0,26.0,42.0,-2.0,3688.0,139.0,216.0,212.0,1652.0,0
3189.0,226.0,22.0,633.0,98.0,4052.0,183.0,254.0,201.0,930.0,1
3065.0,105.0,12.0,90.0,16.0,3231.0,240.0,225.0,113.0,2542.0,0
2931.0,120.0,13.0,212.0,34.0,1641.0,242.0,229.0,114.0,805.0,1
2688.0,141.0,9.0,30.0,-2.0,1613.0,234.0,238.0,134.0,3358.0,1
3006.0,48.0,6.0,30.0,1.0,3895.0,223.0,226.0,139.0,1282.0,1
3036.0,349.0,21.0,400.0,177.0,1032.0,176.0,199.0,159.0,3382.0,1
2918.0,63.0,13.0,335.0,-4.0,616.0,231.0,213.0,112.0,1894.0,0
2941.0,63.0,10.0,60.0,-10.0,1282.0,229.0,220.0,123.0,2257.0,1
2893.0,114.0,18.0,30.0,11.0,2742.0,248.0,219.0,93.0,1842.0,0
3108.0,141.0,3.0,212.0,-10.0,1774.0,224.0,238.0,150.0,2207.0,1
3017.0,358.0,5.0,127.0,42.0,5028.0,211.0,230.0,156.0,3894.0,0
2671.0,344.0,29.0,67.0,28.0,1812.0,151.0,183.0,162.0,1584.0,1
3444.0,353.0,15.0,759.0,75.0,2520.0,193.0,213.0,157.0,1384.0,0
3272.0,0.0,16.0,60.0,17.0,2102.0,195.0,209.0,150.0,1395.0,0
3114.0,59.0,4.0,700.0,60.0,2227.0,223.0,231.0,143.0,2359.0,0
2709.0,54.0,4.0,466.0,85.0,1266.0,222.0,231.0,144.0,646.0,1
2761.0,98.0,14.0,228.0,26.0,1624.0,243.0,219.0,102.0,2547.0,1
2883.0,7.0,10.0,417.0,85.0,3305.0,208.0,221.0,150.0,540.0,1
3265.0,117.0,22.0,108.0,27.0,4590.0,251.0,214.0,80.0,3763.0,0
2966.0,30.0,32.0,242.0,90.0,1896.0,191.0,152.0,77.0,2497.0,0
3384.0,219.0,10.0,553.0,178.0,799.0,208.0,250.0,177.0,785.0,0
3013.0,25.0,19.0,283.0,80.0,680.0,207.0,195.0,118.0,1756.0,1
2915.0,70.0,24.0,240.0,98.0,1717.0,238.0,187.0,68.0,2791.0,1
2699.0,18.0,9.0,277.0,13.0,1415.0,213.0,220.0,144.0,1590.0,1
2932.0,56.0,18.0,60.0,13.0,4838.0,229.0,200.0,98.0,2474.0,0
3108.0,276.0,6.0,170.0,44.0,1490.0,203.0,241.0,178.0,1149.0,0
2834.0,21.0,12.0,30.0,2.0,916.0,212.0,215.0,138.0,1959.0,1
3179.0,315.0,4.0,234.0,13.0,4972.0,209.0,236.0,166.0,2577.0,0
2959.0,286.0,21.0,277.0,55.0,997.0,157.0,234.0,215.0,2809.0,0
3067.0,159.0,8.0,120.0,12.0,765.0,229.0,242.0,145.0,1518.0,1
3193.0,73.0,15.0,437.0,124.0,3060.0,236.0,211.0,103.0,964.0,0
3649.0,45.0,23.0,1074.0,237.0,2597.0,219.0,182.0,87.0,1298.0,0
2671.0,84.0,10.0,180.0,-10.0,1613.0,234.0,224.0,121.0,5678.0,1
3274.0,340.0,19.0,1080.0,257.0,1976.0,176.0,209.0,169.0,2173.0,0
3234.0,67.0,6.0,277.0,21.0,6204.0,227.0,228.0,135.0,785.0,0
2882.0,52.0,23.0,153.0,58.0,4291.0,225.0,183.0,80.0,1110.0,1
3167.0,143.0,14.0,228.0,39.0,2430.0,240.0,236.0,122.0,524.0,0
3105.0,7.0,15.0,655.0,7.0,1872.0,200.0,208.0,143.0,3290.0,0
3115.0,180.0,6.0,30.0,3.0,4168.0,222.0,244.0,156.0,1500.0,0
3156.0,142.0,5.0,42.0,0.0,451.0,228.0,239.0,144.0,1413.0,0
2715.0,355.0,14.0,331.0,46.0,1471.0,196.0,214.0,155.0,2599.0,1
3141.0,255.0,12.0,0.0,0.0,926.0,192.0,247.0,193.0,1572.0,0
3224.0,100.0,13.0,424.0,111.0,1080.0,241.0,222.0,110.0,1973.0,0
3175.0,333.0,11.0,67.0,23.0,5085.0,196.0,226.0,170.0,1121.0,0
2426.0,260.0,18.0,67.0,11.0,408.0,174.0,247.0,210.0,258.0,1
3017.0,49.0,5.0,127.0,0.0,760.0,222.0,228.0,141.0,2126.0,1
3067.0,45.0,2.0,541.0,63.0,5858.0,220.0,234.0,151.0,4135.0,0
2763.0,275.0,20.0,120.0,28.0,1813.0,164.0,241.0,214.0,994.0,1
3325.0,144.0,6.0,300.0,57.0,3129.0,230.0,239.0,143.0,616.0,0
2805.0,261.0,30.0,258.0,159.0,1024.0,136.0,240.0,234.0,1608.0,1
3359.0,121.0,16.0,150.0,30.0,891.0,246.0,225.0,103.0,3989.0,1
3224.0,301.0,13.0,331.0,25.0,426.0,184.0,234.0,190.0,1209.0,0
2653.0,141.0,9.0,30.0,6.0,1456.0,234.0,238.0,135.0,5346.0,1
2744.0,304.0,19.0,108.0,39.0,2258.0,163.0,226.0,202.0,570.0,1
2993.0,300.0,19.0,85.0,20.0,1423.0,164.0,229.0,204.0,1908.0,1
3028.0,200.0,14.0,30.0,-2.0,1958.0,214.0,251.0,169.0,182.0,0
2696.0,32.0,12.0,30.0,0.0,1266.0,217.0,213.0,129.0,2178.0,1
3016.0,62.0,22.0,192.0,34.0,1587.0,233.0,188.0,76.0,1366.0,0
3085.0,40.0,11.0,1368.0,287.0,3037.0,221.0,216.0,128.0,1234.0,1
3280.0,207.0,14.0,391.0,127.0,1612.0,210.0,252.0,175.0,4121.0,0
2710.0,86.0,10.0,390.0,93.0,1050.0,235.0,223.0,119.0,680.0,1
2769.0,81.0,30.0,212.0,108.0,1650.0,244.0,172.0,35.0,1477.0,1
2989.0,28.0,6.0,30.0,0.0,4405.0,218.0,228.0,146.0,1050.0,1
2994.0,51.0,12.0,323.0,-27.0,1390.0,226.0,213.0,119.0,752.0,1
2921.0,17.0,11.0,488.0,76.0,2601.0,211.0,216.0,141.0,1302.0,0
2696.0,16.0,10.0,108.0,16.0,1895.0,211.0,219.0,143.0,6695.0,0
3100.0,53.0,29.0,60.0,19.0,3905.0,221.0,164.0,57.0,830.0,0
2957.0,332.0,22.0,404.0,190.0,551.0,162.0,206.0,180.0,1242.0,0
3186.0,76.0,18.0,60.0,0.0,1044.0,239.0,205.0,90.0,797.0,0
2524.0,64.0,12.0,212.0,5.0,216.0,231.0,215.0,114.0,2336.0,1
2990.0,0.0,8.0,67.0,2.0,2624.0,208.0,225.0,154.0,2051.0,0
3284.0,218.0,6.0,30.0,2.0,1356.0,214.0,246.0,168.0,3391.0,1
2992.0,140.0,7.0,67.0,6.0,90.0,231.0,238.0,140.0,1560.0,0
2978.0,315.0,3.0,408.0,61.0,5433.0,211.0,237.0,164.0,2421.0,1
3170.0,98.0,12.0,295.0,21.0,1015.0,239.0,223.0,113.0,2042.0,0
2751.0,57.0,8.0,0.0,0.0,2954.0,226.0,223.0,132.0,2791.0,0
2955.0,217.0,9.0,218.0,29.0,5389.0,211.0,249.0,174.0,3164.0,0
3365.0,70.0,13.0,108.0,7.0,1487.0,233.0,214.0,111.0,3506.0,0
2816.0,254.0,18.0,201.0,-27.0,2040.0,176.0,249.0,209.0,1084.0,1
2547.0,143.0,9.0,95.0,24.0,720.0,233.0,238.0,136.0,175.0,1
3191.0,66.0,9.0,30.0,0.0,3638.0,229.0,223.0,127.0,3411.0,0
3261.0,21.0,15.0,162.0,27.0,1657.0,208.0,206.0,132.0,2357.0,0
2837.0,142.0,8.0,0.0,0.0,3995.0,232.0,238.0,139.0,3332.0,0
3054.0,262.0,20.0,743.0,241.0,2061.0,166.0,245.0,216.0,930.0,1
2996.0,194.0,13.0,150.0,10.0,1919.0,218.0,250.0,164.0,3857.0,0
2917.0,202.0,24.0,361.0,160.0,2971.0,201.0,253.0,175.0,1296.0,1
2948.0,45.0,10.0,30.0,-1.0,2460.0,223.0,218.0,129.0,1894.0,0
3027.0,342.0,2.0,616.0,42.0,4023.0,214.0,235.0,159.0,4462.0,1
2939.0,359.0,18.0,242.0,63.0,3900.0,190.0,203.0,148.0,2614.0,1
3210.0,41.0,9.0,218.0,-13.0,488.0,221.0,221.0,134.0,2250.0,0
3314.0,331.0,18.0,664.0,96.0,3691.0,174.0,215.0,179.0,1360.0,0
3157.0,122.0,4.0,0.0,0.0,480.0,228.0,236.0,143.0,1445.0,0
3264.0,83.0,9.0,67.0,5.0,6358.0,233.0,224.0,122.0,90.0,0
2982.0,231.0,13.0,573.0,76.0,5842.0,199.0,252.0,188.0,3540.0,1
2620.0,245.0,14.0,30.0,3.0,446.0,192.0,250.0,195.0,1374.0,1
3147.0,55.0,22.0,323.0,78.0,2940.0,228.0,188.0,83.0,888.0,0
3000.0,31.0,3.0,234.0,19.0,3877.0,219.0,233.0,151.0,1754.0,1
3196.0,124.0,15.0,182.0,38.0,2614.0,244.0,228.0,108.0,752.0,0
3134.0,321.0,6.0,90.0,0.0,750.0,204.0,234.0,169.0,1140.0,0
2922.0,144.0,10.0,150.0,19.0,390.0,235.0,238.0,133.0,339.0,1
3175.0,11.0,10.0,234.0,33.0,1350.0,210.0,221.0,147.0,4830.0,0
2808.0,280.0,31.0,108.0,57.0,2381.0,121.0,226.0,236.0,553.0,1
2993.0,67.0,7.0,285.0,20.0,2814.0,228.0,226.0,132.0,67.0,0
3043.0,79.0,10.0,30.0,-3.0,2639.0,233.0,223.0,121.0,3980.0,0
2906.0,27.0,13.0,577.0,112.0,2821.0,214.0,211.0,130.0,3355.0,1
3352.0,30.0,8.0,437.0,62.0,3529.0,218.0,223.0,141.0,1616.0,0
3008.0,318.0,11.0,42.0,-2.0,2409.0,191.0,230.0,179.0,999.0,0
3382.0,79.0,16.0,362.0,68.0,2394.0,240.0,209.0,95.0,2148.0,0
2819.0,75.0,31.0,30.0,-22.0,331.0,240.0,166.0,34.0,2230.0,1
3101.0,73.0,21.0,201.0,6.0,1207.0,239.0,196.0,79.0,2325.0,0
3155.0,59.0,12.0,134.0,14.0,4254.0,229.0,215.0,117.0,3535.0,0
3021.0,118.0,18.0,335.0,97.0,4391.0,248.0,221.0,94.0,2282.0,1
2852.0,14.0,15.0,631.0,122.0,150.0,204.0,207.0,137.0,1207.0,1
2948.0,315.0,27.0,384.0,173.0,641.0,137.0,206.0,203.0,1231.0,0
2636.0,17.0,27.0,108.0,56.0,1087.0,187.0,172.0,111.0,902.0,1
3279.0,74.0,17.0,228.0,11.0,2239.0,238.0,205.0,92.0,4469.0,0
3389.0,214.0,37.0,713.0,-77.0,3602.0,161.0,245.0,194.0,2440.0,0
2751.0,317.0,13.0,30.0,5.0,1820.0,186.0,229.0,182.0,2652.0,1
2952.0,200.0,19.0,255.0,56.0,5141.0,209.0,253.0,172.0,1261.0,1
3250.0,102.0,7.0,642.0,29.0,3714.0,232.0,231.0,132.0,3001.0,0
3270.0,317.0,17.0,218.0,42.0,4036.0,174.0,223.0,188.0,1266.0,0
2814.0,34.0,14.0,85.0,0.0,1075.0,217.0,209.0,124.0,908.0,1
2853.0,315.0,13.0,67.0,-2.0,2943.0,184.0,229.0,184.0,2783.0,1
2550.0,125.0,6.0,124.0,3.0,808.0,230.0,236.0,139.0,808.0,1
3137.0,82.0,19.0,234.0,60.0,1201.0,243.0,203.0,82.0,1630.0,1
3176.0,328.0,7.0,108.0,13.0,4252.0,203.0,232.0,168.0,524.0,0
3105.0,357.0,4.0,309.0,7.0,2380.0,213.0,232.0,157.0,2181.0,0
2880.0,214.0,16.0,42.0,3.0,849.0,204.0,253.0,182.0,703.0,1
3171.0,106.0,18.0,242.0,66.0,1142.0,248.0,215.0,88.0,2325.0,1
2968.0,96.0,7.0,402.0,3.0,3381.0,232.0,229.0,129.0,6030.0,1
2682.0,133.0,24.0,30.0,9.0,1451.0,250.0,220.0,84.0,1584.0,0
2979.0,292.0,8.0,42.0,0.0,2024.0,197.0,239.0,182.0,1237.0,0
2955.0,350.0,7.0,376.0,60.0,789.0,208.0,228.0,159.0,1860.0,0
3099.0,192.0,13.0,301.0,23.0,779.0,219.0,250.0,162.0,1433.0,1
3109.0,159.0,9.0,420.0,-8.0,2201.0,230.0,242.0,143.0,1752.0,1
2986.0,90.0,7.0,30.0,-5.0,277.0,231.0,229.0,130.0,882.0,0
2799.0,112.0,18.0,30.0,3.0,2113.0,248.0,218.0,91.0,2971.0,1
3173.0,333.0,3.0,0.0,0.0,552.0,212.0,235.0,161.0,1189.0,0
3157.0,342.0,2.0,170.0,-20.0,886.0,214.0,235.0,159.0,1050.0,0
3184.0,13.0,3.0,134.0,6.0,5362.0,216.0,233.0,154.0,2790.0,1
3204.0,26.0,15.0,417.0,145.0,1180.0,212.0,205.0,127.0,342.0,0
2945.0,221.0,15.0,153.0,14.0,1940.0,200.0,253.0,186.0,1343.0,1
2932.0,92.0,18.0,306.0,98.0,5665.0,245.0,210.0,88.0,4350.0,1
3059.0,310.0,4.0,124.0,2.0,1650.0,209.0,237.0,167.0,1691.0,0
3113.0,66.0,9.0,30.0,5.0,2221.0,229.0,221.0,124.0,1986.0,0
2984.0,159.0,21.0,424.0,103.0,732.0,237.0,239.0,122.0,2496.0,0
2682.0,58.0,14.0,150.0,23.0,1337.0,230.0,209.0,109.0,930.0,1
2920.0,75.0,9.0,242.0,47.0,3466.0,232.0,223.0,123.0,2960.0,1
3126.0,261.0,10.0,417.0,59.0,3148.0,197.0,245.0,187.0,1742.0,1
3026.0,9.0,19.0,400.0,167.0,1142.0,195.0,200.0,138.0,3532.0,0
2999.0,45.0,6.0,376.0,53.0,1128.0,222.0,226.0,139.0,2257.0,1
2881.0,21.0,13.0,190.0,8.0,1283.0,211.0,212.0,135.0,2125.0,1
3267.0,124.0,19.0,182.0,30.0,2287.0,248.0,223.0,96.0,1855.0,0
3088.0,2.0,24.0,660.0,62.0,920.0,179.0,186.0,138.0,1436.0,0
3247.0,357.0,14.0,150.0,42.0,1994.0,198.0,214.0,154.0,1301.0,0
2857.0,350.0,24.0,319.0,132.0,3216.0,169.0,192.0,156.0,1584.0,1
3103.0,36.0,6.0,247.0,56.0,2845.0,220.0,226.0,143.0,5987.0,0
3043.0,179.0,10.0,67.0,-1.0,1718.0,225.0,246.0,154.0,371.0,0
3014.0,225.0,4.0,757.0,118.0,5879.0,214.0,243.0,166.0,6415.0,1
2629.0,106.0,11.0,170.0,18.0,1818.0,239.0,227.0,117.0,633.0,1
2863.0,109.0,16.0,120.0,-14.0,1127.0,246.0,220.0,98.0,721.0,0
3044.0,120.0,11.0,283.0,51.0,5134.0,240.0,230.0,119.0,3569.0,1
2476.0,52.0,26.0,175.0,74.0,658.0,223.0,176.0,71.0,698.0,1
2882.0,359.0,11.0,242.0,50.0,2529.0,203.0,220.0,154.0,2569.0,1
2535.0,71.0,20.0,0.0,0.0,780.0,238.0,197.0,81.0,1442.0,1
2654.0,85.0,8.0,153.0,4.0,1262.0,232.0,227.0,128.0,1699.0,1
3064.0,54.0,11.0,430.0,16.0,3079.0,226.0,217.0,123.0,258.0,0
2645.0,121.0,8.0,90.0,-11.0,1200.0,235.0,233.0,130.0,706.0,1
2763.0,270.0,9.0,192.0,31.0,108.0,197.0,243.0,186.0,2136.0,1
2891.0,342.0,13.0,42.0,6.0,3560.0,193.0,221.0,166.0,4953.0,1
3170.0,314.0,16.0,150.0,24.0,810.0,176.0,226.0,189.0,1930.0,1
2860.0,67.0,2.0,150.0,9.0,3290.0,221.0,235.0,151.0,3129.0,1
3255.0,142.0,20.0,552.0,98.0,1031.0,244.0,231.0,106.0,1231.0,1
3091.0,111.0,3.0,351.0,32.0,1805.0,225.0,236.0,145.0,2210.0,1
2821.0,8.0,9.0,283.0,45.0,3267.0,210.0,223.0,150.0,1142.0,1
2777.0,286.0,30.0,301.0,129.0,1100.0,125.0,224.0,231.0,1455.0,1
3187.0,356.0,7.0,0.0,0.0,3545.0,209.0,228.0,157.0,3272.0,0
2936.0,150.0,34.0,713.0,108.0,4320.0,240.0,217.0,76.0,1549.0,1
3352.0,24.0,21.0,466.0,137.0,2135.0,203.0,190.0,116.0,2034.0,0
3102.0,359.0,19.0,182.0,-5.0,1371.0,189.0,202.0,148.0,391.0,0
2647.0,117.0,22.0,216.0,-6.0,1259.0,251.0,214.0,80.0,451.0,1
2855.0,169.0,20.0,162.0,-21.0,3090.0,231.0,244.0,136.0,1471.0,1
3135.0,200.0,12.0,85.0,0.0,1950.0,215.0,250.0,168.0,600.0,0
3094.0,98.0,13.0,95.0,23.0,331.0,241.0,221.0,107.0,742.0,1
3060.0,140.0,18.0,402.0,135.0,1415.0,244.0,232.0,111.0,3353.0,0
2992.0,62.0,13.0,309.0,9.0,2352.0,230.0,214.0,114.0,2560.0,1
2929.0,11.0,2.0,433.0,9.0,5376.0,217.0,234.0,155.0,2173.0,1
3076.0,300.0,15.0,360.0,19.0,1524.0,176.0,232.0,196.0,1507.0,0
3015.0,243.0,3.0,90.0,5.0,5201.0,213.0,242.0,166.0,2463.0,0
2748.0,257.0,30.0,335.0,164.0,1410.0,137.0,241.0,234.0,1057.0,1
2876.0,135.0,8.0,85.0,-4.0,1071.0,233.0,237.0,135.0,2270.0,1
3219.0,114.0,18.0,277.0,37.0,4080.0,248.0,219.0,92.0,886.0,0
3315.0,333.0,20.0,134.0,9.0,2118.0,171.0,210.0,177.0,1587.0,0
3027.0,319.0,9.0,330.0,30.0,2630.0,198.0,232.0,174.0,967.0,0
3168.0,25.0,10.0,391.0,55.0,3700.0,215.0,219.0,140.0,3386.0,0
3244.0,250.0,6.0,816.0,69.0,4179.0,208.0,244.0,174.0,2497.0,0
2975.0,226.0,15.0,297.0,49.0,5421.0,199.0,253.0,189.0,3287.0,1
3008.0,2.0,12.0,60.0,13.0,1071.0,203.0,216.0,151.0,2357.0,0
3100.0,55.0,20.0,120.0,-12.0,693.0,228.0,193.0,90.0,1611.0,0
3261.0,109.0,10.0,895.0,145.0,2101.0,238.0,229.0,121.0,2474.0,0
2924.0,108.0,9.0,85.0,4.0,1199.0,236.0,230.0,125.0,1626.0,1
3158.0,133.0,10.0,240.0,43.0,228.0,236.0,236.0,130.0,2168.0,0
2976.0,26.0,9.0,150.0,0.0,3520.0,216.0,220.0,140.0,2197.0,0
3052.0,270.0,8.0,0.0,0.0,162.0,200.0,243.0,182.0,543.0,0
3090.0,359.0,10.0,469.0,74.0,1362.0,205.0,221.0,154.0,2385.0,0
3303.0,17.0,16.0,247.0,64.0,3421.0,206.0,206.0,134.0,2279.0,0
2960.0,309.0,47.0,404.0,49.0,2821.0,56.0,161.0,219.0,319.0,0
3022.0,54.0,22.0,255.0,63.0,1320.0,227.0,188.0,84.0,1158.0,1
3110.0,270.0,7.0,247.0,36.0,1266.0,202.0,243.0,180.0,1403.0,0
3141.0,152.0,14.0,255.0,63.0,192.0,237.0,239.0,130.0,2221.0,0
3149.0,336.0,20.0,268.0,10.0,2347.0,171.0,208.0,174.0,426.0,0
3095.0,85.0,20.0,124.0,20.0,2773.0,244.0,202.0,78.0,3807.0,0
2993.0,56.0,5.0,30.0,-1.0,2713.0,224.0,228.0,140.0,2021.0,0
3248.0,150.0,19.0,450.0,94.0,1415.0,241.0,235.0,116.0,2167.0,0
2900.0,54.0,12.0,256.0,37.0,4081.0,227.0,213.0,117.0,6350.0,1
3176.0,3.0,20.0,297.0,48.0,4030.0,189.0,198.0,143.0,904.0,0
2924.0,45.0,6.0,90.0,-3.0,750.0,222.0,227.0,141.0,2131.0,1
3343.0,237.0,8.0,420.0,32.0,924.0,206.0,247.0,178.0,1593.0,0
2869.0,114.0,5.0,335.0,4.0,1050.0,228.0,235.0,141.0,2680.0,0
2799.0,128.0,11.0,162.0,36.0,1291.0,238.0,233.0,125.0,1852.0,1
3095.0,346.0,27.0,108.0,34.0,1033.0,158.0,187.0,160.0,2092.0,0
2850.0,47.0,9.0,362.0,7.0,1063.0,224.0,220.0,130.0,2305.0,1
3221.0,108.0,5.0,201.0,16.0,2837.0,229.0,234.0,138.0,5050.0,0
3074.0,9.0,6.0,42.0,3.0,1771.0,213.0,227.0,152.0,1829.0,1
3207.0,185.0,12.0,90.0,1.0,836.0,222.0,248.0,157.0,1215.0,0
3218.0,289.0,24.0,807.0,106.0,3596.0,147.0,230.0,219.0,2165.0,0
3133.0,70.0,6.0,175.0,0.0,630.0,227.0,228.0,135.0,2412.0,0
3266.0,83.0,14.0,270.0,52.0,1261.0,239.0,214.0,102.0,1648.0,0
3128.0,61.0,5.0,150.0,12.0,390.0,224.0,229.0,141.0,2207.0,0
2552.0,1.0,11.0,0.0,0.0,990.0,204.0,219.0,152.0,457.0,1
3179.0,336.0,6.0,108.0,7.0,2674.0,207.0,232.0,164.0,1159.0,0
3045.0,110.0,10.0,30.0,1.0,3407.0,238.0,229.0,120.0,503.0,0
2838.0,70.0,24.0,30.0,18.0,967.0,237.0,186.0,67.0,335.0,1
2590.0,301.0,6.0,437.0,120.0,631.0,204.0,238.0,172.0,607.0,1
2593.0,63.0,13.0,450.0,39.0,592.0,231.0,214.0,113.0,2789.0,1
2702.0,146.0,5.0,323.0,102.0,1168.0,228.0,239.0,145.0,2462.0,1
3340.0,186.0,12.0,331.0,72.0,3226.0,222.0,248.0,158.0,361.0,0
2995.0,55.0,10.0,150.0,-5.0,4399.0,226.0,220.0,127.0,684.0,1
3119.0,240.0,8.0,212.0,43.0,5627.0,206.0,247.0,179.0,2547.0,1
3157.0,250.0,15.0,485.0,106.0,3097.0,186.0,250.0,200.0,323.0,0
3013.0,331.0,14.0,120.0,23.0,216.0,186.0,222.0,175.0,300.0,0
2864.0,26.0,9.0,503.0,85.0,1243.0,216.0,220.0,140.0,2702.0,1
2709.0,87.0,16.0,153.0,15.0,1616.0,242.0,212.0,96.0,1604.0,1
2854.0,34.0,5.0,0.0,0.0,4943.0,219.0,228.0,145.0,4397.0,1
3260.0,120.0,25.0,351.0,79.0,4170.0,253.0,210.0,69.0,1060.0,0
3354.0,93.0,5.0,677.0,97.0,1126.0,227.0,233.0,140.0,2436.0,0
3165.0,199.0,13.0,301.0,62.0,2337.0,215.0,251.0,168.0,911.0,1
3064.0,90.0,14.0,212.0,40.0,3479.0,240.0,218.0,105.0,2781.0,0
3222.0,94.0,3.0,150.0,2.0,1842.0,224.0,234.0,145.0,845.0,0
2955.0,327.0,5.0,247.0,19.0,4286.0,208.0,234.0,165.0,5021.0,1
3418.0,184.0,14.0,277.0,14.0,1888.0,223.0,249.0,156.0,3624.0,0
2689.0,347.0,18.0,124.0,38.0,1992.0,182.0,207.0,162.0,4513.0,1
3096.0,303.0,13.0,124.0,20.0,4943.0,185.0,234.0,189.0,666.0,0
3115.0,238.0,15.0,150.0,50.0,2430.0,193.0,252.0,195.0,858.0,1
2664.0,353.0,17.0,323.0,68.0,2278.0,189.0,208.0,156.0,1608.0,1
2899.0,354.0,24.0,600.0,270.0,730.0,173.0,191.0,150.0,636.0,1
2932.0,68.0,23.0,210.0,-15.0,514.0,236.0,187.0,70.0,2514.0,1
3033.0,282.0,10.0,162.0,7.0,3560.0,193.0,241.0,188.0,1712.0,0
3052.0,327.0,8.0,408.0,53.0,2809.0,200.0,231.0,170.0,1889.0,1
3220.0,7.0,6.0,295.0,-3.0,5559.0,213.0,228.0,153.0,1736.0,0
3014.0,322.0,26.0,531.0,68.0,2947.0,145.0,204.0,194.0,474.0,0
3102.0,45.0,4.0,510.0,7.0,5312.0,221.0,231.0,146.0,1507.0,0
3166.0,264.0,10.0,192.0,31.0,5731.0,196.0,245.0,187.0,2490.0,1
3282.0,303.0,18.0,67.0,48.0,4636.0,167.0,228.0,200.0,703.0,1
2988.0,294.0,10.0,524.0,72.0,5440.0,191.0,238.0,187.0,1880.0,1
2827.0,119.0,6.0,0.0,0.0,5332.0,230.0,235.0,138.0,4568.0,0
2852.0,10.0,11.0,85.0,5.0,3255.0,209.0,219.0,147.0,4805.0,1
3241.0,355.0,11.0,558.0,170.0,3323.0,201.0,220.0,156.0,1812.0,0
2957.0,352.0,3.0,362.0,113.0,1405.0,214.0,233.0,158.0,2604.0,1
2922.0,61.0,2.0,0.0,0.0,4537.0,221.0,234.0,149.0,4237.0,0
3201.0,126.0,12.0,532.0,26.0,4116.0,240.0,231.0,119.0,2818.0,0
2988.0,323.0,5.0,150.0,6.0,5085.0,208.0,235.0,166.0,4773.0,1
2952.0,30.0,14.0,95.0,16.0,4937.0,215.0,209.0,128.0,6195.0,1
3160.0,253.0,6.0,787.0,84.0,1595.0,206.0,244.0,177.0,2613.0,0
2679.0,9.0,27.0,95.0,71.0,2370.0,179.0,175.0,124.0,6930.0,0
2535.0,75.0,24.0,30.0,16.0,1471.0,241.0,188.0,64.0,1706.0,1
3078.0,53.0,17.0,182.0,35.0,4910.0,227.0,203.0,104.0,532.0,0
3200.0,73.0,14.0,531.0,123.0,474.0,236.0,213.0,105.0,832.0,0
2815.0,359.0,18.0,242.0,81.0,2524.0,190.0,204.0,149.0,671.0,1
2937.0,96.0,21.0,569.0,141.0,1155.0,248.0,205.0,76.0,679.0,1
2845.0,293.0,12.0,30.0,8.0,2488.0,185.0,237.0,192.0,2201.0,0
3037.0,45.0,4.0,95.0,0.0,3634.0,221.0,231.0,146.0,1911.0,1
3075.0,39.0,17.0,60.0,3.0,983.0,219.0,201.0,112.0,1200.0,0
3175.0,330.0,5.0,95.0,1.0,649.0,207.0,233.0,165.0,1077.0,0
3082.0,98.0,13.0,134.0,24.0,595.0,241.0,221.0,107.0,1343.0,0
3120.0,199.0,22.0,108.0,26.0,3154.0,207.0,253.0,171.0,1110.0,0
2814.0,126.0,8.0,306.0,41.0,2326.0,234.0,235.0,132.0,2758.0,1
3018.0,4.0,23.0,85.0,23.0,4530.0,183.0,189.0,137.0,2631.0,0
3189.0,128.0,8.0,60.0,7.0,2340.0,234.0,235.0,133.0,2800.0,0
2926.0,169.0,4.0,335.0,-9.0,4285.0,222.0,241.0,154.0,5810.0,1
3019.0,175.0,18.0,277.0,36.0,2368.0,227.0,247.0,144.0,2992.0,1
3309.0,291.0,19.0,210.0,41.0,5476.0,162.0,233.0,209.0,907.0,0
3094.0,112.0,8.0,150.0,19.0,4559.0,235.0,231.0,128.0,3079.0,0
3041.0,233.0,7.0,808.0,50.0,5720.0,208.0,247.0,175.0,5541.0,1
2983.0,49.0,9.0,443.0,18.0,993.0,224.0,221.0,131.0,2138.0,1
3292.0,59.0,19.0,175.0,7.0,4226.0,230.0,196.0,90.0,3588.0,0
2790.0,34.0,21.0,234.0,3.0,2918.0,211.0,189.0,105.0,2315.0,0
3203.0,302.0,9.0,212.0,20.0,722.0,194.0,236.0,181.0,853.0,0
3086.0,288.0,5.0,95.0,1.0,3852.0,205.0,239.0,173.0,1966.0,0
3155.0,333.0,7.0,30.0,3.0,3464.0,203.0,230.0,166.0,4842.0,0
3273.0,302.0,11.0,0.0,0.0,1320.0,190.0,235.0,185.0,1652.0,0
3076.0,25.0,5.0,30.0,1.0,3810.0,218.0,229.0,148.0,1041.0,0
3174.0,85.0,19.0,300.0,83.0,5246.0,244.0,203.0,81.0,1434.0,0
2914.0,339.0,24.0,268.0,91.0,960.0,161.0,198.0,171.0,1860.0,1
3411.0,170.0,10.0,702.0,-41.0,1284.0,227.0,245.0,149.0,4002.0,0
3073.0,79.0,15.0,108.0,23.0,3845.0,239.0,211.0,98.0,4046.0,0
2734.0,315.0,7.0,134.0,4.0,1168.0,201.0,234.0,173.0,1765.0,0
3228.0,307.0,21.0,192.0,31.0,283.0,157.0,222.0,203.0,691.0,0
3126.0,242.0,9.0,443.0,62.0,3154.0,202.0,248.0,184.0,1764.0,1
2998.0,301.0,7.0,108.0,28.0,391.0,201.0,237.0,176.0,335.0,0
3289.0,182.0,8.0,955.0,121.0,2395.0,223.0,245.0,156.0,1967.0,0
3054.0,42.0,19.0,426.0,132.0,4744.0,219.0,194.0,102.0,3331.0,0
2756.0,219.0,28.0,240.0,9.0,1624.0,176.0,253.0,199.0,1290.0,1
3206.0,345.0,19.0,258.0,47.0,1342.0,180.0,207.0,164.0,616.0,0
2711.0,331.0,17.0,150.0,23.0,2176.0,177.0,216.0,177.0,2055.0,1
3107.0,349.0,7.0,270.0,29.0,524.0,207.0,228.0,160.0,1563.0,1
3022.0,62.0,16.0,150.0,26.0,1929.0,232.0,207.0,103.0,3491.0,0
2974.0,243.0,16.0,845.0,179.0,2687.0,188.0,251.0,199.0,1332.0,1
2921.0,321.0,20.0,134.0,10.0,2831.0,164.0,216.0,190.0,451.0,0
2883.0,99.0,10.0,42.0,0.0,5372.0,236.0,227.0,121.0,4184.0,0
3266.0,165.0,14.0,30.0,6.0,4401.0,231.0,244.0,141.0,2252.0,0
2857.0,127.0,20.0,150.0,57.0,170.0,249.0,222.0,92.0,1044.0,1
3173.0,64.0,7.0,0.0,0.0,2160.0,227.0,226.0,133.0,765.0,0
2995.0,126.0,8.0,42.0,0.0,5285.0,234.0,235.0,132.0,2046.0,0
2759.0,117.0,9.0,376.0,-13.0,1830.0,236.0,232.0,128.0,2236.0,1
2687.0,47.0,10.0,256.0,24.0,1664.0,224.0,218.0,128.0,6189.0,1
2914.0,313.0,19.0,361.0,146.0,450.0,166.0,222.0,195.0,1207.0,0
2971.0,72.0,7.0,616.0,18.0,949.0,228.0,227.0,133.0,2069.0,1
2966.0,56.0,3.0,470.0,95.0,1087.0,222.0,232.0,146.0,2007.0,1
2952.0,68.0,7.0,30.0,3.0,2241.0,227.0,226.0,133.0,685.0,0
3088.0,294.0,10.0,60.0,10.0,1664.0,191.0,238.0,187.0,1006.0,0
3044.0,141.0,10.0,607.0,79.0,5540.0,235.0,237.0,132.0,6068.0,1
3219.0,217.0,12.0,400.0,60.0,450.0,206.0,252.0,180.0,1921.0,0
3175.0,140.0,11.0,201.0,20.0,4477.0,237.0,237.0,129.0,2858.0,0
2983.0,323.0,12.0,60.0,8.0,2383.0,188.0,227.0,178.0,1600.0,0
3189.0,145.0,4.0,30.0,-1.0,5502.0,225.0,239.0,149.0,3055.0,1
3248.0,47.0,22.0,124.0,13.0,4287.0,222.0,186.0,88.0,3454.0,0
3086.0,348.0,14.0,510.0,6.0,3711.0,193.0,216.0,161.0,4484.0,0
3279.0,0.0,9.0,42.0,2.0,969.0,206.0,222.0,154.0,1354.0,1
3284.0,81.0,27.0,379.0,2.0,1816.0,244.0,181.0,49.0,2573.0,0
3193.0,354.0,20.0,525.0,77.0,3763.0,182.0,200.0,152.0,1637.0,1
3208.0,28.0,11.0,642.0,33.0,3653.0,216.0,215.0,134.0,4146.0,0
2911.0,54.0,10.0,30.0,-1.0,2147.0,226.0,218.0,124.0,2052.0,1
2921.0,24.0,18.0,216.0,57.0,2322.0,207.0,199.0,123.0,2123.0,0
2509.0,36.0,31.0,67.0,24.0,931.0,201.0,156.0,72.0,1341.0,1
2926.0,238.0,14.0,67.0,17.0,4970.0,195.0,251.0,192.0,4370.0,1
3049.0,45.0,2.0,433.0,29.0,4524.0,219.0,235.0,152.0,1266.0,1
3012.0,124.0,14.0,150.0,-6.0,2537.0,243.0,229.0,111.0,541.0,1
2738.0,1.0,12.0,162.0,51.0,1423.0,203.0,218.0,152.0,2750.0,1
3180.0,92.0,15.0,424.0,103.0,576.0,242.0,216.0,99.0,725.0,0
3100.0,120.0,7.0,42.0,4.0,5356.0,232.0,235.0,136.0,937.0,0
2742.0,288.0,6.0,30.0,6.0,1101.0,203.0,239.0,175.0,900.0,0
2781.0,27.0,7.0,0.0,0.0,3155.0,218.0,225.0,144.0,6354.0,1
3027.0,351.0,9.0,212.0,15.0,2442.0,205.0,226.0,159.0,1053.0,0
2991.0,321.0,26.0,430.0,225.0,759.0,145.0,204.0,194.0,1290.0,0
3119.0,177.0,15.0,582.0,78.0,5755.0,226.0,247.0,150.0,1481.0,1
2941.0,297.0,9.0,175.0,21.0,4918.0,195.0,237.0,182.0,2029.0,1
3114.0,287.0,19.0,361.0,77.0,3161.0,163.0,235.0,211.0,1440.0,0
2778.0,33.0,29.0,153.0,50.0,1048.0,201.0,165.0,83.0,2065.0,1
2973.0,106.0,10.0,127.0,8.0,3912.0,238.0,228.0,120.0,2647.0,0
2964.0,178.0,7.0,134.0,25.0,1513.0,223.0,244.0,155.0,492.0,1
2919.0,76.0,10.0,342.0,36.0,4304.0,233.0,220.0,118.0,6268.0,1
3378.0,322.0,6.0,531.0,163.0,900.0,205.0,234.0,168.0,742.0,0
3197.0,113.0,18.0,335.0,49.0,764.0,248.0,218.0,92.0,2787.0,1
3178.0,45.0,8.0,532.0,36.0,2934.0,222.0,223.0,136.0,4797.0,0
3086.0,132.0,6.0,127.0,9.0,2429.0,229.0,237.0,141.0,2032.0,0
2830.0,270.0,1.0,0.0,0.0,426.0,215.0,239.0,161.0,277.0,1
3194.0,50.0,21.0,150.0,25.0,4173.0,224.0,190.0,90.0,3288.0,0
3172.0,64.0,42.0,150.0,69.0,3931.0,218.0,120.0,0.0,1142.0,0
3096.0,342.0,12.0,182.0,21.0,2134.0,195.0,222.0,166.0,2337.0,1
3239.0,86.0,3.0,270.0,-4.0,4365.0,224.0,234.0,145.0,2172.0,0
3187.0,213.0,11.0,247.0,46.0,2546.0,210.0,251.0,175.0,1006.0,1
2693.0,255.0,12.0,0.0,0.0,1168.0,192.0,247.0,193.0,2481.0,1
3229.0,318.0,7.0,108.0,15.0,1443.0,202.0,234.0,171.0,576.0,0
3119.0,156.0,10.0,390.0,82.0,2491.0,232.0,241.0,140.0,1302.0,0
2544.0,13.0,25.0,335.0,130.0,930.0,186.0,179.0,121.0,1640.0,1
3076.0,233.0,2.0,840.0,35.0,997.0,215.0,241.0,163.0,926.0,1
3060.0,72.0,5.0,301.0,-36.0,693.0,225.0,231.0,141.0,1489.0,0
2955.0,45.0,10.0,30.0,6.0,4855.0,223.0,219.0,130.0,6026.0,1
2833.0,33.0,18.0,190.0,47.0,3666.0,214.0,199.0,115.0,2847.0,1
2826.0,23.0,18.0,450.0,131.0,938.0,206.0,199.0,124.0,339.0,0
3155.0,170.0,9.0,234.0,22.0,376.0,227.0,244.0,149.0,4992.0,1
3272.0,62.0,16.0,516.0,38.0,1440.0,232.0,207.0,103.0,2278.0,0
2791.0,74.0,14.0,450.0,12.0,1754.0,236.0,213.0,106.0,1689.0,1
3147.0,45.0,16.0,134.0,32.0,4298.0,223.0,204.0,111.0,3591.0,0
3377.0,104.0,12.0,256.0,95.0,2067.0,240.0,225.0,114.0,2789.0,0
2885.0,324.0,18.0,847.0,165.0,201.0,173.0,218.0,184.0,1489.0,1
3246.0,30.0,14.0,247.0,67.0,4174.0,215.0,208.0,127.0,3037.0,0
3274.0,8.0,7.0,390.0,51.0,3543.0,212.0,227.0,152.0,2895.0,1
2651.0,126.0,9.0,258.0,39.0,666.0,235.0,234.0,130.0,1328.0,1
3146.0,54.0,20.0,30.0,10.0,1047.0,228.0,194.0,91.0,636.0,0
3269.0,45.0,1.0,395.0,90.0,4730.0,219.0,235.0,153.0,3175.0,0
3160.0,270.0,11.0,162.0,52.0,2613.0,190.0,244.0,193.0,895.0,1
2959.0,216.0,6.0,350.0,50.0,5838.0,214.0,246.0,169.0,2881.0,1
3263.0,135.0,21.0,153.0,39.0,2914.0,248.0,225.0,95.0,3019.0,0
3170.0,46.0,19.0,60.0,9.0,3465.0,222.0,196.0,102.0,592.0,0
3195.0,116.0,31.0,285.0,118.0,3903.0,254.0,194.0,43.0,2352.0,0
2892.0,113.0,5.0,376.0,36.0,2656.0,230.0,234.0,138.0,2431.0,1
2941.0,320.0,17.0,446.0,169.0,534.0,174.0,221.0,186.0,1301.0,0
2849.0,319.0,9.0,870.0,144.0,60.0,198.0,232.0,174.0,1437.0,1
2599.0,45.0,5.0,30.0,2.0,390.0,221.0,229.0,144.0,6051.0,1
3324.0,279.0,6.0,660.0,122.0,808.0,204.0,241.0,176.0,997.0,0
3082.0,60.0,7.0,30.0,3.0,5044.0,225.0,226.0,135.0,2125.0,1
3024.0,135.0,9.0,703.0,214.0,721.0,235.0,236.0,133.0,1256.0,1
2922.0,359.0,18.0,300.0,69.0,3095.0,190.0,204.0,149.0,1825.0,1
3289.0,320.0,20.0,582.0,101.0,730.0,163.0,216.0,190.0,242.0,0
2947.0,223.0,9.0,390.0,83.0,1749.0,209.0,249.0,176.0,1142.0,1
3219.0,279.0,7.0,175.0,40.0,4422.0,200.0,241.0,181.0,3060.0,0
2531.0,67.0,9.0,60.0,10.0,30.0,229.0,222.0,125.0,787.0,1
2628.0,342.0,26.0,323.0,191.0,787.0,157.0,191.0,167.0,1361.0,1
3208.0,133.0,8.0,240.0,17.0,5731.0,233.0,236.0,135.0,3246.0,1
3304.0,71.0,14.0,516.0,90.0,1068.0,235.0,211.0,104.0,2550.0,1
2915.0,311.0,10.0,95.0,28.0,1320.0,193.0,233.0,180.0,725.0,1
2972.0,57.0,7.0,256.0,33.0,2402.0,225.0,226.0,136.0,1980.0,0
3117.0,96.0,5.0,270.0,15.0,4441.0,228.0,233.0,139.0,1661.0,0
3052.0,202.0,17.0,277.0,44.0,1766.0,210.0,253.0,172.0,277.0,1
2912.0,156.0,16.0,277.0,71.0,3072.0,237.0,240.0,129.0,3283.0,1
3047.0,203.0,5.0,933.0,128.0,5550.0,217.0,245.0,164.0,5600.0,1
3149.0,31.0,3.0,0.0,0.0,295.0,219.0,233.0,151.0,1593.0,0
2913.0,83.0,12.0,618.0,43.0,4401.0,237.0,218.0,110.0,5448.0,0
2903.0,78.0,18.0,60.0,17.0,5875.0,240.0,204.0,88.0,4759.0,1
3119.0,20.0,11.0,277.0,11.0,1878.0,212.0,217.0,140.0,891.0,0
2595.0,252.0,1.0,0.0,0.0,518.0,217.0,239.0,159.0,1415.0,1
2900.0,219.0,3.0,90.0,0.0,4970.0,216.0,243.0,164.0,4674.0,1
3042.0,165.0,16.0,210.0,20.0,1348.0,232.0,244.0,138.0,638.0,1
3180.0,110.0,7.0,30.0,-5.0,1681.0,233.0,232.0,132.0,1637.0,0
2982.0,212.0,17.0,390.0,10.0,4472.0,203.0,254.0,182.0,4845.0,1
2833.0,123.0,11.0,242.0,4.0,2743.0,239.0,231.0,121.0,2555.0,1
2690.0,183.0,20.0,150.0,24.0,3475.0,221.0,249.0,152.0,1964.0,1
3055.0,99.0,14.0,85.0,0.0,2796.0,243.0,220.0,103.0,1190.0,1
2925.0,33.0,20.0,234.0,61.0,2335.0,212.0,192.0,109.0,2103.0,0
2982.0,39.0,3.0,366.0,80.0,983.0,220.0,232.0,149.0,902.0,1
2970.0,353.0,14.0,268.0,28.0,2016.0,195.0,214.0,156.0,2914.0,1
3419.0,308.0,10.0,997.0,169.0,1215.0,191.0,234.0,182.0,1917.0,0
3018.0,333.0,14.0,124.0,14.0,5292.0,187.0,221.0,173.0,4551.0,0
2942.0,254.0,11.0,382.0,36.0,5705.0,195.0,247.0,191.0,3495.0,1
3041.0,160.0,13.0,335.0,76.0,1399.0,233.0,242.0,138.0,659.0,1
2796.0,311.0,21.0,376.0,132.0,1348.0,158.0,220.0,200.0,1230.0,1
3047.0,82.0,8.0,30.0,3.0,120.0,232.0,225.0,126.0,955.0,1
2818.0,332.0,26.0,30.0,17.0,4526.0,151.0,197.0,181.0,4978.0,1
3026.0,72.0,12.0,150.0,20.0,3013.0,233.0,217.0,115.0,1477.0,1
2889.0,27.0,8.0,30.0,3.0,2446.0,217.0,223.0,142.0,190.0,0
3203.0,290.0,8.0,0.0,0.0,4741.0,198.0,239.0,181.0,430.0,0
3008.0,99.0,15.0,295.0,53.0,3122.0,243.0,219.0,101.0,6312.0,0
2829.0,146.0,11.0,95.0,2.0,870.0,235.0,239.0,134.0,90.0,1
2726.0,282.0,9.0,0.0,0.0,2313.0,195.0,241.0,186.0,212.0,0
3004.0,101.0,25.0,30.0,12.0,631.0,252.0,198.0,59.0,1879.0,0
3244.0,30.0,15.0,150.0,39.0,3511.0,214.0,206.0,124.0,2250.0,0
2916.0,90.0,1.0,443.0,7.0,4899.0,221.0,236.0,151.0,2980.0,0
2732.0,82.0,7.0,270.0,-26.0,1377.0,230.0,228.0,132.0,870.0,1
3252.0,71.0,21.0,134.0,19.0,1848.0,238.0,195.0,79.0,1498.0,1
3309.0,292.0,15.0,361.0,79.0,4294.0,176.0,236.0,199.0,1727.0,0
3194.0,88.0,5.0,212.0,13.0,5615.0,228.0,231.0,137.0,2468.0,0
3089.0,28.0,9.0,240.0,13.0,1458.0,217.0,220.0,139.0,2958.0,0
2566.0,90.0,9.0,210.0,29.0,603.0,235.0,225.0,121.0,524.0,1
3402.0,276.0,21.0,573.0,195.0,849.0,158.0,239.0,218.0,1154.0,0
2872.0,309.0,19.0,120.0,-3.0,2646.0,166.0,225.0,198.0,1406.0,1
2874.0,344.0,14.0,792.0,144.0,162.0,190.0,217.0,165.0,1365.0,1
3028.0,262.0,2.0,0.0,0.0,819.0,215.0,239.0,162.0,1110.0,0
2962.0,140.0,12.0,95.0,10.0,4554.0,237.0,236.0,128.0,5515.0,1
3086.0,13.0,12.0,85.0,13.0,3562.0,208.0,216.0,143.0,2826.0,0
3100.0,31.0,6.0,553.0,44.0,5248.0,219.0,228.0,145.0,1566.0,0
2991.0,138.0,15.0,67.0,17.0,366.0,241.0,234.0,118.0,930.0,0
3241.0,26.0,13.0,60.0,6.0,4388.0,213.0,211.0,132.0,924.0,0
2928.0,239.0,24.0,255.0,115.0,1477.0,169.0,252.0,213.0,402.0,1
3280.0,112.0,10.0,421.0,56.0,1290.0,238.0,229.0,121.0,2291.0,0
2847.0,304.0,7.0,150.0,24.0,2436.0,200.0,236.0,176.0,2245.0,1
3108.0,195.0,8.0,417.0,59.0,3072.0,219.0,247.0,163.0,1729.0,1
3179.0,34.0,23.0,630.0,-7.0,1861.0,209.0,183.0,99.0,1991.0,0
2902.0,357.0,17.0,661.0,172.0,306.0,191.0,207.0,152.0,1253.0,1
2998.0,135.0,7.0,301.0,33.0,5237.0,231.0,237.0,138.0,6005.0,0
2955.0,338.0,8.0,537.0,40.0,2870.0,202.0,228.0,165.0,1388.0,1
3269.0,142.0,8.0,216.0,29.0,5288.0,232.0,238.0,139.0,696.0,1
2891.0,270.0,14.0,42.0,4.0,875.0,182.0,244.0,201.0,680.0,1
2722.0,50.0,12.0,300.0,35.0,1620.0,225.0,214.0,122.0,466.0,1
3073.0,86.0,12.0,42.0,2.0,400.0,238.0,219.0,110.0,671.0,1
3008.0,313.0,15.0,0.0,0.0,3544.0,178.0,227.0,189.0,1871.0,0
3280.0,222.0,14.0,732.0,189.0,3894.0,202.0,252.0,185.0,752.0,1
3248.0,115.0,20.0,67.0,10.0,4631.0,250.0,217.0,86.0,3784.0,0
3066.0,304.0,5.0,30.0,5.0,1505.0,206.0,237.0,171.0,1742.0,0
3235.0,342.0,18.0,85.0,8.0,4362.0,179.0,209.0,167.0,1351.0,0
3237.0,65.0,13.0,579.0,-13.0,700.0,232.0,212.0,110.0,2612.0,0
3152.0,306.0,16.0,641.0,231.0,3098.0,174.0,229.0,195.0,2496.0,1
2996.0,344.0,21.0,108.0,22.0,1385.0,173.0,202.0,164.0,1319.0,1
3282.0,160.0,9.0,42.0,3.0,3341.0,230.0,242.0,144.0,1610.0,0
3064.0,9.0,6.0,108.0,5.0,1291.0,214.0,228.0,152.0,1781.0,1
2936.0,255.0,13.0,342.0,27.0,5692.0,190.0,248.0,195.0,3365.0,1
3303.0,10.0,11.0,256.0,27.0,1950.0,208.0,218.0,146.0,1383.0,0
3302.0,54.0,20.0,484.0,174.0,1390.0,227.0,192.0,89.0,2221.0,1
3298.0,198.0,4.0,534.0,111.0,5230.0,218.0,243.0,161.0,1080.0,1
2585.0,120.0,5.0,270.0,15.0,2860.0,229.0,235.0,140.0,2704.0,0
3260.0,13.0,9.0,499.0,37.0,6137.0,212.0,222.0,148.0,918.0,0
3237.0,70.0,17.0,591.0,30.0,1273.0,236.0,205.0,96.0,2506.0,1
3034.0,37.0,37.0,309.0,130.0,2264.0,192.0,135.0,51.0,1890.0,0
3117.0,74.0,17.0,95.0,-5.0,4964.0,238.0,205.0,92.0,1243.0,0
2952.0,304.0,11.0,285.0,75.0,1744.0,190.0,234.0,185.0,1201.0,1
2774.0,304.0,9.0,124.0,11.0,1706.0,196.0,236.0,180.0,1966.0,1
3192.0,298.0,21.0,360.0,116.0,4472.0,155.0,227.0,210.0,1332.0,0
3210.0,14.0,14.0,480.0,82.0,1406.0,206.0,210.0,140.0,1981.0,1
3124.0,143.0,12.0,192.0,-8.0,1052.0,237.0,237.0,129.0,1804.0,0
2867.0,124.0,11.0,95.0,14.0,2706.0,238.0,232.0,124.0,2419.0,0
3366.0,328.0,30.0,319.0,48.0,2773.0,135.0,190.0,187.0,2481.0,0
3198.0,117.0,12.0,67.0,-1.0,4478.0,240.0,229.0,118.0,2100.0,0
2825.0,264.0,7.0,30.0,-2.0,2674.0,203.0,243.0,179.0,2452.0,0
2699.0,87.0,5.0,175.0,17.0,1744.0,227.0,231.0,138.0,5750.0,1
3060.0,47.0,10.0,446.0,15.0,1771.0,224.0,218.0,128.0,2590.0,0
3207.0,17.0,10.0,810.0,83.0,2058.0,212.0,219.0,144.0,2345.0,0
3184.0,97.0,4.0,60.0,-3.0,5457.0,226.0,234.0,143.0,2988.0,1
3308.0,295.0,13.0,391.0,90.0,3988.0,184.0,236.0,192.0,1655.0,0
2673.0,151.0,17.0,90.0,0.0,1201.0,239.0,238.0,123.0,1708.0,1
3269.0,25.0,16.0,600.0,197.0,872.0,211.0,204.0,126.0,644.0,0
2790.0,5.0,17.0,124.0,26.0,900.0,195.0,204.0,143.0,570.0,1
3133.0,105.0,16.0,319.0,79.0,466.0,246.0,218.0,96.0,636.0,1
3078.0,342.0,3.0,663.0,35.0,751.0,213.0,235.0,159.0,819.0,1
3155.0,87.0,5.0,470.0,13.0,3410.0,227.0,231.0,138.0,3854.0,0
2757.0,132.0,19.0,182.0,86.0,2329.0,247.0,227.0,100.0,2553.0,1
3547.0,48.0,20.0,918.0,313.0,2326.0,223.0,191.0,94.0,1507.0,0
2884.0,37.0,9.0,379.0,36.0,1546.0,220.0,219.0,134.0,2813.0,0
3111.0,354.0,12.0,127.0,25.0,2977.0,200.0,218.0,156.0,2291.0,0
2675.0,32.0,7.0,277.0,-1.0,648.0,219.0,224.0,142.0,1074.0,1
2919.0,340.0,15.0,277.0,36.0,3055.0,188.0,217.0,168.0,1809.0,0
2877.0,65.0,14.0,90.0,0.0,510.0,233.0,210.0,106.0,1707.0,1
2819.0,93.0,14.0,162.0,16.0,2126.0,242.0,217.0,102.0,1624.0,1
3115.0,45.0,8.0,0.0,0.0,3805.0,223.0,223.0,135.0,67.0,0
2965.0,36.0,12.0,277.0,-7.0,1493.0,219.0,212.0,127.0,1680.0,1
3655.0,84.0,20.0,811.0,243.0,2826.0,244.0,202.0,80.0,1262.0,0
3034.0,310.0,12.0,492.0,184.0,5758.0,187.0,232.0,185.0,4986.0,1
2757.0,168.0,15.0,95.0,27.0,2881.0,230.0,245.0,142.0,2596.0,1
2883.0,335.0,4.0,175.0,3.0,3231.0,211.0,234.0,162.0,3923.0,1
3236.0,145.0,13.0,323.0,98.0,819.0,238.0,237.0,126.0,2358.0,1
2878.0,50.0,4.0,0.0,0.0,2233.0,222.0,231.0,145.0,2636.0,1
3093.0,99.0,28.0,258.0,77.0,3271.0,252.0,188.0,44.0,2084.0,1
2984.0,253.0,13.0,85.0,5.0,1989.0,189.0,248.0,197.0,1273.0,0
2810.0,296.0,21.0,300.0,-36.0,2591.0,157.0,229.0,210.0,175.0,0
2991.0,351.0,13.0,124.0,23.0,4004.0,196.0,217.0,159.0,2268.0,1
3257.0,64.0,18.0,543.0,50.0,1610.0,234.0,201.0,93.0,2791.0,0
3200.0,37.0,14.0,404.0,132.0,1248.0,219.0,209.0,123.0,258.0,0
3110.0,14.0,23.0,180.0,34.0,994.0,192.0,187.0,124.0,1565.0,1
3053.0,292.0,12.0,446.0,-15.0,1964.0,186.0,238.0,191.0,2440.0,1
2900.0,289.0,9.0,379.0,102.0,1885.0,194.0,239.0,185.0,968.0,1
3031.0,98.0,15.0,60.0,8.0,2617.0,243.0,218.0,100.0,1401.0,1
2975.0,223.0,11.0,30.0,5.0,690.0,206.0,250.0,180.0,1191.0,0
3168.0,17.0,5.0,192.0,29.0,2832.0,216.0,229.0,151.0,3577.0,0
2755.0,149.0,26.0,67.0,30.0,1359.0,243.0,228.0,98.0,1473.0,1
3335.0,49.0,21.0,319.0,128.0,2077.0,223.0,190.0,92.0,2174.0,0
2816.0,315.0,6.0,0.0,0.0,2385.0,203.0,235.0,171.0,2310.0,0
3179.0,69.0,8.0,242.0,55.0,5273.0,229.0,224.0,128.0,2407.0,1
2862.0,78.0,28.0,95.0,2.0,362.0,242.0,178.0,47.0,295.0,0
3120.0,156.0,18.0,228.0,49.0,153.0,238.0,239.0,123.0,918.0,1
2975.0,166.0,14.0,124.0,23.0,4147.0,231.0,244.0,141.0,2308.0,1
3368.0,151.0,19.0,642.0,203.0,1591.0,240.0,236.0,117.0,1245.0,0
3113.0,117.0,25.0,170.0,48.0,828.0,253.0,208.0,67.0,457.0,1
3019.0,338.0,13.0,42.0,8.0,4719.0,192.0,222.0,168.0,466.0,0
3038.0,233.0,7.0,190.0,55.0,2903.0,208.0,247.0,175.0,330.0,1
2910.0,347.0,9.0,30.0,3.0,3118.0,202.0,225.0,161.0,2305.0,1
2965.0,9.0,10.0,365.0,79.0,5768.0,209.0,221.0,149.0,4477.0,1
2979.0,45.0,16.0,134.0,1.0,5214.0,223.0,204.0,111.0,2628.0,1
2990.0,62.0,8.0,255.0,59.0,3771.0,227.0,223.0,130.0,2691.0,1
3228.0,20.0,5.0,323.0,37.0,3346.0,217.0,229.0,150.0,3675.0,0
3027.0,135.0,10.0,270.0,55.0,5250.0,236.0,236.0,131.0,4119.0,0
2549.0,218.0,27.0,162.0,64.0,1250.0,179.0,253.0,197.0,1224.0,1
2821.0,58.0,3.0,124.0,8.0,1194.0,222.0,233.0,147.0,569.0,1
3090.0,109.0,17.0,247.0,-12.0,1127.0,247.0,218.0,93.0,1008.0,0
3111.0,301.0,16.0,30.0,3.0,2508.0,173.0,231.0,198.0,691.0,1
2666.0,188.0,29.0,150.0,51.0,1366.0,208.0,246.0,152.0,2340.0,1
3122.0,146.0,7.0,319.0,107.0,503.0,230.0,239.0,142.0,1022.0,1
3289.0,141.0,3.0,30.0,1.0,5842.0,225.0,238.0,149.0,524.0,0
2920.0,134.0,21.0,134.0,26.0,1463.0,248.0,225.0,94.0,2621.0,1
2849.0,353.0,18.0,402.0,101.0,2524.0,187.0,207.0,156.0,780.0,1
3311.0,33.0,14.0,127.0,21.0,2039.0,216.0,209.0,125.0,1579.0,0
2812.0,12.0,8.0,30.0,3.0,2347.0,212.0,224.0,149.0,2310.0,0
3006.0,338.0,7.0,684.0,96.0,1530.0,205.0,230.0,164.0,2148.0,1
2519.0,332.0,18.0,30.0,0.0,1148.0,176.0,215.0,177.0,1739.0,1
3193.0,21.0,7.0,30.0,3.0,1261.0,216.0,226.0,147.0,1505.0,0
3057.0,88.0,19.0,134.0,7.0,3903.0,245.0,205.0,82.0,4042.0,1
3149.0,14.0,6.0,541.0,7.0,3483.0,215.0,228.0,150.0,3760.0,0
2670.0,332.0,10.0,30.0,5.0,2460.0,196.0,227.0,170.0,767.0,1
3014.0,165.0,5.0,598.0,95.0,5716.0,225.0,242.0,151.0,3280.0,1
3024.0,318.0,12.0,277.0,34.0,2982.0,189.0,229.0,180.0,830.0,0
2715.0,27.0,3.0,30.0,0.0,2491.0,218.0,232.0,151.0,4540.0,1
3063.0,234.0,27.0,800.0,-27.0,4123.0,164.0,251.0,215.0,1209.0,1
3238.0,22.0,15.0,108.0,14.0,1605.0,209.0,207.0,131.0,2440.0,0
2929.0,59.0,4.0,42.0,0.0,825.0,223.0,231.0,143.0,2181.0,1
2839.0,229.0,20.0,153.0,41.0,2156.0,187.0,254.0,199.0,1879.0,1
2886.0,4.0,13.0,95.0,19.0,4070.0,203.0,215.0,149.0,6205.0,1
3100.0,158.0,8.0,42.0,-5.0,5248.0,229.0,242.0,145.0,1365.0,0
3286.0,115.0,9.0,170.0,22.0,6071.0,236.0,232.0,127.0,247.0,0
3232.0,23.0,15.0,30.0,6.0,1410.0,210.0,206.0,129.0,708.0,0
2941.0,276.0,2.0,30.0,1.0,1772.0,213.0,239.0,164.0,283.0,1
3233.0,326.0,9.0,30.0,7.0,5776.0,199.0,231.0,171.0,785.0,0
3005.0,3.0,12.0,108.0,14.0,2098.0,203.0,216.0,150.0,1176.0,0
3031.0,10.0,5.0,771.0,164.0,6092.0,214.0,229.0,152.0,3635.0,1
3062.0,42.0,11.0,42.0,0.0,2202.0,222.0,215.0,127.0,1385.0,0
3249.0,180.0,1.0,636.0,135.0,4813.0,219.0,239.0,157.0,2763.0,0
3181.0,167.0,6.0,228.0,13.0,3470.0,225.0,242.0,151.0,524.0,1
3349.0,310.0,16.0,247.0,23.0,3717.0,176.0,228.0,191.0,1320.0,0
3060.0,198.0,21.0,30.0,3.0,2467.0,209.0,252.0,169.0,1024.0,1
2998.0,59.0,4.0,390.0,26.0,5356.0,223.0,231.0,143.0,6447.0,1
3226.0,94.0,13.0,499.0,139.0,1120.0,240.0,221.0,109.0,1911.0,0
3238.0,341.0,20.0,503.0,141.0,3924.0,174.0,206.0,169.0,1738.0,0
2541.0,101.0,8.0,95.0,2.0,2601.0,233.0,230.0,129.0,2512.0,1
3042.0,103.0,15.0,256.0,35.0,3045.0,244.0,219.0,100.0,1914.0,1
3152.0,58.0,9.0,537.0,39.0,3681.0,227.0,222.0,129.0,3507.0,0
2901.0,76.0,11.0,514.0,113.0,1260.0,234.0,220.0,117.0,1667.0,1
3323.0,123.0,14.0,484.0,100.0,3159.0,243.0,228.0,111.0,2793.0,0
2870.0,159.0,10.0,201.0,37.0,3807.0,231.0,242.0,142.0,3436.0,1
3142.0,19.0,10.0,60.0,16.0,2933.0,213.0,219.0,142.0,5465.0,0
2975.0,194.0,15.0,67.0,10.0,1276.0,216.0,251.0,165.0,459.0,0
2953.0,352.0,8.0,30.0,1.0,1106.0,206.0,226.0,158.0,2195.0,1
3216.0,155.0,16.0,497.0,2.0,646.0,237.0,240.0,128.0,2381.0,1
3155.0,168.0,10.0,150.0,23.0,6644.0,228.0,244.0,147.0,2128.0,1
2772.0,85.0,14.0,162.0,29.0,1621.0,239.0,216.0,104.0,2571.0,1
2930.0,147.0,29.0,90.0,-6.0,3274.0,244.0,222.0,86.0,1155.0,1
3141.0,84.0,18.0,95.0,3.0,5031.0,243.0,205.0,86.0,1224.0,0
2785.0,9.0,5.0,30.0,1.0,2201.0,215.0,230.0,153.0,1288.0,1
3255.0,196.0,17.0,433.0,118.0,785.0,214.0,252.0,166.0,4742.0,1
2700.0,63.0,18.0,335.0,-27.0,1423.0,233.0,202.0,94.0,4039.0,1
2886.0,207.0,16.0,518.0,105.0,1470.0,208.0,253.0,176.0,1543.0,1
3004.0,66.0,3.0,404.0,67.0,4796.0,222.0,233.0,147.0,1682.0,1
3145.0,160.0,8.0,30.0,3.0,3488.0,228.0,242.0,146.0,1624.0,1
2927.0,236.0,5.0,85.0,5.0,4458.0,211.0,245.0,172.0,4188.0,1
2861.0,60.0,9.0,457.0,82.0,1307.0,228.0,221.0,126.0,2746.0,1
2702.0,73.0,24.0,95.0,15.0,1574.0,240.0,188.0,66.0,424.0,1
2843.0,276.0,16.0,285.0,121.0,2382.0,176.0,242.0,205.0,418.0,0
3166.0,277.0,16.0,371.0,34.0,1242.0,174.0,241.0,206.0,1962.0,1
3047.0,37.0,7.0,376.0,-19.0,3456.0,220.0,224.0,139.0,2888.0,1
3052.0,283.0,9.0,0.0,0.0,190.0,196.0,241.0,184.0,573.0,0
3138.0,230.0,4.0,324.0,26.0,3421.0,214.0,243.0,166.0,981.0,1
2913.0,58.0,9.0,150.0,-2.0,4764.0,227.0,222.0,129.0,3495.0,1
3184.0,159.0,13.0,927.0,45.0,3178.0,233.0,242.0,137.0,2659.0,1
2974.0,348.0,12.0,30.0,7.0,2590.0,197.0,220.0,161.0,726.0,0
3358.0,283.0,24.0,175.0,48.0,3805.0,148.0,233.0,221.0,1110.0,0
2944.0,108.0,1.0,162.0,21.0,3961.0,220.0,237.0,154.0,4855.0,1
3163.0,11.0,8.0,85.0,0.0,1006.0,211.0,223.0,148.0,1333.0,0
2617.0,149.0,13.0,175.0,49.0,618.0,237.0,239.0,129.0,1872.0,1
3214.0,341.0,14.0,420.0,154.0,1608.0,191.0,219.0,167.0,2221.0,1
3194.0,295.0,19.0,67.0,11.0,2989.0,162.0,231.0,207.0,2412.0,0
2774.0,34.0,14.0,649.0,102.0,664.0,217.0,207.0,122.0,1300.0,1
3319.0,342.0,16.0,95.0,21.0,3623.0,186.0,214.0,166.0,1471.0,0
3003.0,359.0,21.0,272.0,61.0,4016.0,184.0,196.0,146.0,2469.0,1
3095.0,288.0,5.0,511.0,24.0,2571.0,207.0,239.0,171.0,1148.0,0
3212.0,54.0,12.0,120.0,5.0,1107.0,227.0,214.0,118.0,2407.0,0
3054.0,123.0,16.0,127.0,20.0,3816.0,246.0,226.0,103.0,2731.0,1
3225.0,61.0,9.0,30.0,3.0,466.0,227.0,222.0,128.0,1024.0,1
3014.0,76.0,10.0,395.0,42.0,5400.0,233.0,220.0,118.0,4078.0,0
2890.0,116.0,22.0,180.0,-21.0,721.0,251.0,213.0,78.0,691.0,0
2893.0,305.0,17.0,150.0,29.0,1999.0,172.0,229.0,197.0,972.0,1
2974.0,261.0,12.0,365.0,25.0,1554.0,189.0,246.0,195.0,1310.0,1
2799.0,118.0,9.0,30.0,-1.0,492.0,236.0,232.0,127.0,2506.0,1
2941.0,78.0,13.0,108.0,10.0,3872.0,236.0,216.0,109.0,1790.0,1
2291.0,30.0,32.0,90.0,46.0,150.0,192.0,153.0,77.0,908.0,1
3149.0,349.0,14.0,819.0,279.0,819.0,194.0,217.0,160.0,1740.0,1
3156.0,79.0,5.0,484.0,23.0,5457.0,226.0,231.0,139.0,1651.0,0
2989.0,147.0,27.0,942.0,194.0,2730.0,244.0,224.0,90.0,1184.0,1
2715.0,176.0,30.0,30.0,-13.0,1722.0,220.0,240.0,131.0,1266.0,1
3078.0,106.0,12.0,30.0,-4.0,870.0,241.0,225.0,111.0,2049.0,0
3048.0,275.0,24.0,484.0,234.0,1567.0,150.0,238.0,224.0,371.0,1
3033.0,304.0,5.0,162.0,4.0,1271.0,205.0,237.0,171.0,2700.0,0
2686.0,272.0,17.0,42.0,-3.0,1464.0,173.0,243.0,208.0,1445.0,1
2998.0,41.0,10.0,255.0,62.0,3813.0,221.0,219.0,132.0,2659.0,1
3403.0,186.0,10.0,395.0,10.0,3156.0,222.0,247.0,158.0,162.0,0
3092.0,300.0,20.0,150.0,48.0,150.0,161.0,228.0,206.0,2051.0,0
3403.0,216.0,25.0,443.0,148.0,3433.0,187.0,254.0,193.0,751.0,0
2829.0,333.0,14.0,30.0,9.0,2442.0,186.0,221.0,174.0,2343.0,0
2618.0,315.0,15.0,108.0,9.0,690.0,179.0,227.0,187.0,1530.0,1
2928.0,223.0,8.0,379.0,44.0,1448.0,210.0,248.0,174.0,1300.0,1
3388.0,243.0,12.0,330.0,48.0,3104.0,197.0,249.0,190.0,1884.0,0
3229.0,332.0,5.0,391.0,27.0,450.0,209.0,234.0,163.0,1530.0,1
3264.0,104.0,6.0,242.0,2.0,4040.0,230.0,233.0,136.0,2320.0,0
3096.0,277.0,14.0,659.0,180.0,3311.0,180.0,242.0,201.0,2106.0,0
3077.0,232.0,6.0,175.0,12.0,1500.0,211.0,245.0,172.0,1657.0,0
2892.0,14.0,26.0,162.0,48.0,2264.0,186.0,177.0,118.0,1849.0,0
3171.0,294.0,21.0,0.0,0.0,2348.0,156.0,229.0,211.0,2947.0,0
3066.0,246.0,6.0,268.0,26.0,5666.0,207.0,245.0,176.0,1987.0,1
2926.0,13.0,13.0,216.0,13.0,4603.0,207.0,214.0,142.0,5643.0,1
2722.0,106.0,6.0,277.0,39.0,3722.0,231.0,232.0,135.0,2413.0,1
3052.0,133.0,9.0,424.0,-5.0,1106.0,235.0,236.0,132.0,1477.0,1
2912.0,117.0,14.0,295.0,18.0,834.0,243.0,226.0,109.0,2457.0,1
2973.0,178.0,11.0,268.0,57.0,395.0,225.0,246.0,153.0,1440.0,1
3173.0,188.0,16.0,382.0,31.0,2313.0,219.0,250.0,159.0,841.0,0
3153.0,139.0,27.0,190.0,51.0,3925.0,248.0,220.0,81.0,2988.0,0
3186.0,43.0,10.0,495.0,44.0,1019.0,222.0,217.0,129.0,2603.0,0
2514.0,51.0,10.0,484.0,36.0,722.0,225.0,219.0,127.0,3680.0,1
3201.0,19.0,12.0,693.0,108.0,2977.0,211.0,214.0,138.0,3552.0,0
3331.0,204.0,19.0,319.0,90.0,3426.0,205.0,254.0,176.0,466.0,0
2984.0,112.0,15.0,272.0,45.0,390.0,245.0,223.0,103.0,2053.0,1
3061.0,72.0,4.0,256.0,11.0,1090.0,224.0,232.0,144.0,1704.0,1
3514.0,83.0,20.0,942.0,333.0,2546.0,243.0,201.0,78.0,1194.0,0
3186.0,263.0,16.0,390.0,76.0,1148.0,177.0,246.0,206.0,2708.0,0
2650.0,51.0,7.0,108.0,-1.0,1345.0,224.0,225.0,137.0,1022.0,1
2913.0,236.0,22.0,30.0,18.0,2631.0,176.0,253.0,208.0,1383.0,1
3007.0,188.0,9.0,446.0,-13.0,1406.0,221.0,247.0,159.0,1463.0,1
2799.0,120.0,22.0,424.0,122.0,1924.0,251.0,215.0,81.0,2089.0,1
3197.0,149.0,4.0,0.0,0.0,2675.0,225.0,239.0,149.0,854.0,0
3175.0,10.0,22.0,525.0,65.0,1136.0,191.0,190.0,131.0,1639.0,0
2879.0,155.0,5.0,192.0,26.0,2746.0,226.0,240.0,149.0,2356.0,0
2977.0,52.0,6.0,201.0,24.0,767.0,223.0,227.0,140.0,1956.0,1
2831.0,331.0,12.0,301.0,39.0,4174.0,190.0,224.0,173.0,5480.0,0
3258.0,208.0,6.0,400.0,-16.0,2742.0,216.0,245.0,165.0,418.0,0
3116.0,351.0,6.0,67.0,5.0,1442.0,210.0,230.0,159.0,1271.0,0
3350.0,126.0,13.0,579.0,21.0,918.0,241.0,231.0,116.0,4348.0,0
2615.0,14.0,10.0,95.0,5.0,3333.0,210.0,218.0,144.0,2737.0,0
2965.0,256.0,10.0,361.0,28.0,4207.0,196.0,247.0,189.0,1711.0,1
3052.0,238.0,6.0,90.0,-4.0,3277.0,209.0,245.0,174.0,1249.0,0
3280.0,90.0,10.0,150.0,-13.0,4039.0,236.0,224.0,118.0,2172.0,0
2940.0,121.0,19.0,90.0,-2.0,331.0,249.0,221.0,91.0,1177.0,0
2803.0,313.0,16.0,85.0,16.0,2005.0,175.0,226.0,191.0,2054.0,0
3051.0,100.0,4.0,470.0,83.0,2954.0,227.0,234.0,142.0,1176.0,0
2947.0,294.0,10.0,60.0,6.0,2106.0,191.0,238.0,187.0,503.0,0
3236.0,159.0,15.0,201.0,26.0,2220.0,235.0,241.0,132.0,1814.0,0
3315.0,317.0,9.0,192.0,47.0,3306.0,195.0,232.0,176.0,1760.0,0
3123.0,15.0,12.0,30.0,5.0,4203.0,209.0,215.0,142.0,1878.0,0
2995.0,1.0,11.0,0.0,0.0,1998.0,204.0,219.0,152.0,3483.0,0
2822.0,27.0,16.0,90.0,7.0,2680.0,211.0,203.0,124.0,3891.0,1
3231.0,140.0,14.0,285.0,66.0,1505.0,240.0,235.0,122.0,1605.0,0
2862.0,7.0,14.0,306.0,67.0,3236.0,202.0,212.0,145.0,1084.0,1
2971.0,348.0,16.0,454.0,118.0,2932.0,189.0,213.0,161.0,1595.0,1
3322.0,339.0,8.0,90.0,7.0,2352.0,203.0,228.0,164.0,2324.0,0
2915.0,17.0,13.0,335.0,63.0,3578.0,208.0,212.0,139.0,5265.0,1
2719.0,187.0,8.0,60.0,-10.0,1148.0,221.0,246.0,159.0,1682.0,1
3211.0,165.0,5.0,30.0,1.0,5835.0,224.0,241.0,152.0,959.0,0
3138.0,213.0,12.0,201.0,-4.0,2665.0,209.0,251.0,176.0,706.0,1
3096.0,113.0,7.0,335.0,-32.0,6261.0,233.0,233.0,132.0,2652.0,1
3128.0,122.0,12.0,395.0,105.0,2938.0,241.0,230.0,117.0,1134.0,1
2939.0,30.0,18.0,420.0,50.0,2458.0,212.0,199.0,118.0,1442.0,0
3247.0,7.0,8.0,350.0,23.0,6024.0,210.0,224.0,151.0,1032.0,0
3240.0,73.0,9.0,576.0,127.0,1233.0,230.0,223.0,126.0,2040.0,0
3076.0,315.0,3.0,30.0,1.0,3730.0,211.0,237.0,164.0,2147.0,0
3305.0,102.0,17.0,379.0,129.0,1717.0,246.0,215.0,91.0,2897.0,0
2754.0,11.0,8.0,30.0,4.0,2350.0,212.0,224.0,150.0,3994.0,1
3045.0,315.0,9.0,430.0,76.0,5474.0,197.0,233.0,176.0,895.0,1
2991.0,205.0,12.0,516.0,82.0,5735.0,213.0,251.0,171.0,2905.0,1
3159.0,212.0,12.0,150.0,-5.0,2871.0,210.0,251.0,176.0,912.0,1
3117.0,65.0,12.0,342.0,58.0,1860.0,232.0,215.0,113.0,3388.0,0
3242.0,39.0,20.0,268.0,78.0,4137.0,217.0,192.0,102.0,1974.0,0
3092.0,105.0,5.0,30.0,-2.0,1543.0,229.0,233.0,138.0,582.0,0
3259.0,276.0,15.0,797.0,108.0,3316.0,179.0,242.0,202.0,984.0,0
2913.0,348.0,18.0,335.0,109.0,2084.0,184.0,208.0,161.0,1207.0,0
3057.0,285.0,30.0,335.0,14.0,1731.0,123.0,224.0,233.0,3349.0,0
2972.0,252.0,5.0,376.0,56.0,5276.0,208.0,244.0,173.0,4348.0,1
3259.0,139.0,10.0,150.0,-4.0,1265.0,236.0,237.0,131.0,3061.0,1
3109.0,83.0,15.0,180.0,-3.0,690.0,239.0,213.0,101.0,1637.0,0
3376.0,349.0,15.0,890.0,84.0,2315.0,191.0,213.0,160.0,1142.0,0
3254.0,267.0,27.0,150.0,33.0,2126.0,143.0,239.0,230.0,3247.0,0
3112.0,24.0,9.0,270.0,64.0,1655.0,216.0,222.0,142.0,553.0,1
3289.0,309.0,14.0,604.0,99.0,755.0,182.0,230.0,188.0,702.0,0
3208.0,214.0,21.0,255.0,62.0,1231.0,195.0,254.0,188.0,4496.0,1
3263.0,248.0,4.0,365.0,29.0,360.0,211.0,243.0,170.0,792.0,0
2949.0,139.0,14.0,268.0,10.0,5919.0,241.0,235.0,120.0,3398.0,1
3284.0,167.0,27.0,212.0,81.0,2503.0,230.0,238.0,120.0,3087.0,1
3221.0,28.0,11.0,531.0,87.0,2429.0,216.0,215.0,134.0,3435.0,0
2888.0,115.0,12.0,67.0,18.0,1590.0,241.0,227.0,114.0,2203.0,1
3219.0,187.0,28.0,390.0,122.0,3081.0,210.0,247.0,152.0,808.0,0
2791.0,131.0,27.0,134.0,69.0,3348.0,251.0,213.0,71.0,1632.0,1
3303.0,346.0,12.0,382.0,76.0,1710.0,197.0,221.0,162.0,3023.0,0
2863.0,77.0,19.0,201.0,26.0,400.0,240.0,202.0,84.0,1680.0,1
2960.0,22.0,11.0,95.0,8.0,1250.0,213.0,217.0,139.0,408.0,0
3059.0,313.0,8.0,30.0,6.0,1622.0,198.0,234.0,176.0,1758.0,0
3148.0,228.0,16.0,418.0,92.0,3113.0,194.0,253.0,193.0,306.0,1
2929.0,271.0,29.0,67.0,28.0,2711.0,133.0,235.0,234.0,242.0,1
3027.0,296.0,8.0,457.0,-7.0,1788.0,197.0,238.0,180.0,2096.0,1
2997.0,102.0,15.0,210.0,41.0,4315.0,244.0,219.0,99.0,808.0,1
3008.0,4.0,24.0,258.0,63.0,2992.0,181.0,186.0,136.0,1561.0,0
3015.0,20.0,24.0,342.0,137.0,1982.0,196.0,183.0,115.0,2496.0,0
2721.0,355.0,11.0,30.0,0.0,2304.0,201.0,220.0,156.0,4134.0,1
3258.0,332.0,6.0,402.0,47.0,993.0,207.0,233.0,165.0,2343.0,1
2940.0,1.0,12.0,108.0,17.0,2173.0,203.0,218.0,152.0,2092.0,1
3157.0,13.0,4.0,295.0,27.0,876.0,215.0,231.0,152.0,2513.0,0
3339.0,103.0,16.0,384.0,48.0,1878.0,245.0,219.0,99.0,3013.0,0
2966.0,48.0,13.0,0.0,0.0,3717.0,224.0,211.0,119.0,1682.0,1
2695.0,53.0,23.0,323.0,168.0,1008.0,225.0,183.0,79.0,1073.0,1
3203.0,45.0,14.0,108.0,-2.0,3267.0,223.0,208.0,116.0,3946.0,0
3006.0,56.0,11.0,30.0,4.0,1154.0,227.0,218.0,123.0,1415.0,0
3228.0,67.0,8.0,212.0,15.0,6138.0,228.0,224.0,129.0,824.0,0
3008.0,96.0,14.0,0.0,0.0,1015.0,241.0,219.0,105.0,1006.0,0
3050.0,60.0,16.0,503.0,75.0,4103.0,231.0,205.0,102.0,4843.0,1
3199.0,123.0,8.0,30.0,-2.0,3720.0,234.0,234.0,132.0,3000.0,0
3119.0,158.0,19.0,120.0,28.0,4886.0,237.0,239.0,123.0,1437.0,0
3234.0,281.0,12.0,60.0,-12.0,3065.0,185.0,241.0,195.0,470.0,0
3090.0,353.0,11.0,95.0,4.0,3115.0,201.0,221.0,158.0,3182.0,0
3107.0,243.0,28.0,553.0,196.0,5662.0,155.0,249.0,222.0,1253.0,1
3227.0,288.0,6.0,90.0,6.0,5689.0,203.0,239.0,175.0,841.0,0
3044.0,42.0,18.0,242.0,10.0,3485.0,220.0,197.0,106.0,5645.0,1
3282.0,99.0,19.0,134.0,9.0,2385.0,248.0,210.0,82.0,1847.0,0
2871.0,144.0,8.0,309.0,-1.0,1180.0,232.0,239.0,139.0,2097.0,1
2932.0,35.0,21.0,300.0,43.0,2324.0,213.0,189.0,104.0,1529.0,0
2912.0,214.0,27.0,255.0,119.0,3148.0,184.0,253.0,192.0,1556.0,1
3355.0,127.0,2.0,365.0,44.0,830.0,223.0,237.0,150.0,1950.0,0
2967.0,68.0,8.0,335.0,-31.0,4776.0,228.0,225.0,130.0,2940.0,0
3439.0,235.0,24.0,765.0,316.0,3282.0,171.0,253.0,211.0,2694.0,0
2815.0,225.0,13.0,134.0,17.0,2092.0,202.0,252.0,185.0,2174.0,1
2876.0,29.0,2.0,309.0,60.0,2399.0,218.0,233.0,152.0,2117.0,1
2945.0,107.0,6.0,95.0,9.0,3720.0,231.0,232.0,134.0,6186.0,1
3107.0,328.0,6.0,306.0,41.0,2353.0,205.0,233.0,167.0,2501.0,1
2682.0,182.0,9.0,30.0,0.0,1537.0,223.0,246.0,156.0,3692.0,1
2832.0,14.0,9.0,192.0,34.0,1956.0,212.0,222.0,147.0,1770.0,1
2847.0,31.0,28.0,277.0,102.0,1065.0,200.0,168.0,90.0,1150.0,0
3356.0,337.0,34.0,255.0,107.0,900.0,126.0,172.0,172.0,1450.0,0
2884.0,180.0,3.0,569.0,131.0,3454.0,221.0,241.0,156.0,2991.0,1
2830.0,314.0,15.0,85.0,10.0,2397.0,178.0,227.0,188.0,2345.0,0
3242.0,8.0,16.0,382.0,55.0,4298.0,200.0,206.0,141.0,1031.0,0
2938.0,72.0,32.0,42.0,-8.0,430.0,237.0,163.0,32.0,1678.0,0
2968.0,184.0,12.0,42.0,9.0,4348.0,223.0,248.0,156.0,2073.0,1
2871.0,142.0,22.0,484.0,170.0,1896.0,246.0,228.0,99.0,2042.0,1
2741.0,79.0,4.0,0.0,0.0,1412.0,224.0,233.0,144.0,1507.0,0
3217.0,82.0,13.0,127.0,5.0,4540.0,238.0,216.0,107.0,2155.0,0
3091.0,111.0,8.0,95.0,-1.0,2131.0,234.0,231.0,129.0,3334.0,0
3019.0,359.0,20.0,272.0,86.0,534.0,186.0,199.0,147.0,1674.0,0
2958.0,48.0,7.0,30.0,4.0,3114.0,223.0,225.0,138.0,1132.0,0
2938.0,24.0,14.0,127.0,28.0,4302.0,212.0,209.0,131.0,4142.0,1
3031.0,132.0,22.0,108.0,40.0,3688.0,249.0,223.0,91.0,2568.0,0
3380.0,265.0,23.0,180.0,70.0,3784.0,157.0,243.0,222.0,1022.0,0
3206.0,3.0,14.0,60.0,15.0,4286.0,200.0,213.0,149.0,466.0,0
2975.0,2.0,27.0,612.0,-50.0,646.0,173.0,179.0,135.0,1159.0,0
2588.0,51.0,10.0,162.0,40.0,1440.0,225.0,218.0,126.0,4759.0,1
3047.0,197.0,15.0,85.0,0.0,2012.0,215.0,252.0,167.0,90.0,0
3283.0,63.0,12.0,0.0,0.0,2026.0,230.0,216.0,117.0,4689.0,0
2698.0,72.0,5.0,0.0,0.0,932.0,226.0,230.0,138.0,1892.0,0
2937.0,125.0,15.0,319.0,71.0,3565.0,244.0,228.0,110.0,2642.0,1
3338.0,254.0,15.0,60.0,-7.0,5166.0,185.0,248.0,201.0,811.0,0
2882.0,35.0,12.0,85.0,3.0,457.0,219.0,214.0,129.0,1915.0,0
2922.0,198.0,2.0,180.0,13.0,4894.0,218.0,241.0,159.0,3534.0,1
2832.0,34.0,7.0,60.0,4.0,872.0,219.0,225.0,142.0,2449.0,0
2854.0,73.0,6.0,421.0,56.0,2064.0,228.0,228.0,134.0,1608.0,1
2942.0,279.0,8.0,201.0,22.0,4922.0,199.0,241.0,182.0,2001.0,1
3454.0,60.0,16.0,631.0,20.0,2579.0,231.0,204.0,101.0,1974.0,0
3197.0,259.0,8.0,0.0,0.0,3050.0,202.0,245.0,182.0,433.0,0
2935.0,125.0,15.0,212.0,46.0,1650.0,244.0,228.0,110.0,1973.0,1
2952.0,90.0,9.0,234.0,10.0,4555.0,235.0,225.0,121.0,3483.0,0
2898.0,42.0,23.0,127.0,39.0,1530.0,216.0,183.0,91.0,2835.0,0
3148.0,18.0,8.0,601.0,-46.0,702.0,215.0,224.0,146.0,1379.0,1
3168.0,329.0,6.0,42.0,-1.0,4279.0,207.0,233.0,165.0,3293.0,0
2887.0,139.0,15.0,108.0,16.0,3187.0,241.0,234.0,119.0,2554.0,1
3226.0,284.0,6.0,430.0,51.0,421.0,204.0,240.0,176.0,1041.0,1
2845.0,55.0,8.0,150.0,4.0,1980.0,225.0,223.0,132.0,2616.0,1
3157.0,330.0,10.0,108.0,8.0,1416.0,196.0,228.0,171.0,433.0,0
3097.0,39.0,3.0,330.0,20.0,2465.0,220.0,232.0,149.0,2067.0,0
2765.0,108.0,11.0,591.0,8.0,1518.0,239.0,227.0,118.0,962.0,1
3080.0,225.0,14.0,551.0,92.0,5893.0,201.0,252.0,186.0,1766.0,0
3228.0,317.0,15.0,708.0,91.0,2336.0,178.0,225.0,186.0,604.0,0
3129.0,173.0,19.0,218.0,38.0,3628.0,228.0,246.0,141.0,807.0,1
3121.0,56.0,14.0,309.0,38.0,4858.0,228.0,208.0,110.0,2679.0,0
3317.0,354.0,16.0,794.0,189.0,1167.0,191.0,210.0,155.0,2322.0,1
3172.0,203.0,4.0,335.0,63.0,5546.0,218.0,243.0,161.0,1294.0,1
2948.0,103.0,13.0,150.0,20.0,360.0,241.0,223.0,109.0,708.0,0
2973.0,50.0,12.0,457.0,11.0,2309.0,225.0,213.0,120.0,2343.0,1
3278.0,76.0,14.0,571.0,-6.0,1426.0,237.0,213.0,105.0,2106.0,0
2993.0,159.0,6.0,95.0,5.0,1074.0,226.0,241.0,149.0,1277.0,0
3011.0,288.0,5.0,1052.0,102.0,5724.0,207.0,239.0,171.0,5768.0,1
3205.0,42.0,18.0,402.0,139.0,1050.0,220.0,199.0,108.0,552.0,0
3217.0,71.0,10.0,379.0,22.0,1487.0,231.0,221.0,121.0,1209.0,0
2959.0,229.0,13.0,459.0,63.0,5892.0,200.0,252.0,187.0,6449.0,0
3047.0,82.0,11.0,618.0,232.0,450.0,235.0,220.0,115.0,949.0,1
2939.0,74.0,22.0,270.0,139.0,870.0,240.0,193.0,73.0,685.0,1
3173.0,106.0,6.0,573.0,-21.0,671.0,231.0,232.0,135.0,1003.0,1
3210.0,306.0,21.0,247.0,19.0,4006.0,156.0,222.0,204.0,1681.0,0
3234.0,26.0,12.0,30.0,4.0,3841.0,214.0,213.0,133.0,1492.0,0
2985.0,135.0,4.0,485.0,13.0,5378.0,226.0,238.0,146.0,6499.0,0
3081.0,208.0,4.0,268.0,27.0,2902.0,217.0,243.0,162.0,1660.0,1
3145.0,44.0,15.0,808.0,289.0,819.0,222.0,205.0,114.0,1584.0,1
2999.0,50.0,11.0,30.0,7.0,3326.0,225.0,217.0,125.0,858.0,0
2492.0,316.0,20.0,95.0,29.0,757.0,163.0,219.0,194.0,600.0,1
2936.0,90.0,18.0,636.0,104.0,485.0,245.0,208.0,85.0,1315.0,1
2731.0,57.0,28.0,420.0,178.0,959.0,226.0,169.0,58.0,1935.0,1
2658.0,36.0,10.0,95.0,1.0,1406.0,219.0,217.0,132.0,1040.0,1
3081.0,49.0,5.0,391.0,40.0,2856.0,222.0,228.0,141.0,1579.0,1
3072.0,83.0,14.0,638.0,203.0,1948.0,239.0,215.0,104.0,2888.0,0
3026.0,201.0,13.0,30.0,3.0,3194.0,214.0,251.0,169.0,1401.0,0
3201.0,107.0,17.0,90.0,7.0,1565.0,247.0,217.0,92.0,2568.0,0
2747.0,5.0,11.0,551.0,69.0,2569.0,206.0,219.0,150.0,1600.0,1
2726.0,335.0,30.0,150.0,51.0,1382.0,140.0,186.0,176.0,1591.0,1
2942.0,2.0,32.0,342.0,92.0,2658.0,160.0,163.0,127.0,2524.0,1
2924.0,353.0,10.0,150.0,-1.0,1224.0,203.0,223.0,158.0,1598.0,1
3112.0,179.0,13.0,446.0,105.0,1922.0,225.0,247.0,152.0,2064.0,0
3249.0,75.0,16.0,277.0,25.0,5613.0,238.0,207.0,95.0,1138.0,1
3094.0,156.0,9.0,247.0,37.0,698.0,231.0,241.0,142.0,1499.0,0
3029.0,304.0,9.0,371.0,-5.0,1812.0,196.0,236.0,179.0,2017.0,1
2734.0,295.0,15.0,30.0,7.0,2376.0,175.0,234.0,199.0,268.0,1
3386.0,199.0,16.0,268.0,41.0,2418.0,212.0,252.0,170.0,3392.0,0
3023.0,123.0,15.0,85.0,10.0,2551.0,244.0,228.0,109.0,2065.0,1
3667.0,51.0,20.0,1068.0,255.0,2631.0,225.0,193.0,94.0,1256.0,0
3223.0,279.0,34.0,492.0,68.0,1651.0,110.0,222.0,240.0,3121.0,0
2988.0,71.0,10.0,0.0,0.0,5239.0,231.0,221.0,121.0,2105.0,0
3375.0,27.0,22.0,342.0,138.0,2308.0,205.0,187.0,110.0,1084.0,0
3267.0,132.0,27.0,872.0,386.0,1214.0,251.0,215.0,73.0,2679.0,0
2912.0,111.0,12.0,175.0,34.0,1187.0,241.0,227.0,114.0,2377.0,1
3261.0,38.0,21.0,270.0,96.0,3463.0,215.0,190.0,101.0,2144.0,0
2703.0,188.0,27.0,108.0,56.0,2497.0,210.0,247.0,153.0,845.0,1
2938.0,45.0,6.0,30.0,2.0,3797.0,222.0,226.0,139.0,2190.0,1
2902.0,247.0,9.0,331.0,136.0,1974.0,201.0,247.0,184.0,1571.0,1
3167.0,208.0,12.0,180.0,35.0,942.0,211.0,251.0,173.0,1708.0,1
2897.0,62.0,24.0,201.0,107.0,553.0,232.0,182.0,69.0,633.0,0
2881.0,24.0,11.0,162.0,8.0,1466.0,214.0,215.0,136.0,2434.0,1
3510.0,111.0,16.0,390.0,76.0,2711.0,246.0,221.0,99.0,2030.0,0
3046.0,349.0,13.0,150.0,36.0,4759.0,195.0,218.0,161.0,511.0,0
2972.0,298.0,19.0,466.0,162.0,1959.0,162.0,229.0,206.0,1008.0,0
3202.0,139.0,5.0,0.0,0.0,3750.0,227.0,238.0,145.0,2984.0,0
3247.0,313.0,10.0,162.0,19.0,4123.0,193.0,233.0,179.0,1180.0,0
3378.0,330.0,10.0,212.0,15.0,633.0,196.0,228.0,171.0,865.0,1
2753.0,23.0,10.0,120.0,53.0,1291.0,214.0,218.0,139.0,2077.0,1
3150.0,101.0,2.0,240.0,14.0,4383.0,223.0,236.0,148.0,1846.0,0
3160.0,45.0,10.0,212.0,24.0,2912.0,223.0,219.0,130.0,1129.0,0
3067.0,199.0,21.0,297.0,71.0,510.0,208.0,253.0,171.0,1463.0,1
2715.0,23.0,11.0,234.0,27.0,2285.0,214.0,217.0,138.0,5006.0,1
3158.0,37.0,7.0,319.0,65.0,5213.0,220.0,224.0,139.0,242.0,1
2985.0,142.0,8.0,313.0,83.0,1698.0,232.0,238.0,139.0,2820.0,1
2913.0,75.0,18.0,120.0,46.0,6182.0,239.0,202.0,87.0,4292.0,1
2947.0,166.0,12.0,408.0,106.0,3054.0,230.0,244.0,144.0,3369.0,1
3105.0,133.0,8.0,175.0,0.0,708.0,233.0,236.0,135.0,1490.0,0
3287.0,36.0,8.0,638.0,123.0,2486.0,220.0,222.0,138.0,2295.0,0
2920.0,94.0,7.0,240.0,7.0,3510.0,232.0,229.0,130.0,4120.0,1
3102.0,53.0,9.0,120.0,15.0,4902.0,226.0,220.0,128.0,1328.0,0
2562.0,9.0,10.0,120.0,31.0,600.0,209.0,221.0,149.0,443.0,1
2531.0,142.0,5.0,170.0,10.0,532.0,228.0,239.0,144.0,1073.0,0
3028.0,314.0,16.0,376.0,61.0,600.0,174.0,225.0,190.0,633.0,1
3242.0,6.0,15.0,660.0,103.0,2103.0,201.0,210.0,145.0,234.0,0
3166.0,313.0,10.0,914.0,-36.0,1387.0,192.0,232.0,180.0,1209.0,0
3067.0,75.0,13.0,0.0,0.0,3603.0,235.0,216.0,110.0,2839.0,0
3059.0,356.0,21.0,190.0,22.0,1333.0,181.0,196.0,149.0,1440.0,1
3228.0,133.0,12.0,134.0,-27.0,2502.0,239.0,234.0,123.0,3827.0,0
2891.0,2.0,7.0,417.0,75.0,3661.0,211.0,227.0,154.0,3105.0,1
3126.0,125.0,11.0,339.0,79.0,4801.0,239.0,232.0,121.0,1800.0,0
3297.0,287.0,9.0,162.0,45.0,4690.0,196.0,240.0,183.0,900.0,0
2717.0,307.0,2.0,175.0,13.0,2372.0,213.0,237.0,163.0,5070.0,1
3192.0,54.0,8.0,390.0,-14.0,1909.0,225.0,223.0,131.0,2835.0,1
2517.0,20.0,28.0,85.0,35.0,1063.0,189.0,170.0,104.0,1379.0,1
3002.0,163.0,16.0,180.0,-2.0,2529.0,234.0,243.0,134.0,1579.0,1
2853.0,182.0,9.0,85.0,11.0,2167.0,223.0,246.0,156.0,2343.0,1
2780.0,7.0,8.0,30.0,3.0,3339.0,211.0,225.0,151.0,2940.0,0
2783.0,177.0,18.0,424.0,22.0,1627.0,226.0,247.0,147.0,1237.0,1
2813.0,7.0,8.0,85.0,0.0,2440.0,211.0,225.0,151.0,2506.0,1
3090.0,230.0,16.0,150.0,45.0,531.0,195.0,253.0,192.0,713.0,1
2994.0,281.0,14.0,30.0,10.0,2707.0,180.0,240.0,200.0,876.0,0
3029.0,347.0,22.0,750.0,160.0,2489.0,173.0,199.0,161.0,1891.0,1
3487.0,262.0,21.0,180.0,75.0,3141.0,162.0,245.0,218.0,1627.0,0
3185.0,147.0,8.0,430.0,94.0,3798.0,232.0,239.0,140.0,942.0,1
3386.0,207.0,6.0,175.0,-6.0,2952.0,216.0,246.0,166.0,391.0,0
3472.0,72.0,21.0,997.0,187.0,2452.0,238.0,195.0,78.0,1277.0,0
2893.0,84.0,4.0,525.0,40.0,2689.0,226.0,232.0,141.0,2330.0,1
2653.0,120.0,42.0,134.0,88.0,1706.0,249.0,168.0,0.0,1207.0,1
2743.0,339.0,18.0,170.0,31.0,2932.0,179.0,212.0,170.0,1100.0,1
2970.0,11.0,10.0,67.0,0.0,2301.0,209.0,220.0,147.0,911.0,1
2660.0,66.0,14.0,459.0,75.0,1136.0,233.0,211.0,107.0,1519.0,1
3011.0,3.0,12.0,272.0,7.0,5161.0,204.0,217.0,150.0,4498.0,1
3038.0,135.0,5.0,108.0,-1.0,3323.0,228.0,238.0,144.0,1033.0,1
3022.0,335.0,17.0,67.0,12.0,2148.0,180.0,216.0,174.0,3353.0,0
3292.0,90.0,11.0,778.0,146.0,551.0,237.0,222.0,114.0,1148.0,0
2566.0,276.0,18.0,60.0,23.0,1353.0,168.0,241.0,211.0,1764.0,1
3054.0,116.0,23.0,127.0,37.0,1396.0,252.0,211.0,73.0,1265.0,0
2806.0,249.0,12.0,30.0,5.0,2214.0,195.0,249.0,191.0,2841.0,0
3236.0,50.0,16.0,446.0,70.0,845.0,225.0,203.0,107.0,1832.0,0
2919.0,11.0,4.0,268.0,52.0,4074.0,216.0,232.0,153.0,5809.0,1
2814.0,83.0,18.0,175.0,43.0,2173.0,242.0,206.0,86.0,2993.0,0
3140.0,156.0,9.0,60.0,2.0,2037.0,230.0,241.0,143.0,2609.0,1
3168.0,122.0,10.0,234.0,45.0,5006.0,238.0,232.0,124.0,1300.0,0
3264.0,122.0,8.0,618.0,116.0,6091.0,233.0,234.0,133.0,2160.0,1
3254.0,197.0,19.0,228.0,28.0,3308.0,212.0,252.0,168.0,1158.0,1
3311.0,194.0,4.0,540.0,110.0,859.0,219.0,243.0,160.0,765.0,0
3144.0,36.0,12.0,1209.0,275.0,2890.0,219.0,212.0,127.0,1637.0,1
3062.0,60.0,10.0,537.0,0.0,175.0,228.0,218.0,122.0,1451.0,1
3173.0,140.0,7.0,30.0,0.0,2106.0,231.0,238.0,139.0,1748.0,0
2503.0,73.0,23.0,339.0,156.0,604.0,239.0,188.0,67.0,811.0,1
3222.0,152.0,14.0,268.0,64.0,2613.0,237.0,239.0,130.0,816.0,0
2894.0,83.0,12.0,134.0,30.0,3084.0,237.0,219.0,112.0,2543.0,1
2907.0,108.0,15.0,570.0,258.0,892.0,244.0,222.0,103.0,481.0,1
3303.0,88.0,8.0,666.0,266.0,3714.0,232.0,227.0,128.0,2177.0,0
3222.0,118.0,17.0,499.0,106.0,2568.0,247.0,223.0,99.0,2772.0,0
3144.0,55.0,15.0,60.0,-4.0,1332.0,228.0,207.0,109.0,2571.0,0
3092.0,25.0,16.0,162.0,35.0,3734.0,211.0,204.0,126.0,2022.0,0
2749.0,328.0,31.0,30.0,23.0,3454.0,129.0,186.0,187.0,5937.0,1
3015.0,83.0,11.0,127.0,8.0,1962.0,236.0,220.0,114.0,1361.0,1
3212.0,338.0,23.0,1027.0,9.0,1565.0,165.0,201.0,172.0,920.0,0
3146.0,96.0,7.0,180.0,-18.0,3341.0,232.0,229.0,129.0,4994.0,0
2814.0,203.0,18.0,180.0,39.0,1920.0,208.0,253.0,174.0,2192.0,1
2943.0,350.0,15.0,124.0,15.0,3224.0,191.0,213.0,159.0,2143.0,0
3179.0,63.0,19.0,30.0,-6.0,1499.0,233.0,196.0,87.0,2739.0,0
3171.0,307.0,17.0,120.0,28.0,4763.0,173.0,228.0,195.0,1057.0,0
3116.0,50.0,13.0,60.0,-3.0,1945.0,225.0,212.0,119.0,2912.0,1
3028.0,16.0,39.0,324.0,158.0,330.0,157.0,130.0,84.0,1907.0,0
2952.0,15.0,5.0,309.0,73.0,751.0,216.0,230.0,152.0,1894.0,0
3053.0,343.0,10.0,255.0,32.0,2701.0,200.0,225.0,163.0,1172.0,1
2962.0,62.0,4.0,258.0,37.0,4100.0,223.0,232.0,145.0,5218.0,1
2769.0,60.0,8.0,459.0,-18.0,778.0,226.0,224.0,132.0,1001.0,1
3244.0,20.0,14.0,201.0,49.0,1489.0,209.0,209.0,134.0,351.0,0
2937.0,352.0,14.0,272.0,63.0,902.0,195.0,216.0,158.0,1909.0,1
3194.0,80.0,9.0,192.0,46.0,5641.0,233.0,223.0,122.0,2183.0,1
2827.0,73.0,9.0,361.0,72.0,3350.0,231.0,223.0,124.0,6152.0,0
3120.0,32.0,14.0,255.0,10.0,2905.0,216.0,208.0,125.0,3032.0,1
2809.0,94.0,9.0,162.0,18.0,2577.0,235.0,226.0,122.0,2424.0,1
2930.0,47.0,9.0,95.0,-6.0,782.0,223.0,220.0,131.0,1423.0,0
2903.0,316.0,21.0,67.0,20.0,3397.0,161.0,218.0,195.0,1687.0,1
3221.0,78.0,7.0,940.0,53.0,4004.0,229.0,228.0,132.0,2257.0,0
3159.0,63.0,10.0,240.0,26.0,5497.0,229.0,221.0,124.0,1879.0,0
3217.0,328.0,4.0,700.0,33.0,900.0,209.0,234.0,164.0,1961.0,0
3355.0,209.0,12.0,537.0,188.0,2372.0,211.0,251.0,174.0,959.0,0
2740.0,72.0,25.0,162.0,91.0,1319.0,239.0,184.0,61.0,902.0,1
2968.0,268.0,16.0,484.0,68.0,5641.0,177.0,245.0,206.0,5136.0,1
3125.0,336.0,22.0,127.0,4.0,2408.0,165.0,203.0,175.0,2936.0,0
3252.0,24.0,8.0,510.0,176.0,845.0,216.0,222.0,143.0,870.0,0
2881.0,235.0,17.0,108.0,32.0,3293.0,189.0,253.0,198.0,1894.0,1
3267.0,71.0,14.0,511.0,88.0,4184.0,235.0,213.0,107.0,2763.0,0
2978.0,331.0,2.0,85.0,14.0,2230.0,213.0,236.0,160.0,1034.0,0
2837.0,50.0,13.0,540.0,107.0,2837.0,225.0,212.0,119.0,1797.0,1
3128.0,160.0,6.0,85.0,6.0,2252.0,227.0,241.0,148.0,765.0,1
3141.0,358.0,20.0,450.0,35.0,2165.0,186.0,201.0,149.0,1429.0,1
3246.0,243.0,13.0,437.0,59.0,3042.0,195.0,250.0,192.0,1006.0,1
2789.0,234.0,22.0,228.0,8.0,1475.0,177.0,253.0,207.0,1434.0,1
3079.0,37.0,9.0,268.0,-10.0,2229.0,220.0,219.0,134.0,1566.0,0
3174.0,267.0,12.0,42.0,12.0,2567.0,188.0,245.0,196.0,1136.0,0
2533.0,264.0,5.0,175.0,23.0,511.0,208.0,242.0,173.0,212.0,1
2898.0,148.0,16.0,268.0,46.0,3338.0,240.0,237.0,121.0,3497.0,1
2982.0,333.0,11.0,283.0,67.0,2486.0,196.0,226.0,170.0,1947.0,0
3054.0,263.0,11.0,457.0,63.0,5895.0,193.0,246.0,192.0,4540.0,1
3009.0,50.0,18.0,153.0,42.0,335.0,225.0,197.0,99.0,402.0,1
3123.0,285.0,16.0,283.0,25.0,3148.0,173.0,238.0,205.0,1635.0,1
2811.0,302.0,9.0,0.0,0.0,2312.0,194.0,236.0,181.0,2292.0,0
3416.0,256.0,4.0,1100.0,210.0,1321.0,210.0,242.0,170.0,1865.0,0
2874.0,278.0,20.0,234.0,75.0,2263.0,161.0,239.0,215.0,1371.0,0
3168.0,92.0,23.0,182.0,63.0,1114.0,248.0,199.0,67.0,2249.0,0
3354.0,20.0,11.0,361.0,64.0,2183.0,212.0,217.0,140.0,1549.0,0
3187.0,183.0,20.0,481.0,156.0,2179.0,221.0,249.0,151.0,1822.0,1
2906.0,3.0,10.0,469.0,36.0,4365.0,207.0,221.0,152.0,5569.0,0
2862.0,142.0,14.0,150.0,29.0,2797.0,240.0,236.0,122.0,2208.0,1
2790.0,278.0,35.0,210.0,81.0,2374.0,108.0,222.0,242.0,677.0,1
3014.0,49.0,24.0,339.0,112.0,2089.0,221.0,180.0,80.0,1794.0,0
3282.0,223.0,8.0,90.0,23.0,3316.0,210.0,248.0,174.0,1543.0,0
3050.0,240.0,22.0,390.0,134.0,3048.0,175.0,252.0,210.0,2148.0,0
2995.0,335.0,10.0,541.0,23.0,5496.0,198.0,227.0,168.0,6511.0,1
3253.0,347.0,19.0,85.0,-10.0,2010.0,181.0,206.0,161.0,1538.0,0
3070.0,270.0,8.0,633.0,71.0,5601.0,200.0,243.0,182.0,3448.0,1
2972.0,196.0,16.0,277.0,56.0,5429.0,214.0,252.0,167.0,3228.0,1
2982.0,158.0,9.0,256.0,-18.0,3799.0,230.0,242.0,144.0,5635.0,1
2812.0,145.0,15.0,350.0,91.0,2389.0,240.0,236.0,122.0,708.0,1
2929.0,40.0,8.0,551.0,10.0,4340.0,221.0,223.0,137.0,4518.0,1
3167.0,126.0,24.0,255.0,39.0,3630.0,251.0,217.0,80.0,258.0,0
3512.0,102.0,19.0,797.0,227.0,2278.0,248.0,212.0,86.0,1431.0,0
3254.0,322.0,10.0,134.0,19.0,4512.0,194.0,230.0,176.0,794.0,0
2619.0,122.0,14.0,150.0,10.0,793.0,242.0,229.0,113.0,1734.0,1
3337.0,19.0,19.0,511.0,147.0,1855.0,203.0,198.0,127.0,2249.0,1
2879.0,8.0,9.0,437.0,-4.0,1729.0,210.0,223.0,150.0,3046.0,0
2868.0,63.0,30.0,0.0,0.0,2070.0,230.0,165.0,46.0,1527.0,1
3062.0,63.0,11.0,175.0,11.0,4890.0,230.0,218.0,121.0,1959.0,1
3300.0,21.0,15.0,242.0,61.0,3453.0,209.0,207.0,132.0,2224.0,0
2694.0,67.0,12.0,470.0,27.0,890.0,232.0,217.0,116.0,1567.0,1
3168.0,24.0,16.0,0.0,0.0,2885.0,210.0,204.0,127.0,5286.0,0
2986.0,148.0,12.0,127.0,26.0,2376.0,235.0,239.0,133.0,626.0,1
2585.0,5.0,20.0,30.0,3.0,1288.0,191.0,197.0,140.0,828.0,0
2938.0,26.0,22.0,234.0,33.0,1465.0,203.0,186.0,110.0,1574.0,0
3061.0,122.0,22.0,42.0,12.0,999.0,251.0,216.0,81.0,2183.0,0
2771.0,82.0,8.0,268.0,36.0,1610.0,232.0,225.0,126.0,2538.0,1
3037.0,12.0,8.0,499.0,65.0,5545.0,212.0,224.0,149.0,3896.0,0
3102.0,13.0,11.0,60.0,6.0,3833.0,209.0,217.0,144.0,277.0,0
3031.0,194.0,24.0,270.0,80.0,1557.0,208.0,251.0,165.0,1189.0,1
2765.0,357.0,15.0,175.0,33.0,3048.0,196.0,212.0,153.0,1034.0,1
3160.0,349.0,16.0,150.0,36.0,1199.0,189.0,212.0,160.0,474.0,0
3103.0,139.0,4.0,295.0,68.0,4859.0,227.0,238.0,146.0,247.0,1
2826.0,87.0,17.0,30.0,-6.0,3245.0,242.0,210.0,92.0,1883.0,1
3027.0,318.0,21.0,323.0,141.0,6081.0,161.0,216.0,194.0,4861.0,1
2898.0,348.0,24.0,150.0,55.0,1692.0,168.0,193.0,158.0,2627.0,1
2801.0,26.0,6.0,0.0,0.0,2239.0,217.0,227.0,146.0,2781.0,0
2539.0,34.0,11.0,60.0,1.0,1065.0,219.0,217.0,133.0,2063.0,1
2889.0,15.0,5.0,30.0,1.0,1825.0,215.0,229.0,150.0,955.0,0
2968.0,359.0,20.0,331.0,125.0,1856.0,185.0,198.0,146.0,2809.0,1
2995.0,123.0,13.0,67.0,15.0,1061.0,241.0,230.0,116.0,2291.0,1
3030.0,343.0,10.0,268.0,8.0,2089.0,200.0,225.0,163.0,1208.0,1
3087.0,284.0,12.0,162.0,14.0,4685.0,187.0,240.0,192.0,3070.0,0
3270.0,33.0,15.0,484.0,105.0,1187.0,216.0,207.0,123.0,2346.0,1
2962.0,13.0,17.0,212.0,-5.0,6114.0,202.0,204.0,136.0,3241.0,1
2996.0,0.0,12.0,764.0,201.0,2940.0,202.0,217.0,152.0,983.0,1
3281.0,0.0,3.0,0.0,0.0,5505.0,215.0,234.0,156.0,591.0,0
2931.0,28.0,6.0,120.0,10.0,1761.0,218.0,228.0,146.0,573.0,1
3149.0,346.0,18.0,633.0,-41.0,3714.0,184.0,209.0,162.0,2866.0,1
3025.0,170.0,17.0,67.0,17.0,1863.0,230.0,245.0,140.0,242.0,0
3302.0,301.0,25.0,932.0,208.0,3795.0,142.0,220.0,214.0,2305.0,0
2861.0,180.0,16.0,30.0,7.0,1110.0,224.0,248.0,152.0,2071.0,1
2966.0,321.0,23.0,201.0,108.0,680.0,155.0,211.0,193.0,1529.0,1
2802.0,141.0,13.0,30.0,0.0,4443.0,238.0,236.0,125.0,376.0,0
3213.0,49.0,15.0,626.0,295.0,1790.0,225.0,206.0,111.0,2809.0,0
2493.0,276.0,25.0,228.0,107.0,932.0,144.0,236.0,227.0,1370.0,1
3032.0,24.0,10.0,319.0,10.0,1167.0,215.0,218.0,140.0,1771.0,0
3156.0,0.0,5.0,240.0,30.0,1579.0,213.0,231.0,156.0,532.0,0
3208.0,300.0,9.0,450.0,-12.0,5403.0,194.0,236.0,182.0,1900.0,0
3198.0,139.0,22.0,90.0,3.0,1498.0,247.0,227.0,96.0,1396.0,1
3024.0,18.0,10.0,764.0,170.0,5623.0,213.0,220.0,143.0,5269.0,0
2751.0,50.0,7.0,350.0,124.0,808.0,224.0,225.0,136.0,977.0,1
3020.0,236.0,12.0,283.0,89.0,5852.0,199.0,250.0,188.0,1802.0,0
3248.0,305.0,15.0,255.0,40.0,771.0,177.0,231.0,193.0,1804.0,0
3281.0,32.0,12.0,658.0,205.0,693.0,217.0,213.0,129.0,966.0,0
3032.0,89.0,9.0,134.0,28.0,671.0,234.0,225.0,122.0,1209.0,1
3259.0,268.0,7.0,607.0,25.0,600.0,202.0,243.0,179.0,642.0,0
2842.0,128.0,23.0,90.0,8.0,1020.0,251.0,218.0,81.0,1236.0,1
2765.0,130.0,13.0,351.0,85.0,1885.0,240.0,233.0,120.0,2173.0,1
3153.0,210.0,18.0,150.0,19.0,716.0,204.0,254.0,180.0,4981.0,1
2947.0,243.0,14.0,256.0,137.0,1899.0,192.0,250.0,195.0,1082.0,1
3103.0,203.0,25.0,150.0,53.0,2583.0,198.0,252.0,176.0,1045.0,1
3219.0,54.0,15.0,404.0,103.0,5029.0,228.0,207.0,109.0,2848.0,1
2631.0,225.0,6.0,242.0,14.0,497.0,212.0,245.0,170.0,1150.0,1
2911.0,122.0,20.0,201.0,65.0,2160.0,249.0,220.0,90.0,1366.0,1
2748.0,37.0,16.0,180.0,13.0,1443.0,218.0,203.0,117.0,551.0,1
3283.0,225.0,2.0,492.0,31.0,6061.0,217.0,240.0,161.0,618.0,0
2803.0,81.0,25.0,255.0,63.0,2455.0,244.0,186.0,56.0,785.0,1
3247.0,163.0,15.0,242.0,59.0,1173.0,233.0,243.0,137.0,2713.0,0
2749.0,41.0,14.0,537.0,92.0,577.0,221.0,208.0,119.0,959.0,1
3167.0,42.0,13.0,560.0,25.0,2151.0,222.0,210.0,121.0,1123.0,0
2979.0,59.0,15.0,67.0,12.0,624.0,230.0,207.0,106.0,499.0,0
2504.0,21.0,19.0,192.0,61.0,858.0,205.0,197.0,124.0,930.0,1
2829.0,41.0,23.0,180.0,41.0,1571.0,216.0,183.0,91.0,2359.0,1
2924.0,346.0,26.0,295.0,75.0,301.0,161.0,190.0,161.0,1641.0,0
2848.0,90.0,3.0,661.0,22.0,630.0,225.0,234.0,145.0,1290.0,0
3126.0,151.0,27.0,216.0,87.0,3452.0,242.0,227.0,96.0,2281.0,0
3062.0,215.0,30.0,60.0,1.0,1708.0,177.0,251.0,194.0,485.0,1
2938.0,251.0,9.0,30.0,5.0,2969.0,201.0,246.0,183.0,1209.0,0
3168.0,152.0,11.0,120.0,3.0,3554.0,234.0,240.0,135.0,4665.0,0
3159.0,71.0,11.0,582.0,26.0,5526.0,232.0,219.0,118.0,1544.0,0
2914.0,359.0,19.0,658.0,65.0,1240.0,189.0,202.0,148.0,859.0,1
3222.0,336.0,18.0,283.0,38.0,170.0,178.0,213.0,173.0,1892.0,0
3025.0,208.0,9.0,60.0,11.0,1087.0,214.0,249.0,170.0,1804.0,0
3035.0,29.0,12.0,242.0,36.0,2963.0,216.0,214.0,133.0,1631.0,1
3084.0,359.0,12.0,408.0,67.0,1342.0,202.0,218.0,153.0,2448.0,0
2648.0,41.0,10.0,240.0,1.0,1284.0,221.0,218.0,131.0,5518.0,1
3041.0,105.0,7.0,127.0,13.0,1983.0,232.0,232.0,133.0,1515.0,0
2890.0,246.0,29.0,175.0,93.0,2650.0,147.0,247.0,227.0,1736.0,0
2960.0,275.0,3.0,30.0,-1.0,2402.0,212.0,240.0,166.0,484.0,0
3400.0,212.0,9.0,210.0,7.0,2967.0,213.0,248.0,171.0,351.0,0
2952.0,357.0,16.0,242.0,41.0,3129.0,193.0,210.0,153.0,1490.0,0
2927.0,157.0,12.0,218.0,24.0,4726.0,233.0,242.0,138.0,342.0,1
3236.0,302.0,9.0,180.0,33.0,4625.0,195.0,236.0,181.0,607.0,0
2949.0,154.0,14.0,366.0,73.0,2970.0,236.0,240.0,131.0,1657.0,1
3027.0,51.0,3.0,150.0,16.0,6396.0,221.0,232.0,147.0,3488.0,1
2926.0,101.0,6.0,60.0,1.0,4004.0,230.0,232.0,135.0,5029.0,0
2933.0,66.0,26.0,30.0,19.0,2655.0,234.0,177.0,58.0,2192.0,0
2828.0,13.0,12.0,255.0,33.0,3331.0,208.0,216.0,143.0,1107.0,1
3101.0,88.0,17.0,85.0,17.0,1844.0,243.0,210.0,90.0,2840.0,1
3122.0,326.0,10.0,30.0,2.0,543.0,195.0,229.0,173.0,932.0,0
2802.0,105.0,11.0,67.0,1.0,499.0,238.0,227.0,118.0,2543.0,1
3182.0,351.0,6.0,603.0,65.0,792.0,209.0,229.0,159.0,2037.0,0
2963.0,301.0,4.0,366.0,29.0,3742.0,208.0,238.0,168.0,870.0,1
3037.0,135.0,10.0,0.0,0.0,6723.0,236.0,236.0,130.0,3127.0,1
3238.0,342.0,1.0,190.0,4.0,120.0,217.0,237.0,157.0,1201.0,0
3227.0,270.0,9.0,524.0,-19.0,2902.0,198.0,243.0,185.0,134.0,1
3072.0,221.0,35.0,524.0,135.0,3745.0,155.0,246.0,206.0,1168.0,1
2995.0,207.0,10.0,120.0,0.0,5389.0,214.0,249.0,170.0,1994.0,0
3112.0,344.0,14.0,277.0,29.0,3778.0,192.0,218.0,164.0,957.0,0
3288.0,166.0,13.0,300.0,68.0,1148.0,230.0,244.0,143.0,964.0,0
3016.0,59.0,12.0,516.0,17.0,1812.0,229.0,215.0,117.0,1024.0,0
2651.0,202.0,18.0,240.0,53.0,2322.0,209.0,253.0,173.0,1920.0,1
2864.0,152.0,5.0,330.0,52.0,2313.0,226.0,240.0,149.0,1819.0,1
3102.0,50.0,22.0,30.0,8.0,2783.0,224.0,187.0,87.0,4034.0,0
2698.0,179.0,18.0,474.0,10.0,485.0,224.0,248.0,149.0,845.0,1
2824.0,68.0,32.0,450.0,185.0,878.0,234.0,161.0,0.0,750.0,1
2854.0,102.0,13.0,612.0,22.0,450.0,241.0,223.0,110.0,1159.0,1
2923.0,112.0,8.0,0.0,0.0,1226.0,235.0,231.0,128.0,3144.0,0
3031.0,94.0,3.0,595.0,43.0,5515.0,224.0,234.0,145.0,5410.0,1
2628.0,333.0,15.0,42.0,11.0,1936.0,184.0,220.0,174.0,4602.0,1
2985.0,278.0,3.0,67.0,6.0,5630.0,210.0,240.0,168.0,2081.0,0
3074.0,300.0,9.0,182.0,12.0,806.0,194.0,236.0,182.0,1879.0,0
3017.0,45.0,6.0,95.0,19.0,4200.0,222.0,226.0,139.0,488.0,0
3003.0,98.0,17.0,30.0,-3.0,2697.0,245.0,214.0,92.0,365.0,0
3206.0,236.0,19.0,418.0,92.0,5844.0,184.0,253.0,202.0,3034.0,1
2926.0,80.0,9.0,319.0,56.0,4374.0,233.0,223.0,122.0,5673.0,1
3114.0,23.0,15.0,390.0,97.0,1533.0,210.0,207.0,130.0,2821.0,0
3007.0,358.0,9.0,218.0,23.0,3979.0,207.0,224.0,155.0,1624.0,1
2587.0,180.0,15.0,190.0,-14.0,2604.0,224.0,248.0,152.0,2165.0,1
3179.0,285.0,19.0,324.0,104.0,4385.0,165.0,236.0,210.0,1209.0,0
2882.0,31.0,22.0,201.0,62.0,680.0,208.0,186.0,105.0,582.0,1
3015.0,324.0,13.0,95.0,14.0,3451.0,188.0,226.0,178.0,934.0,0
2926.0,83.0,9.0,306.0,18.0,3978.0,233.0,224.0,122.0,4201.0,1
2749.0,3.0,5.0,95.0,-2.0,1855.0,214.0,231.0,155.0,2726.0,1
2669.0,170.0,21.0,297.0,31.0,1410.0,230.0,244.0,135.0,671.0,1
3060.0,351.0,23.0,85.0,23.0,4410.0,174.0,195.0,155.0,2795.0,0
3234.0,337.0,8.0,216.0,8.0,5625.0,203.0,229.0,165.0,1618.0,0
2703.0,335.0,16.0,42.0,13.0,1549.0,182.0,217.0,173.0,3251.0,1
3093.0,238.0,9.0,492.0,87.0,2654.0,204.0,248.0,182.0,1954.0,1
2997.0,257.0,5.0,335.0,53.0,108.0,208.0,243.0,173.0,1259.0,1
2721.0,270.0,2.0,60.0,-2.0,1689.0,213.0,240.0,165.0,4152.0,1
2883.0,45.0,4.0,390.0,60.0,2493.0,221.0,231.0,146.0,2112.0,1
2997.0,343.0,25.0,446.0,51.0,2962.0,162.0,194.0,166.0,467.0,0
2943.0,57.0,16.0,192.0,50.0,4562.0,229.0,204.0,103.0,3681.0,1
3002.0,321.0,16.0,170.0,44.0,418.0,179.0,223.0,184.0,604.0,1
2834.0,329.0,7.0,175.0,10.0,702.0,204.0,232.0,167.0,569.0,0
2890.0,19.0,11.0,309.0,50.0,2742.0,212.0,217.0,141.0,2630.0,1
3267.0,356.0,14.0,256.0,44.0,4498.0,197.0,215.0,155.0,2151.0,0
3101.0,140.0,13.0,0.0,0.0,4610.0,239.0,236.0,125.0,1652.0,0
3079.0,24.0,5.0,323.0,35.0,3338.0,217.0,230.0,149.0,566.0,0
3245.0,342.0,12.0,553.0,94.0,3181.0,195.0,222.0,166.0,911.0,0
2827.0,20.0,8.0,424.0,35.0,1744.0,215.0,224.0,145.0,1261.0,1
2945.0,121.0,6.0,0.0,0.0,5370.0,230.0,235.0,139.0,2563.0,0
3234.0,50.0,12.0,430.0,22.0,2839.0,225.0,214.0,121.0,1050.0,0
2886.0,27.0,11.0,242.0,13.0,1489.0,215.0,217.0,137.0,2352.0,1
3210.0,357.0,5.0,108.0,-12.0,4052.0,212.0,231.0,156.0,1292.0,0
3150.0,75.0,11.0,339.0,87.0,658.0,234.0,218.0,115.0,607.0,0
2757.0,93.0,9.0,170.0,28.0,2862.0,234.0,227.0,125.0,5037.0,1
2995.0,0.0,7.0,430.0,76.0,5001.0,210.0,227.0,155.0,5878.0,0
3112.0,27.0,14.0,400.0,95.0,1530.0,213.0,208.0,128.0,2783.0,0
2953.0,345.0,8.0,162.0,-4.0,3759.0,204.0,227.0,162.0,1516.0,1
2915.0,118.0,13.0,150.0,42.0,1590.0,242.0,228.0,114.0,2084.0,1
3234.0,59.0,4.0,350.0,13.0,3653.0,223.0,231.0,143.0,3855.0,0
3063.0,41.0,10.0,0.0,0.0,1945.0,222.0,217.0,130.0,1848.0,0
3302.0,40.0,11.0,201.0,23.0,1323.0,221.0,216.0,129.0,2215.0,0
3116.0,222.0,12.0,182.0,-24.0,2565.0,205.0,251.0,181.0,636.0,1
3100.0,75.0,27.0,335.0,125.0,1965.0,240.0,178.0,51.0,3824.0,0
2949.0,186.0,7.0,255.0,30.0,5341.0,222.0,246.0,158.0,3690.0,1
3275.0,324.0,16.0,594.0,206.0,3164.0,178.0,221.0,182.0,3378.0,1
3073.0,74.0,21.0,212.0,-23.0,741.0,240.0,194.0,75.0,1149.0,0
2676.0,318.0,17.0,120.0,36.0,1159.0,173.0,222.0,188.0,2026.0,1
3236.0,288.0,26.0,379.0,130.0,330.0,138.0,227.0,224.0,771.0,0
2955.0,169.0,2.0,190.0,0.0,5160.0,221.0,240.0,155.0,2271.0,0
3143.0,77.0,18.0,42.0,5.0,5054.0,240.0,205.0,89.0,1165.0,0
3001.0,153.0,18.0,190.0,3.0,3822.0,239.0,238.0,122.0,5568.0,1
2695.0,45.0,12.0,30.0,0.0,1473.0,223.0,214.0,124.0,760.0,1
3152.0,183.0,5.0,256.0,40.0,1762.0,221.0,243.0,157.0,2541.0,1
3219.0,342.0,12.0,524.0,28.0,1765.0,196.0,222.0,165.0,402.0,0
3103.0,342.0,6.0,577.0,18.0,713.0,208.0,231.0,162.0,933.0,1
3018.0,93.0,30.0,450.0,184.0,674.0,250.0,179.0,34.0,1087.0,0
2962.0,57.0,10.0,277.0,43.0,3728.0,227.0,220.0,126.0,5424.0,1
2793.0,16.0,16.0,242.0,59.0,30.0,204.0,204.0,133.0,799.0,1
2783.0,65.0,16.0,240.0,28.0,1337.0,233.0,207.0,101.0,742.0,1
2835.0,45.0,3.0,295.0,45.0,2053.0,220.0,232.0,149.0,1805.0,1
3018.0,65.0,4.0,685.0,174.0,5578.0,223.0,231.0,143.0,5222.0,0
3181.0,283.0,3.0,571.0,64.0,752.0,211.0,239.0,167.0,2062.0,1
3126.0,262.0,2.0,162.0,17.0,6669.0,215.0,239.0,162.0,2490.0,1
3188.0,281.0,36.0,108.0,29.0,721.0,100.0,216.0,242.0,2084.0,0
3256.0,209.0,7.0,297.0,9.0,3269.0,215.0,247.0,168.0,1604.0,0
2650.0,330.0,12.0,240.0,57.0,1290.0,192.0,226.0,173.0,1165.0,1
3214.0,115.0,24.0,277.0,37.0,5435.0,252.0,210.0,71.0,2976.0,1
3228.0,78.0,15.0,108.0,22.0,4267.0,238.0,211.0,99.0,1936.0,0
3028.0,307.0,19.0,85.0,-3.0,1968.0,165.0,225.0,199.0,3443.0,0
2602.0,84.0,11.0,255.0,34.0,976.0,235.0,222.0,117.0,1253.0,1
3119.0,354.0,14.0,150.0,16.0,3355.0,196.0,215.0,156.0,3001.0,0
2837.0,302.0,14.0,323.0,-46.0,1332.0,179.0,233.0,193.0,1445.0,1
2883.0,326.0,10.0,124.0,26.0,2854.0,195.0,229.0,173.0,1939.0,0
3119.0,149.0,14.0,376.0,82.0,3327.0,237.0,239.0,128.0,2951.0,0
2985.0,96.0,10.0,350.0,52.0,3776.0,236.0,226.0,121.0,1948.0,1
2871.0,49.0,13.0,295.0,50.0,2305.0,225.0,211.0,117.0,2218.0,1
3080.0,82.0,19.0,180.0,-32.0,600.0,243.0,202.0,81.0,1557.0,0
3210.0,222.0,11.0,0.0,0.0,3111.0,206.0,251.0,180.0,446.0,0
3133.0,124.0,17.0,150.0,-22.0,4669.0,246.0,225.0,101.0,1207.0,0
3207.0,90.0,0.0,767.0,23.0,1087.0,219.0,237.0,155.0,2132.0,0
2794.0,335.0,11.0,42.0,6.0,2052.0,195.0,225.0,169.0,2114.0,0
2893.0,332.0,19.0,170.0,43.0,5905.0,172.0,212.0,178.0,4646.0,1
3231.0,39.0,20.0,466.0,-31.0,721.0,216.0,191.0,103.0,2866.0,1
3258.0,148.0,15.0,324.0,25.0,2155.0,239.0,238.0,124.0,1190.0,1
3169.0,82.0,19.0,60.0,24.0,2296.0,243.0,202.0,81.0,2662.0,0
3075.0,345.0,12.0,782.0,34.0,1082.0,196.0,221.0,163.0,900.0,1
2692.0,219.0,22.0,30.0,6.0,2017.0,189.0,254.0,194.0,942.0,1
2941.0,54.0,19.0,228.0,4.0,4470.0,227.0,196.0,94.0,1090.0,1
3127.0,11.0,6.0,180.0,24.0,2173.0,214.0,228.0,151.0,2081.0,0
3043.0,207.0,19.0,90.0,22.0,3247.0,204.0,254.0,179.0,1307.0,1
3053.0,3.0,21.0,484.0,-15.0,1276.0,186.0,194.0,141.0,3589.0,0
3116.0,148.0,14.0,124.0,8.0,459.0,238.0,238.0,126.0,1872.0,0
3279.0,309.0,18.0,540.0,95.0,677.0,167.0,225.0,197.0,212.0,0
2834.0,27.0,7.0,256.0,46.0,3770.0,218.0,225.0,144.0,5558.0,1
2859.0,17.0,13.0,162.0,30.0,2613.0,208.0,212.0,139.0,2689.0,1
3146.0,301.0,6.0,30.0,3.0,902.0,204.0,238.0,172.0,1994.0,1
2958.0,69.0,12.0,365.0,88.0,1745.0,233.0,216.0,113.0,2905.0,1
3245.0,26.0,13.0,285.0,87.0,4892.0,213.0,211.0,132.0,1620.0,0
3249.0,137.0,12.0,67.0,-6.0,5139.0,239.0,235.0,124.0,361.0,1
3178.0,69.0,15.0,30.0,2.0,1434.0,235.0,208.0,100.0,2462.0,1
3048.0,101.0,2.0,331.0,61.0,892.0,223.0,236.0,148.0,1765.0,1
3263.0,315.0,5.0,362.0,-10.0,892.0,206.0,236.0,168.0,3157.0,1
2676.0,13.0,11.0,391.0,64.0,918.0,210.0,218.0,145.0,1187.0,1
3202.0,155.0,14.0,433.0,100.0,319.0,236.0,240.0,131.0,4414.0,1
3129.0,65.0,13.0,124.0,16.0,3841.0,232.0,214.0,112.0,3012.0,0
2741.0,80.0,11.0,450.0,87.0,2449.0,234.0,221.0,118.0,2106.0,1
2756.0,287.0,10.0,60.0,-7.0,331.0,193.0,240.0,187.0,1092.0,1
3100.0,27.0,14.0,335.0,10.0,3824.0,213.0,209.0,129.0,3700.0,0
3072.0,275.0,19.0,0.0,0.0,2322.0,165.0,241.0,213.0,595.0,1
2962.0,139.0,11.0,350.0,76.0,5608.0,236.0,237.0,130.0,3886.0,1
3142.0,98.0,13.0,467.0,95.0,4676.0,241.0,221.0,107.0,1851.0,0
3124.0,342.0,10.0,30.0,5.0,2309.0,198.0,224.0,165.0,1950.0,0
3196.0,199.0,9.0,268.0,38.0,926.0,217.0,248.0,165.0,277.0,0
2976.0,178.0,22.0,1006.0,179.0,2614.0,224.0,246.0,143.0,1347.0,1
3019.0,28.0,10.0,488.0,42.0,1154.0,216.0,217.0,136.0,2297.0,1
3032.0,64.0,13.0,379.0,61.0,4497.0,232.0,213.0,111.0,842.0,1
3037.0,110.0,8.0,95.0,9.0,1120.0,234.0,231.0,129.0,2227.0,1
2886.0,11.0,10.0,351.0,29.0,2998.0,210.0,221.0,147.0,3701.0,1
2599.0,29.0,6.0,323.0,68.0,1080.0,218.0,227.0,145.0,277.0,1
3021.0,140.0,16.0,594.0,22.0,5371.0,242.0,234.0,116.0,3032.0,1
3131.0,329.0,1.0,702.0,78.0,1981.0,215.0,237.0,159.0,2563.0,0
2776.0,83.0,12.0,108.0,30.0,3032.0,237.0,218.0,110.0,5005.0,1
2903.0,153.0,3.0,180.0,0.0,4848.0,223.0,239.0,151.0,4819.0,1
3069.0,32.0,12.0,666.0,210.0,1842.0,217.0,213.0,129.0,3118.0,0
3097.0,351.0,22.0,216.0,39.0,3838.0,175.0,197.0,156.0,560.0,0
2941.0,11.0,7.0,108.0,3.0,3971.0,213.0,225.0,150.0,1866.0,1
3375.0,313.0,9.0,376.0,79.0,1194.0,195.0,233.0,178.0,3005.0,0
3275.0,76.0,20.0,270.0,-3.0,1630.0,240.0,198.0,79.0,1718.0,0
3172.0,31.0,1.0,0.0,0.0,5165.0,218.0,235.0,154.0,2502.0,0
3296.0,26.0,13.0,306.0,-2.0,4315.0,213.0,211.0,131.0,1423.0,0
2994.0,47.0,9.0,268.0,2.0,2651.0,224.0,220.0,130.0,1383.0,0
3100.0,0.0,6.0,212.0,34.0,2348.0,212.0,229.0,155.0,2407.0,0
3210.0,233.0,10.0,691.0,100.0,3337.0,204.0,249.0,182.0,1106.0,0
3134.0,29.0,11.0,60.0,15.0,2403.0,216.0,216.0,134.0,1889.0,0
2776.0,48.0,19.0,300.0,10.0,1956.0,224.0,196.0,100.0,882.0,1
2853.0,321.0,23.0,323.0,32.0,1890.0,154.0,210.0,192.0,1477.0,1
2782.0,126.0,6.0,240.0,-4.0,1972.0,231.0,236.0,138.0,1020.0,1
3221.0,342.0,13.0,566.0,30.0,3151.0,193.0,221.0,166.0,3488.0,0
3255.0,32.0,38.0,234.0,152.0,4012.0,183.0,131.0,55.0,1206.0,0
2982.0,150.0,9.0,42.0,0.0,4269.0,232.0,240.0,139.0,3867.0,1
2653.0,135.0,2.0,242.0,1.0,618.0,222.0,238.0,152.0,1476.0,1
2966.0,181.0,26.0,313.0,115.0,5454.0,218.0,245.0,143.0,646.0,1
3020.0,45.0,5.0,42.0,0.0,4084.0,222.0,228.0,142.0,2482.0,1
3000.0,10.0,7.0,192.0,18.0,3698.0,213.0,226.0,151.0,2274.0,0
2624.0,135.0,16.0,30.0,5.0,1691.0,244.0,231.0,112.0,5131.0,1
2694.0,45.0,6.0,391.0,63.0,1348.0,222.0,226.0,139.0,1507.0,1
2696.0,125.0,11.0,268.0,68.0,3568.0,239.0,232.0,121.0,2438.0,1
3096.0,357.0,5.0,124.0,-2.0,4577.0,212.0,231.0,156.0,3212.0,0
3124.0,24.0,11.0,153.0,16.0,1745.0,214.0,216.0,137.0,743.0,0
2556.0,64.0,7.0,402.0,20.0,1104.0,227.0,226.0,133.0,4039.0,1
2961.0,331.0,20.0,67.0,26.0,1441.0,167.0,210.0,180.0,2281.0,1
2837.0,67.0,5.0,162.0,13.0,3520.0,226.0,229.0,138.0,6374.0,1
3258.0,187.0,8.0,470.0,56.0,2564.0,221.0,246.0,159.0,1374.0,0
2878.0,91.0,17.0,330.0,82.0,882.0,244.0,211.0,91.0,741.0,1
2797.0,93.0,14.0,210.0,24.0,1910.0,242.0,217.0,102.0,2864.0,1
3044.0,64.0,7.0,295.0,36.0,2642.0,227.0,226.0,133.0,1048.0,0
3203.0,34.0,19.0,518.0,149.0,3645.0,214.0,196.0,112.0,1834.0,0
2924.0,27.0,10.0,295.0,44.0,3396.0,216.0,219.0,138.0,4563.0,1
2842.0,28.0,22.0,631.0,285.0,1383.0,206.0,188.0,110.0,895.0,1
2931.0,201.0,19.0,175.0,75.0,630.0,208.0,253.0,173.0,1632.0,1
2891.0,53.0,10.0,162.0,36.0,2823.0,226.0,218.0,126.0,2280.0,1
3250.0,31.0,22.0,270.0,85.0,3435.0,208.0,187.0,106.0,2154.0,0
2880.0,27.0,20.0,268.0,65.0,1984.0,207.0,192.0,114.0,1498.0,0
2700.0,42.0,12.0,30.0,4.0,999.0,222.0,214.0,126.0,1825.0,1
2886.0,92.0,20.0,153.0,-22.0,1455.0,246.0,205.0,79.0,1648.0,0
3081.0,101.0,11.0,60.0,-1.0,1549.0,239.0,225.0,115.0,658.0,1
2974.0,249.0,33.0,95.0,55.0,2355.0,132.0,242.0,234.0,2846.0,1
2814.0,90.0,5.0,67.0,8.0,2323.0,227.0,232.0,139.0,2818.0,1
3106.0,233.0,15.0,0.0,0.0,1864.0,195.0,252.0,192.0,488.0,0
3106.0,106.0,11.0,234.0,68.0,837.0,239.0,227.0,117.0,1657.0,0
2640.0,198.0,14.0,30.0,2.0,1894.0,215.0,251.0,167.0,1036.0,0
2642.0,34.0,25.0,67.0,10.0,1266.0,207.0,177.0,94.0,513.0,1
2956.0,352.0,2.0,258.0,4.0,1383.0,216.0,236.0,157.0,330.0,1
3337.0,188.0,11.0,732.0,8.0,806.0,221.0,248.0,160.0,4534.0,0
3018.0,329.0,13.0,42.0,9.0,531.0,189.0,225.0,175.0,1657.0,0
2808.0,40.0,12.0,0.0,0.0,1019.0,221.0,213.0,125.0,1909.0,0
2929.0,154.0,21.0,1024.0,134.0,2610.0,240.0,236.0,116.0,1307.0,1
2711.0,57.0,22.0,180.0,71.0,1224.0,229.0,189.0,82.0,924.0,1
2911.0,311.0,9.0,30.0,0.0,2750.0,196.0,234.0,178.0,514.0,0
2583.0,41.0,14.0,379.0,38.0,646.0,221.0,209.0,120.0,693.0,1
2826.0,219.0,16.0,150.0,28.0,3650.0,201.0,253.0,185.0,3241.0,1
2612.0,214.0,3.0,362.0,43.0,1307.0,216.0,243.0,163.0,1401.0,1
3058.0,328.0,22.0,216.0,58.0,457.0,161.0,209.0,184.0,1862.0,0
3099.0,85.0,32.0,362.0,170.0,1869.0,246.0,170.0,28.0,2971.0,0
2970.0,292.0,25.0,150.0,35.0,5734.0,141.0,225.0,220.0,1816.0,0
2954.0,59.0,11.0,319.0,19.0,3595.0,228.0,218.0,121.0,2242.0,1
3047.0,53.0,18.0,323.0,79.0,1736.0,227.0,199.0,99.0,3529.0,0
3250.0,156.0,9.0,218.0,50.0,2971.0,231.0,241.0,142.0,216.0,0
3047.0,82.0,31.0,247.0,86.0,2919.0,244.0,168.0,30.0,1148.0,0
2960.0,192.0,15.0,457.0,74.0,1552.0,218.0,251.0,163.0,1731.0,1
3057.0,227.0,25.0,485.0,22.0,3013.0,176.0,253.0,205.0,1772.0,1
2654.0,92.0,23.0,228.0,68.0,1296.0,248.0,199.0,67.0,644.0,1
2898.0,23.0,23.0,153.0,45.0,2255.0,201.0,185.0,112.0,1974.0,0
3068.0,142.0,14.0,210.0,24.0,3294.0,239.0,236.0,123.0,598.0,1
3248.0,86.0,13.0,270.0,64.0,162.0,238.0,218.0,108.0,1691.0,0
2974.0,282.0,7.0,42.0,5.0,2072.0,201.0,241.0,179.0,1195.0,0
3606.0,49.0,17.0,860.0,194.0,2701.0,225.0,202.0,105.0,1399.0,0
2849.0,321.0,15.0,210.0,51.0,3251.0,181.0,224.0,183.0,458.0,1
3263.0,185.0,9.0,170.0,16.0,3277.0,222.0,246.0,158.0,1549.0,0
2613.0,198.0,13.0,30.0,2.0,2084.0,216.0,251.0,167.0,1249.0,0
2917.0,69.0,4.0,553.0,-4.0,3810.0,224.0,231.0,143.0,4178.0,1
3016.0,291.0,11.0,339.0,54.0,2405.0,190.0,238.0,188.0,437.0,1
2906.0,8.0,5.0,342.0,52.0,3970.0,214.0,230.0,153.0,5716.0,1
3250.0,24.0,11.0,95.0,23.0,2967.0,214.0,215.0,136.0,2250.0,0
2835.0,323.0,10.0,60.0,2.0,2758.0,195.0,230.0,174.0,2471.0,0
2907.0,162.0,15.0,256.0,58.0,3114.0,234.0,242.0,135.0,3307.0,1
3196.0,40.0,16.0,570.0,136.0,1666.0,220.0,203.0,113.0,2154.0,0
3195.0,291.0,34.0,255.0,-53.0,3334.0,106.0,211.0,235.0,2073.0,0
2718.0,352.0,3.0,365.0,51.0,967.0,214.0,233.0,158.0,1862.0,0
3079.0,124.0,10.0,30.0,5.0,4430.0,238.0,233.0,125.0,1008.0,0
3025.0,151.0,6.0,300.0,56.0,5109.0,228.0,240.0,145.0,912.0,1
3070.0,0.0,1.0,514.0,203.0,6103.0,217.0,236.0,156.0,3895.0,1
3218.0,104.0,4.0,301.0,16.0,2547.0,226.0,234.0,143.0,1342.0,1
3203.0,315.0,3.0,272.0,30.0,1492.0,210.0,236.0,164.0,108.0,0
3035.0,36.0,13.0,509.0,176.0,1771.0,219.0,211.0,125.0,2980.0,0
3080.0,49.0,16.0,342.0,0.0,3891.0,225.0,203.0,108.0,3653.0,0
3093.0,172.0,13.0,120.0,10.0,845.0,228.0,246.0,147.0,1661.0,0
2939.0,135.0,6.0,258.0,23.0,3883.0,230.0,237.0,140.0,6014.0,0
3123.0,331.0,13.0,335.0,15.0,2315.0,189.0,223.0,174.0,2431.0,1
3179.0,317.0,24.0,457.0,112.0,1731.0,150.0,212.0,198.0,3237.0,0
2899.0,47.0,8.0,216.0,44.0,2864.0,223.0,223.0,134.0,2248.0,1
3262.0,27.0,15.0,242.0,23.0,955.0,212.0,206.0,126.0,853.0,0
3070.0,127.0,24.0,446.0,202.0,2148.0,251.0,217.0,80.0,1627.0,1
2987.0,321.0,42.0,319.0,196.0,871.0,83.0,162.0,198.0,1316.0,0
3375.0,239.0,4.0,268.0,12.0,600.0,212.0,243.0,169.0,900.0,1
2841.0,99.0,10.0,90.0,11.0,2704.0,236.0,227.0,121.0,2561.0,1
3305.0,204.0,10.0,450.0,117.0,1289.0,214.0,250.0,169.0,2658.0,0
3118.0,37.0,5.0,0.0,0.0,1964.0,220.0,229.0,146.0,3029.0,0
2841.0,91.0,16.0,67.0,9.0,2473.0,243.0,214.0,97.0,2255.0,1
3198.0,102.0,12.0,162.0,13.0,2791.0,240.0,224.0,111.0,5182.0,0
2868.0,216.0,10.0,42.0,2.0,4250.0,210.0,250.0,176.0,3690.0,0
3311.0,92.0,19.0,234.0,41.0,3521.0,246.0,207.0,82.0,1365.0,0
3102.0,35.0,13.0,95.0,20.0,5286.0,218.0,211.0,127.0,2971.0,0
2994.0,17.0,6.0,108.0,12.0,3762.0,215.0,226.0,148.0,2358.0,0
3142.0,124.0,27.0,120.0,23.0,1875.0,253.0,209.0,65.0,2571.0,1
3162.0,55.0,10.0,190.0,23.0,2871.0,226.0,219.0,126.0,3501.0,1
2704.0,12.0,16.0,390.0,-43.0,1399.0,203.0,206.0,138.0,1831.0,1
2728.0,97.0,19.0,120.0,41.0,1630.0,247.0,210.0,85.0,558.0,1
3226.0,257.0,13.0,433.0,20.0,503.0,190.0,247.0,195.0,1812.0,0
2485.0,67.0,2.0,153.0,8.0,930.0,221.0,235.0,151.0,4288.0,1
2850.0,95.0,24.0,228.0,95.0,799.0,250.0,196.0,61.0,1256.0,1
3122.0,276.0,9.0,124.0,25.0,255.0,196.0,242.0,186.0,2271.0,1
2870.0,215.0,8.0,30.0,0.0,1110.0,213.0,247.0,170.0,1933.0,0
2594.0,354.0,9.0,268.0,76.0,2472.0,206.0,225.0,158.0,541.0,1
3325.0,313.0,19.0,722.0,152.0,841.0,166.0,222.0,195.0,450.0,0
2887.0,43.0,10.0,67.0,3.0,1533.0,222.0,217.0,129.0,2687.0,1
3267.0,50.0,16.0,350.0,28.0,1062.0,225.0,203.0,107.0,779.0,0
2835.0,356.0,10.0,162.0,-6.0,2370.0,204.0,222.0,156.0,926.0,0
2920.0,350.0,5.0,0.0,0.0,3649.0,210.0,231.0,159.0,2255.0,1
3246.0,102.0,33.0,297.0,84.0,3819.0,253.0,178.0,0.0,2502.0,0
2961.0,70.0,20.0,362.0,161.0,376.0,237.0,196.0,80.0,1434.0,0
2786.0,230.0,34.0,201.0,104.0,1634.0,149.0,247.0,216.0,1530.0,1
3099.0,52.0,6.0,400.0,66.0,218.0,223.0,227.0,140.0,1252.0,1
3207.0,326.0,7.0,268.0,32.0,495.0,202.0,232.0,169.0,1201.0,0
2879.0,30.0,16.0,433.0,113.0,2301.0,213.0,203.0,121.0,576.0,1
3205.0,50.0,8.0,404.0,53.0,4562.0,224.0,223.0,134.0,2630.0,0
3148.0,292.0,11.0,860.0,143.0,6238.0,189.0,238.0,189.0,1276.0,1
2697.0,63.0,7.0,150.0,24.0,1932.0,227.0,225.0,132.0,5314.0,1
3078.0,8.0,2.0,603.0,35.0,691.0,217.0,235.0,155.0,765.0,1
2706.0,72.0,18.0,67.0,21.0,1871.0,237.0,204.0,91.0,124.0,0
2616.0,257.0,18.0,335.0,26.0,940.0,176.0,248.0,209.0,1710.0,1
3049.0,344.0,10.0,42.0,5.0,335.0,199.0,224.0,163.0,1165.0,1
3110.0,26.0,7.0,792.0,29.0,2096.0,217.0,225.0,144.0,2506.0,0
2942.0,248.0,19.0,450.0,42.0,5578.0,178.0,250.0,208.0,4026.0,1
2887.0,155.0,25.0,124.0,54.0,5051.0,239.0,233.0,109.0,234.0,1
3362.0,91.0,19.0,400.0,136.0,1869.0,246.0,206.0,81.0,3050.0,0
3122.0,334.0,16.0,85.0,14.0,1982.0,181.0,217.0,174.0,1917.0,1
3177.0,336.0,8.0,190.0,2.0,684.0,202.0,229.0,166.0,1310.0,0
2886.0,341.0,17.0,85.0,16.0,4163.0,183.0,213.0,168.0,6131.0,1
3109.0,216.0,16.0,124.0,6.0,1818.0,202.0,254.0,184.0,638.0,0
2582.0,166.0,18.0,95.0,34.0,1471.0,232.0,244.0,136.0,4689.0,1
2917.0,150.0,10.0,218.0,49.0,930.0,233.0,240.0,137.0,2014.0,1
3108.0,166.0,17.0,480.0,31.0,932.0,232.0,244.0,136.0,2277.0,0
2940.0,350.0,21.0,330.0,95.0,830.0,178.0,200.0,158.0,1824.0,1
3090.0,26.0,6.0,335.0,14.0,2684.0,217.0,227.0,146.0,1776.0,1
3156.0,13.0,25.0,417.0,86.0,1410.0,188.0,181.0,122.0,1682.0,1
3185.0,220.0,27.0,120.0,-2.0,2136.0,176.0,253.0,200.0,3409.0,0
3001.0,68.0,29.0,201.0,56.0,1867.0,235.0,169.0,45.0,3362.0,0
3109.0,5.0,10.0,42.0,5.0,3853.0,208.0,221.0,150.0,242.0,0
2559.0,67.0,14.0,300.0,30.0,443.0,233.0,211.0,106.0,2873.0,1
3523.0,261.0,7.0,268.0,111.0,3032.0,202.0,244.0,181.0,1753.0,0
2862.0,351.0,10.0,234.0,50.0,2312.0,203.0,224.0,159.0,2105.0,1
3274.0,194.0,8.0,990.0,137.0,2215.0,219.0,247.0,162.0,2190.0,0
3201.0,133.0,19.0,85.0,24.0,1682.0,246.0,227.0,101.0,2807.0,1
2607.0,55.0,15.0,309.0,127.0,1140.0,228.0,206.0,107.0,1739.0,1
3005.0,124.0,5.0,351.0,28.0,1369.0,229.0,236.0,140.0,1590.0,0
2894.0,38.0,20.0,60.0,-4.0,466.0,215.0,192.0,104.0,309.0,1
3139.0,95.0,14.0,210.0,30.0,2982.0,242.0,218.0,102.0,3276.0,0
2864.0,328.0,24.0,124.0,51.0,2657.0,156.0,205.0,185.0,1853.0,1
2991.0,350.0,9.0,541.0,75.0,5486.0,203.0,224.0,160.0,1831.0,1
2753.0,31.0,23.0,270.0,122.0,1279.0,207.0,184.0,103.0,1994.0,1
3122.0,347.0,17.0,708.0,12.0,1025.0,186.0,211.0,162.0,1536.0,0
3004.0,225.0,11.0,680.0,98.0,5965.0,205.0,250.0,181.0,3495.0,1
2959.0,267.0,16.0,212.0,73.0,6131.0,178.0,245.0,205.0,4971.0,1
3210.0,44.0,15.0,671.0,291.0,1812.0,222.0,205.0,113.0,2728.0,0
3081.0,319.0,14.0,162.0,37.0,591.0,184.0,227.0,182.0,960.0,0
3032.0,166.0,6.0,60.0,16.0,2223.0,225.0,242.0,151.0,1114.0,0
2959.0,322.0,15.0,721.0,53.0,5610.0,180.0,223.0,183.0,1829.0,1
3266.0,255.0,7.0,612.0,32.0,600.0,203.0,245.0,180.0,666.0,0
2921.0,65.0,12.0,283.0,52.0,2061.0,231.0,216.0,116.0,2176.0,1
3163.0,152.0,22.0,424.0,85.0,309.0,241.0,234.0,111.0,3499.0,1
2691.0,9.0,12.0,60.0,9.0,1236.0,206.0,215.0,146.0,1473.0,1
2955.0,123.0,8.0,255.0,25.0,3606.0,234.0,234.0,131.0,2154.0,1
2532.0,34.0,11.0,175.0,10.0,1308.0,219.0,217.0,133.0,4268.0,1
2730.0,24.0,12.0,0.0,0.0,1298.0,213.0,214.0,135.0,2486.0,1
2971.0,89.0,12.0,0.0,0.0,992.0,239.0,220.0,109.0,1348.0,0
2885.0,219.0,12.0,285.0,118.0,1606.0,206.0,252.0,180.0,1830.0,1
2829.0,303.0,16.0,360.0,181.0,1276.0,174.0,231.0,196.0,1451.0,1
2991.0,36.0,12.0,459.0,97.0,4374.0,219.0,213.0,128.0,2060.0,1
3254.0,13.0,12.0,569.0,49.0,3442.0,208.0,216.0,143.0,4323.0,0
3002.0,308.0,12.0,180.0,27.0,2363.0,188.0,232.0,185.0,1498.0,0
2986.0,342.0,16.0,742.0,188.0,3002.0,185.0,214.0,167.0,900.0,1
2956.0,63.0,23.0,295.0,153.0,306.0,233.0,187.0,74.0,1233.0,1
2896.0,230.0,19.0,331.0,76.0,2147.0,187.0,254.0,199.0,1760.0,1
2971.0,110.0,22.0,633.0,175.0,1034.0,251.0,210.0,75.0,1154.0,1
3208.0,5.0,11.0,0.0,0.0,1321.0,205.0,218.0,149.0,511.0,0
2572.0,45.0,8.0,162.0,21.0,934.0,223.0,223.0,135.0,1476.0,1
2769.0,64.0,7.0,283.0,-3.0,1862.0,227.0,226.0,133.0,2324.0,1
3105.0,27.0,24.0,323.0,35.0,4921.0,201.0,179.0,104.0,2647.0,0
2948.0,23.0,2.0,60.0,8.0,1633.0,218.0,235.0,154.0,524.0,0
3073.0,98.0,2.0,400.0,29.0,3262.0,222.0,236.0,151.0,474.0,0
3153.0,88.0,17.0,42.0,4.0,5093.0,243.0,210.0,91.0,1142.0,0
2828.0,292.0,11.0,0.0,0.0,1321.0,188.0,238.0,189.0,1860.0,0
3118.0,178.0,5.0,60.0,6.0,4156.0,223.0,243.0,155.0,1500.0,0
3362.0,138.0,11.0,319.0,162.0,2802.0,237.0,236.0,128.0,558.0,0
2624.0,89.0,10.0,150.0,28.0,1167.0,235.0,224.0,120.0,5343.0,1
3291.0,300.0,16.0,871.0,181.0,1296.0,173.0,232.0,198.0,2839.0,0
3284.0,98.0,12.0,537.0,166.0,4320.0,239.0,223.0,113.0,1134.0,1
3133.0,340.0,25.0,470.0,84.0,926.0,159.0,195.0,170.0,1683.0,0
3137.0,112.0,11.0,67.0,9.0,2202.0,239.0,228.0,119.0,2068.0,0
2985.0,82.0,14.0,95.0,12.0,2672.0,239.0,214.0,103.0,242.0,0
3105.0,24.0,8.0,30.0,2.0,3807.0,216.0,224.0,144.0,1585.0,0
2935.0,268.0,34.0,285.0,138.0,2427.0,113.0,229.0,242.0,1471.0,0
3159.0,119.0,2.0,162.0,17.0,3743.0,223.0,237.0,149.0,4755.0,0
2916.0,357.0,5.0,170.0,42.0,3079.0,212.0,231.0,156.0,1813.0,1
3068.0,356.0,6.0,162.0,5.0,531.0,210.0,229.0,157.0,1655.0,1
3180.0,21.0,15.0,67.0,13.0,1155.0,208.0,206.0,131.0,685.0,0
3266.0,78.0,7.0,108.0,0.0,1165.0,229.0,228.0,132.0,3125.0,1
3242.0,269.0,13.0,124.0,24.0,953.0,185.0,244.0,199.0,1831.0,0
2942.0,308.0,24.0,212.0,98.0,5462.0,146.0,216.0,207.0,4884.0,1
3077.0,173.0,9.0,190.0,12.0,2492.0,226.0,245.0,151.0,3549.0,0
3249.0,223.0,8.0,60.0,10.0,3421.0,210.0,248.0,174.0,1381.0,0
3185.0,22.0,13.0,752.0,168.0,1851.0,212.0,213.0,136.0,2438.0,0
2820.0,315.0,8.0,30.0,0.0,2366.0,200.0,234.0,174.0,2718.0,0
2766.0,355.0,14.0,95.0,12.0,684.0,196.0,214.0,155.0,2385.0,1
3236.0,18.0,13.0,175.0,40.0,2197.0,209.0,211.0,137.0,2445.0,0
3012.0,286.0,31.0,240.0,91.0,2636.0,120.0,221.0,233.0,2557.0,1
2968.0,50.0,14.0,376.0,95.0,5808.0,226.0,208.0,113.0,4372.0,1
2750.0,18.0,6.0,371.0,27.0,2306.0,216.0,227.0,149.0,6109.0,1
3245.0,286.0,25.0,870.0,126.0,3661.0,143.0,230.0,223.0,2230.0,0
2886.0,124.0,24.0,816.0,252.0,2876.0,252.0,214.0,75.0,1697.0,1
3009.0,238.0,3.0,938.0,214.0,2791.0,214.0,242.0,166.0,1114.0,1
3141.0,89.0,9.0,319.0,43.0,5128.0,234.0,225.0,122.0,201.0,1
3138.0,317.0,8.0,85.0,6.0,351.0,200.0,233.0,173.0,2734.0,0
3149.0,102.0,10.0,150.0,-15.0,3355.0,237.0,227.0,120.0,4957.0,0
3173.0,323.0,7.0,180.0,25.0,2071.0,201.0,233.0,171.0,2958.0,0
3124.0,12.0,10.0,395.0,43.0,1055.0,210.0,219.0,146.0,2571.0,1
2905.0,331.0,21.0,319.0,40.0,811.0,168.0,210.0,179.0,1396.0,1
2863.0,359.0,29.0,95.0,30.0,5005.0,164.0,174.0,137.0,330.0,1
2980.0,164.0,13.0,150.0,-8.0,2230.0,231.0,244.0,141.0,3166.0,1
3073.0,80.0,11.0,153.0,25.0,1991.0,234.0,221.0,118.0,3520.0,0
3173.0,125.0,17.0,495.0,135.0,418.0,246.0,226.0,103.0,1706.0,1
2893.0,33.0,12.0,150.0,0.0,658.0,218.0,214.0,131.0,1489.0,1
2874.0,195.0,19.0,277.0,98.0,2010.0,213.0,252.0,165.0,2069.0,1
2916.0,123.0,16.0,150.0,17.0,960.0,246.0,226.0,103.0,2895.0,0
3182.0,45.0,4.0,488.0,87.0,5058.0,221.0,231.0,146.0,2148.0,0
2722.0,12.0,9.0,297.0,33.0,2164.0,211.0,221.0,147.0,5601.0,1
3001.0,128.0,13.0,124.0,33.0,335.0,241.0,232.0,118.0,987.0,0
2774.0,211.0,30.0,365.0,-24.0,2282.0,180.0,251.0,189.0,1749.0,1
3086.0,123.0,16.0,150.0,-21.0,607.0,245.0,226.0,104.0,1733.0,0
2688.0,100.0,16.0,120.0,50.0,957.0,245.0,216.0,96.0,1158.0,1
2702.0,13.0,29.0,511.0,175.0,902.0,178.0,167.0,113.0,702.0,1
3081.0,30.0,8.0,192.0,12.0,1517.0,218.0,223.0,140.0,1860.0,0
2822.0,20.0,24.0,573.0,263.0,1148.0,195.0,181.0,113.0,918.0,1
2738.0,37.0,17.0,42.0,12.0,1312.0,217.0,200.0,113.0,2612.0,1
3022.0,143.0,2.0,30.0,0.0,3274.0,223.0,238.0,151.0,212.0,0
2757.0,329.0,27.0,240.0,78.0,2388.0,146.0,198.0,186.0,2287.0,1
3116.0,156.0,9.0,90.0,3.0,6935.0,231.0,241.0,142.0,2460.0,1
2870.0,225.0,8.0,95.0,28.0,808.0,209.0,248.0,176.0,90.0,1
3149.0,16.0,12.0,182.0,6.0,755.0,209.0,214.0,140.0,1842.0,1
2818.0,43.0,8.0,659.0,88.0,3013.0,222.0,223.0,136.0,1611.0,1
3247.0,292.0,20.0,485.0,112.0,457.0,159.0,232.0,211.0,2416.0,1
3065.0,322.0,3.0,391.0,22.0,1307.0,212.0,236.0,162.0,2955.0,1
3113.0,45.0,5.0,90.0,7.0,816.0,221.0,229.0,144.0,1597.0,0
3037.0,71.0,10.0,371.0,33.0,5550.0,231.0,221.0,121.0,4149.0,0
2664.0,9.0,25.0,120.0,58.0,2101.0,183.0,181.0,127.0,7080.0,1
2997.0,101.0,19.0,190.0,23.0,666.0,248.0,211.0,83.0,2642.0,1
3140.0,173.0,10.0,365.0,65.0,190.0,226.0,245.0,150.0,1774.0,1
2906.0,351.0,15.0,85.0,13.0,4660.0,192.0,213.0,158.0,1611.0,1
3000.0,351.0,13.0,127.0,37.0,362.0,196.0,217.0,159.0,551.0,1
2703.0,149.0,6.0,300.0,15.0,618.0,227.0,240.0,146.0,900.0,1
2965.0,176.0,18.0,323.0,-29.0,4495.0,227.0,247.0,145.0,2143.0,1
3279.0,327.0,20.0,454.0,128.0,2870.0,167.0,213.0,184.0,541.0,0
3223.0,108.0,10.0,430.0,20.0,1690.0,237.0,229.0,122.0,1315.0,0
3209.0,146.0,20.0,382.0,118.0,3822.0,243.0,233.0,110.0,716.0,1
2905.0,74.0,24.0,510.0,78.0,1080.0,240.0,187.0,64.0,509.0,0
3121.0,312.0,11.0,365.0,52.0,351.0,189.0,232.0,183.0,1421.0,1
3021.0,29.0,6.0,0.0,0.0,3177.0,218.0,227.0,145.0,1057.0,0
2714.0,340.0,6.0,240.0,47.0,1100.0,208.0,232.0,162.0,1770.0,1
2903.0,192.0,21.0,120.0,21.0,1020.0,213.0,251.0,162.0,1921.0,1
2897.0,26.0,23.0,499.0,-35.0,779.0,202.0,183.0,108.0,335.0,0
2913.0,96.0,7.0,247.0,0.0,3482.0,232.0,230.0,131.0,4421.0,1
2969.0,238.0,11.0,150.0,6.0,2295.0,201.0,249.0,185.0,968.0,1
3101.0,317.0,9.0,134.0,15.0,67.0,197.0,233.0,175.0,1249.0,0
2745.0,308.0,21.0,0.0,0.0,1471.0,157.0,221.0,203.0,1544.0,0
3250.0,323.0,5.0,127.0,10.0,5726.0,208.0,235.0,166.0,807.0,0
2967.0,28.0,4.0,0.0,0.0,4578.0,218.0,232.0,150.0,1892.0,1
3049.0,191.0,16.0,866.0,143.0,3061.0,218.0,251.0,162.0,1827.0,1
2870.0,115.0,4.0,182.0,23.0,3076.0,227.0,236.0,144.0,2896.0,1
2949.0,194.0,15.0,190.0,33.0,5310.0,216.0,251.0,165.0,3520.0,1
2812.0,261.0,6.0,42.0,1.0,1530.0,206.0,243.0,176.0,924.0,1
2962.0,192.0,23.0,150.0,33.0,810.0,212.0,251.0,161.0,1723.0,1
2775.0,31.0,8.0,0.0,0.0,3055.0,218.0,222.0,140.0,5700.0,1
3244.0,313.0,9.0,480.0,60.0,360.0,196.0,233.0,177.0,1670.0,0
3232.0,9.0,19.0,242.0,28.0,3284.0,195.0,200.0,138.0,3281.0,1
3242.0,32.0,14.0,242.0,63.0,4203.0,216.0,210.0,126.0,3021.0,0
3095.0,111.0,20.0,331.0,103.0,2986.0,250.0,214.0,84.0,997.0,0
3144.0,334.0,17.0,134.0,30.0,3997.0,178.0,215.0,175.0,268.0,0
2872.0,354.0,15.0,0.0,0.0,1092.0,195.0,213.0,155.0,716.0,1
2723.0,228.0,17.0,150.0,28.0,1465.0,193.0,253.0,194.0,1201.0,1
3268.0,29.0,2.0,0.0,0.0,708.0,218.0,233.0,152.0,874.0,0
2954.0,69.0,28.0,180.0,85.0,5515.0,236.0,172.0,49.0,1087.0,1
3126.0,146.0,3.0,30.0,0.0,2089.0,224.0,239.0,150.0,3054.0,0
2905.0,60.0,33.0,268.0,95.0,1140.0,225.0,152.0,34.0,824.0,1
2998.0,262.0,7.0,735.0,100.0,5911.0,204.0,244.0,179.0,6053.0,1
3167.0,142.0,29.0,570.0,90.0,1057.0,247.0,217.0,76.0,2337.0,0
3248.0,38.0,10.0,285.0,39.0,5240.0,220.0,217.0,131.0,277.0,0
3089.0,345.0,15.0,402.0,20.0,916.0,190.0,216.0,164.0,3181.0,1
2717.0,170.0,22.0,212.0,48.0,1917.0,230.0,243.0,134.0,2273.0,1
3216.0,317.0,11.0,285.0,41.0,437.0,192.0,231.0,179.0,1189.0,0
3307.0,162.0,10.0,443.0,39.0,1253.0,231.0,243.0,143.0,1919.0,0
2794.0,296.0,17.0,60.0,12.0,782.0,169.0,232.0,202.0,2039.0,0
3302.0,338.0,3.0,60.0,-5.0,4581.0,214.0,235.0,160.0,4004.0,0
2994.0,34.0,7.0,162.0,4.0,3565.0,219.0,225.0,142.0,5342.0,1
3347.0,178.0,6.0,90.0,16.0,3180.0,223.0,244.0,155.0,1917.0,0
2798.0,209.0,13.0,488.0,57.0,3944.0,209.0,252.0,176.0,1687.0,1
3173.0,87.0,18.0,300.0,82.0,5237.0,244.0,206.0,85.0,1458.0,0
2880.0,14.0,10.0,42.0,-1.0,514.0,211.0,220.0,145.0,2452.0,1
3175.0,336.0,11.0,30.0,-3.0,1833.0,194.0,225.0,169.0,1863.0,0
3038.0,324.0,15.0,150.0,31.0,2700.0,180.0,223.0,182.0,2308.0,0
2922.0,171.0,13.0,67.0,9.0,5391.0,229.0,245.0,146.0,3949.0,1
3347.0,335.0,17.0,595.0,54.0,2395.0,178.0,214.0,174.0,1041.0,0
3087.0,33.0,8.0,242.0,46.0,124.0,219.0,222.0,139.0,967.0,1
2791.0,178.0,21.0,150.0,35.0,3616.0,224.0,247.0,144.0,1399.0,1
3076.0,19.0,10.0,700.0,217.0,1921.0,213.0,219.0,142.0,3048.0,0
3183.0,63.0,10.0,90.0,28.0,1677.0,229.0,220.0,123.0,2206.0,0
3217.0,122.0,4.0,67.0,6.0,5779.0,228.0,236.0,143.0,685.0,0
3201.0,148.0,23.0,108.0,35.0,703.0,243.0,231.0,103.0,2155.0,0
3066.0,70.0,6.0,170.0,26.0,2920.0,227.0,228.0,135.0,1405.0,1
2769.0,81.0,3.0,421.0,10.0,1742.0,223.0,234.0,146.0,837.0,1
2995.0,170.0,14.0,379.0,73.0,5550.0,230.0,245.0,143.0,2996.0,0
2962.0,97.0,14.0,190.0,22.0,2145.0,242.0,219.0,104.0,446.0,1
2798.0,52.0,13.0,300.0,43.0,1725.0,226.0,211.0,116.0,1233.0,1
2927.0,153.0,6.0,391.0,43.0,1524.0,228.0,240.0,146.0,1226.0,1
3042.0,142.0,29.0,532.0,161.0,858.0,247.0,218.0,77.0,2541.0,0
3046.0,198.0,31.0,150.0,38.0,850.0,194.0,248.0,169.0,553.0,1
3308.0,206.0,18.0,277.0,76.0,3339.0,205.0,254.0,177.0,560.0,0
3061.0,134.0,13.0,153.0,17.0,3355.0,241.0,233.0,119.0,626.0,1
2982.0,219.0,9.0,499.0,73.0,5736.0,210.0,249.0,175.0,2881.0,1
2962.0,300.0,27.0,300.0,122.0,5716.0,137.0,218.0,217.0,4826.0,1
3019.0,76.0,2.0,108.0,6.0,866.0,222.0,235.0,150.0,2372.0,1
2970.0,70.0,5.0,0.0,0.0,2312.0,225.0,230.0,140.0,800.0,0
2978.0,153.0,2.0,212.0,3.0,2750.0,222.0,239.0,153.0,1959.0,1
2733.0,8.0,12.0,60.0,3.0,541.0,206.0,217.0,147.0,2389.0,1
3073.0,29.0,20.0,700.0,48.0,1932.0,209.0,191.0,111.0,2078.0,0
3206.0,248.0,10.0,30.0,-2.0,2250.0,198.0,248.0,187.0,3167.0,0
2881.0,54.0,9.0,60.0,3.0,1795.0,225.0,221.0,130.0,2451.0,0
3062.0,253.0,11.0,566.0,84.0,6164.0,194.0,248.0,191.0,1584.0,1
2835.0,79.0,10.0,247.0,32.0,2213.0,233.0,223.0,121.0,1645.0,1
3207.0,319.0,5.0,67.0,-6.0,3249.0,206.0,235.0,168.0,1441.0,0
3032.0,349.0,10.0,127.0,21.0,4635.0,202.0,224.0,160.0,612.0,0
2871.0,150.0,18.0,484.0,205.0,2297.0,240.0,236.0,119.0,2002.0,1
2997.0,6.0,19.0,85.0,20.0,2370.0,193.0,199.0,140.0,1168.0,0
3026.0,179.0,11.0,481.0,188.0,1149.0,225.0,247.0,154.0,497.0,1
3277.0,45.0,8.0,362.0,22.0,1019.0,222.0,223.0,136.0,1822.0,0
2998.0,293.0,12.0,30.0,8.0,2724.0,185.0,237.0,192.0,824.0,0
3150.0,119.0,17.0,323.0,79.0,256.0,246.0,223.0,100.0,899.0,1
2718.0,126.0,4.0,134.0,14.0,2363.0,227.0,237.0,144.0,5113.0,1
3037.0,84.0,2.0,382.0,53.0,3141.0,222.0,235.0,149.0,571.0,1
2882.0,330.0,14.0,228.0,78.0,2103.0,185.0,222.0,176.0,1291.0,0
3163.0,34.0,9.0,277.0,24.0,2322.0,219.0,221.0,138.0,2436.0,0
3667.0,57.0,19.0,1032.0,412.0,2619.0,230.0,197.0,94.0,1188.0,0
2978.0,348.0,26.0,726.0,101.0,741.0,162.0,187.0,157.0,1224.0,0
3032.0,1.0,12.0,309.0,35.0,2739.0,202.0,216.0,151.0,808.0,0
2955.0,90.0,9.0,210.0,42.0,4487.0,235.0,225.0,121.0,1774.0,1
2962.0,22.0,9.0,210.0,30.0,3582.0,215.0,221.0,143.0,6520.0,1
2911.0,95.0,5.0,350.0,31.0,3833.0,229.0,232.0,138.0,4056.0,1
2505.0,279.0,16.0,212.0,72.0,433.0,174.0,240.0,206.0,108.0,1
3348.0,148.0,13.0,598.0,203.0,1481.0,237.0,238.0,129.0,1549.0,0
3022.0,305.0,40.0,350.0,232.0,930.0,85.0,186.0,224.0,1371.0,0
3003.0,359.0,13.0,301.0,63.0,1624.0,200.0,216.0,153.0,771.0,1
3038.0,9.0,17.0,242.0,63.0,1298.0,198.0,203.0,139.0,511.0,0
3226.0,94.0,18.0,713.0,78.0,636.0,246.0,210.0,87.0,1853.0,1
2982.0,108.0,8.0,457.0,17.0,4912.0,233.0,232.0,130.0,5440.0,1
3007.0,274.0,14.0,285.0,60.0,1572.0,182.0,243.0,200.0,3301.0,0
2832.0,153.0,8.0,283.0,38.0,3513.0,230.0,241.0,143.0,3235.0,1
2936.0,38.0,16.0,277.0,-31.0,4552.0,218.0,203.0,115.0,1984.0,1
3351.0,99.0,8.0,607.0,78.0,1249.0,233.0,229.0,128.0,2503.0,0
2774.0,8.0,22.0,339.0,40.0,1022.0,189.0,191.0,134.0,845.0,1
3027.0,121.0,10.0,150.0,19.0,2831.0,237.0,232.0,125.0,474.0,0
2920.0,227.0,30.0,660.0,163.0,1209.0,163.0,251.0,211.0,1747.0,1
2853.0,124.0,23.0,60.0,13.0,1061.0,251.0,217.0,81.0,1302.0,1
3240.0,274.0,11.0,365.0,60.0,2927.0,192.0,243.0,191.0,808.0,0
3180.0,40.0,15.0,510.0,73.0,5792.0,220.0,206.0,117.0,912.0,0
3126.0,292.0,8.0,607.0,89.0,2088.0,199.0,239.0,180.0,895.0,1
3034.0,95.0,9.0,537.0,16.0,3726.0,234.0,227.0,124.0,4753.0,0
2786.0,47.0,17.0,60.0,7.0,3209.0,224.0,200.0,105.0,778.0,1
3240.0,124.0,7.0,301.0,86.0,1473.0,233.0,235.0,135.0,2010.0,0
3345.0,148.0,17.0,849.0,229.0,2761.0,240.0,236.0,119.0,2448.0,0
3296.0,43.0,10.0,175.0,13.0,1828.0,222.0,219.0,131.0,4830.0,0
2998.0,236.0,12.0,573.0,82.0,5574.0,198.0,251.0,189.0,3951.0,1
3250.0,169.0,11.0,258.0,111.0,3099.0,228.0,245.0,147.0,3207.0,0
2968.0,45.0,12.0,376.0,49.0,5012.0,223.0,214.0,123.0,5648.0,0
3303.0,47.0,9.0,180.0,13.0,3270.0,224.0,220.0,130.0,1895.0,0
3199.0,15.0,17.0,150.0,104.0,4847.0,203.0,204.0,134.0,1756.0,0
3208.0,275.0,16.0,150.0,14.0,2967.0,176.0,242.0,205.0,997.0,0
2920.0,98.0,5.0,42.0,-2.0,1209.0,228.0,233.0,138.0,3121.0,0
3295.0,202.0,8.0,1082.0,140.0,2397.0,217.0,247.0,165.0,2097.0,0
3246.0,76.0,10.0,485.0,113.0,837.0,232.0,222.0,121.0,5438.0,0
3341.0,231.0,17.0,531.0,159.0,4387.0,190.0,253.0,197.0,2501.0,0
2558.0,351.0,6.0,210.0,4.0,808.0,210.0,230.0,159.0,631.0,1
3214.0,115.0,10.0,541.0,66.0,5810.0,237.0,231.0,124.0,1595.0,0
3182.0,70.0,8.0,67.0,7.0,3463.0,229.0,225.0,129.0,4650.0,0
2946.0,17.0,10.0,30.0,7.0,3555.0,212.0,219.0,144.0,1758.0,1
2713.0,169.0,35.0,120.0,46.0,3032.0,222.0,229.0,108.0,6270.0,1
2919.0,180.0,1.0,350.0,13.0,4673.0,219.0,239.0,157.0,4752.0,1
3144.0,0.0,9.0,60.0,5.0,2372.0,207.0,223.0,154.0,2700.0,0
3130.0,36.0,6.0,335.0,39.0,1581.0,220.0,226.0,142.0,3458.0,0
3208.0,103.0,6.0,182.0,23.0,3159.0,231.0,232.0,134.0,5021.0,0
3202.0,297.0,22.0,330.0,130.0,1687.0,154.0,227.0,211.0,2163.0,1
3083.0,82.0,13.0,277.0,36.0,4470.0,237.0,217.0,108.0,2601.0,1
2819.0,106.0,18.0,85.0,13.0,2442.0,248.0,215.0,88.0,2743.0,0
3156.0,179.0,13.0,30.0,-6.0,3057.0,225.0,247.0,152.0,994.0,0
3142.0,69.0,11.0,371.0,49.0,2783.0,231.0,219.0,119.0,3565.0,0
3329.0,275.0,23.0,467.0,144.0,4328.0,152.0,238.0,222.0,2436.0,0
3228.0,150.0,9.0,192.0,23.0,3144.0,232.0,240.0,139.0,4738.0,0
3008.0,1.0,12.0,350.0,10.0,4267.0,202.0,216.0,151.0,3516.0,0
3110.0,183.0,21.0,60.0,-18.0,2203.0,221.0,249.0,151.0,3510.0,0
3265.0,170.0,17.0,492.0,95.0,3435.0,230.0,245.0,140.0,726.0,0
3037.0,63.0,7.0,256.0,-6.0,3523.0,227.0,225.0,132.0,2784.0,0
3298.0,274.0,15.0,849.0,28.0,3267.0,180.0,243.0,202.0,934.0,0
2872.0,192.0,28.0,240.0,110.0,1452.0,205.0,249.0,160.0,1825.0,1
3018.0,315.0,7.0,711.0,171.0,5526.0,201.0,234.0,172.0,5274.0,1
3324.0,247.0,14.0,459.0,95.0,3354.0,189.0,250.0,197.0,1350.0,1
2961.0,282.0,14.0,60.0,21.0,2056.0,181.0,240.0,199.0,547.0,1
2883.0,38.0,15.0,510.0,91.0,4301.0,218.0,205.0,118.0,5473.0,0
3243.0,21.0,18.0,366.0,84.0,1179.0,206.0,200.0,127.0,2334.0,1
2782.0,85.0,15.0,127.0,18.0,1575.0,240.0,213.0,99.0,2054.0,1
3132.0,36.0,12.0,600.0,-42.0,4078.0,219.0,213.0,128.0,4270.0,0
2649.0,155.0,14.0,218.0,-2.0,693.0,235.0,241.0,132.0,1795.0,1
3001.0,75.0,22.0,277.0,73.0,573.0,241.0,192.0,71.0,891.0,0
3144.0,276.0,16.0,170.0,-2.0,2464.0,175.0,242.0,206.0,589.0,0
3329.0,132.0,14.0,566.0,109.0,1279.0,241.0,232.0,118.0,2195.0,0
2985.0,23.0,7.0,212.0,45.0,1292.0,216.0,225.0,145.0,595.0,0
3108.0,328.0,8.0,313.0,71.0,2359.0,202.0,231.0,169.0,1187.0,0
3287.0,270.0,20.0,331.0,58.0,3275.0,163.0,242.0,216.0,1296.0,1
2939.0,73.0,9.0,162.0,69.0,6041.0,231.0,223.0,124.0,4364.0,1
2534.0,100.0,8.0,277.0,44.0,1276.0,234.0,229.0,127.0,4759.0,1
2537.0,51.0,7.0,201.0,-3.0,577.0,224.0,225.0,137.0,1025.0,1
2959.0,236.0,17.0,485.0,63.0,5636.0,187.0,253.0,199.0,5536.0,1
2933.0,343.0,13.0,108.0,24.0,2577.0,194.0,220.0,165.0,1924.0,0
2857.0,61.0,28.0,108.0,58.0,120.0,230.0,172.0,56.0,1113.0,1
2922.0,6.0,7.0,553.0,39.0,4593.0,211.0,226.0,152.0,5398.0,1
2953.0,51.0,10.0,607.0,31.0,1040.0,225.0,218.0,126.0,713.0,1
2978.0,317.0,10.0,309.0,104.0,1597.0,194.0,231.0,178.0,902.0,1
2930.0,65.0,4.0,525.0,46.0,1468.0,223.0,231.0,143.0,1129.0,1
3126.0,29.0,10.0,124.0,10.0,5332.0,217.0,219.0,137.0,2930.0,1
3085.0,336.0,5.0,0.0,0.0,4737.0,209.0,233.0,162.0,1421.0,0
