MedInc,HouseAge,AveRooms,AveBedrms,Population,AveOccup,Latitude,Longitude,HighValue
2.3946,35.0,3.636963696369637,1.0165016501650166,688.0,2.2706270627062706,37.9,-122.3,0
2.8125,44.0,3.845208845208845,0.9778869778869779,1500.0,3.6855036855036856,34.12,-118.2,0
5.2083,36.0,5.079646017699115,0.9362831858407079,1371.0,2.426548672566372,34.11,-118.22,1
4.2051,16.0,5.236893203883495,0.9514563106796117,1462.0,2.8388349514563105,38.48,-122.66,1
4.8295,44.0,6.0583941605839415,1.0462287104622872,1305.0,3.1751824817518246,33.95,-118.31,0
3.4145,35.0,5.9608728367193375,1.2310007524454476,3431.0,2.581640331075997,35.54,-117.29,0
3.9464,32.0,4.95952023988006,1.0764617691154423,1803.0,2.7031484257871066,34.13,-118.02,1
3.7833,17.0,6.0576923076923075,1.0961538461538463,877.0,2.8108974358974357,39.07,-123.21,0
1.6355,31.0,2.338957055214724,1.1196319018404908,2510.0,3.8496932515337425,34.05,-118.28,0
4.8611,39.0,5.259803921568627,1.0098039215686274,556.0,2.7254901960784315,33.92,-118.37,1
3.338,19.0,5.07981220657277,0.9624413145539906,1309.0,3.072769953051643,36.8,-121.69,1
3.1071,40.0,3.951923076923077,1.1322115384615385,780.0,1.875,33.71,-118.29,1
10.1007,30.0,7.843220338983051,1.0084745762711864,631.0,2.6737288135593222,37.34,-122.07,1
4.1713,23.0,6.356060606060606,1.0416666666666667,1227.0,4.6477272727272725,33.26,-117.3,0
2.4375,15.0,5.128440366972477,1.0581039755351682,858.0,2.623853211009174,40.15,-122.25,0
2.6806,52.0,4.806282722513089,1.057591623036649,3062.0,4.007853403141361,34.08,-118.21,0
7.6016,9.0,7.389408099688474,0.9719626168224299,1039.0,3.236760124610592,34.17,-118.95,1
7.4574,52.0,7.434163701067615,1.099644128113879,883.0,3.1423487544483986,34.06,-118.34,1
8.2953,11.0,7.471590909090909,0.9289772727272727,1256.0,3.5681818181818183,33.66,-117.69,1
3.0651,24.0,5.468386023294509,1.0274542429284526,2904.0,2.415973377703827,34.07,-117.17,0
3.2614,27.0,5.947103274559194,1.1309823677581865,1782.0,4.488664987405541,36.99,-121.54,1
3.8803,6.0,5.762492981471084,1.046603032004492,6163.0,3.4604154969118475,34.58,-117.78,0
5.2798,14.0,6.355184743742551,1.0536352800953517,2093.0,2.494636471990465,37.96,-121.92,1
3.5096,33.0,4.921259842519685,0.952755905511811,970.0,2.545931758530184,37.74,-121.44,0
2.5445,24.0,3.467696629213483,1.026685393258427,3818.0,5.362359550561798,34.06,-118.03,0
4.4107,26.0,6.4275037369207775,1.1464872944693572,1557.0,2.327354260089686,33.77,-116.47,0
1.684,41.0,4.2266288951841355,0.9915014164305949,804.0,2.2776203966005664,39.14,-121.59,0
3.7262,36.0,5.01423487544484,0.9644128113879004,1002.0,3.565836298932384,37.61,-122.03,0
3.0435,40.0,5.009803921568627,1.0196078431372548,771.0,2.519607843137255,35.36,-119.04,0
1.3403,43.0,4.2,1.1128205128205129,1213.0,3.1102564102564103,34.0,-118.27,0
4.6786,16.0,5.350061199510404,1.08812729498164,2530.0,3.0966952264381886,37.59,-122.03,1
2.7457,17.0,11.183266932270916,2.1075697211155378,675.0,2.689243027888446,38.88,-119.99,0
4.0357,30.0,4.897097625329815,0.8944591029023746,1103.0,2.9102902374670183,32.73,-116.99,0
3.3125,43.0,4.166666666666667,0.9166666666666666,273.0,2.275,37.69,-122.09,0
3.6528,34.0,6.640449438202247,1.5617977528089888,327.0,3.6741573033707864,32.82,-115.32,0
3.5208,33.0,5.036585365853658,1.065040650406504,539.0,2.1910569105691056,38.59,-122.58,1
2.9643,38.0,3.7400346620450606,1.0086655112651646,1061.0,1.8388214904679376,34.09,-118.36,1
2.5122,45.0,4.75,1.06198347107438,1437.0,2.96900826446281,37.76,-122.16,0
1.2841,43.0,4.644230769230769,1.2259615384615385,857.0,4.1201923076923075,32.71,-117.14,0
2.3603,17.0,4.073743016759776,1.1564245810055866,1987.0,2.2201117318435752,34.1,-117.59,0
4.601,34.0,6.3203285420944555,0.9794661190965093,1226.0,2.517453798767967,37.51,-120.83,0
3.0833,27.0,4.714285714285714,0.9806949806949807,606.0,2.33976833976834,32.76,-117.08,0
5.2655,28.0,5.532028469750889,0.998220640569395,1891.0,3.3647686832740216,33.72,-117.98,1
2.8155,27.0,4.257352941176471,1.0275735294117647,2012.0,3.698529411764706,33.99,-118.12,0
3.4551,18.0,5.438799076212471,1.0254041570438799,1277.0,2.9491916859122402,32.71,-116.98,0
1.6528,32.0,4.544776119402985,1.2350746268656716,620.0,2.3134328358208953,40.75,-124.21,0
3.6458,37.0,5.182080924855492,1.0520231213872833,1534.0,4.433526011560693,37.63,-122.08,0
1.7273,29.0,6.492647058823529,1.375,326.0,2.3970588235294117,38.96,-122.64,0
6.828,36.0,6.109375,1.015625,348.0,2.71875,37.38,-122.08,1
2.8684,20.0,6.766101694915254,1.7457627118644068,659.0,2.233898305084746,33.41,-116.01,0
5.2563,17.0,10.321167883211679,1.8467153284671534,673.0,2.4562043795620436,34.24,-117.13,0
4.8693,23.0,6.448863636363637,1.0954545454545455,2197.0,2.496590909090909,36.99,-121.91,1
4.7466,19.0,5.765661252900232,1.013921113689095,1286.0,2.9837587006960558,33.82,-118.02,1
2.4741,34.0,5.611111111111111,1.1568627450980393,848.0,2.7712418300653594,38.53,-121.45,0
3.4375,28.0,4.8584905660377355,1.1666666666666667,1334.0,4.19496855345912,34.29,-118.89,1
3.3452,23.0,5.573359073359073,1.0424710424710424,1508.0,2.911196911196911,34.26,-119.21,1
1.8771,34.0,2.5783505154639177,1.079381443298969,3326.0,3.428865979381443,34.08,-118.3,1
3.8936,13.0,4.12807881773399,1.1600985221674878,710.0,1.748768472906404,37.26,-121.88,1
2.5966,32.0,3.6710526315789473,0.9917763157894737,2361.0,3.883223684210526,33.96,-118.22,0
2.5,22.0,3.7587354409317806,1.054908485856905,1213.0,2.0183028286189684,32.8,-117.16,0
1.4913,32.0,4.901785714285714,1.0089285714285714,726.0,3.2410714285714284,36.83,-119.69,0
4.5841,4.0,7.006453099792579,1.1424291311362065,13251.0,3.053929476837981,33.52,-117.12,1
7.2893,32.0,6.009779951100245,0.8777506112469438,967.0,2.3643031784841075,33.88,-117.93,1
4.0217,9.0,5.804577464788732,1.0,1749.0,3.079225352112676,36.09,-119.05,0
3.3107,26.0,5.0552147239263805,1.052760736196319,2918.0,3.5803680981595094,33.74,-116.22,0
3.0306,19.0,4.061166429587482,1.0120910384068278,4163.0,2.960881934566145,33.15,-117.34,0
2.1538,44.0,4.368852459016393,1.0368852459016393,825.0,3.3811475409836067,37.73,-122.19,0
5.4858,5.0,5.204488778054863,1.0149625935162094,840.0,2.0947630922693268,37.68,-122.18,1
5.1345,27.0,5.5,0.9741784037558685,1537.0,3.607981220657277,33.75,-117.98,1
4.1016,4.0,4.709327548806941,1.295010845986985,928.0,2.013015184381779,37.99,-121.89,0
4.6458,9.0,5.21479374110953,1.0113798008534851,2341.0,3.330014224751067,37.61,-121.99,1
1.7798,30.0,5.428057553956834,1.1079136690647482,967.0,3.4784172661870505,37.94,-121.25,0
10.675,28.0,7.96875,0.9854166666666667,1415.0,2.9479166666666665,37.27,-122.01,1
8.3637,22.0,8.938028169014084,1.047887323943662,1181.0,3.3267605633802817,33.82,-117.82,1
2.7685,29.0,3.658252427184466,1.1757281553398058,2320.0,2.2524271844660193,34.14,-118.27,1
1.4619,32.0,4.004444444444444,1.0118518518518518,2682.0,3.973333333333333,35.6,-119.33,0
6.9794,15.0,8.593607305936073,1.0639269406392695,704.0,3.2146118721461185,32.95,-117.26,1
4.0,31.0,4.990521327014218,1.0900473933649288,686.0,3.251184834123223,33.95,-118.15,1
1.4766,36.0,4.164383561643835,0.9863013698630136,842.0,3.8447488584474887,36.76,-119.74,0
2.183,16.0,6.300675675675675,1.3969594594594594,1346.0,2.2736486486486487,33.49,-116.6,0
4.9984,12.0,6.18805765271105,1.0199039121482498,4285.0,2.940974605353466,33.95,-117.51,0
3.7175,17.0,6.606914212548015,1.089628681177977,2344.0,3.001280409731114,33.73,-116.94,0
4.9236,5.0,5.682619647355164,1.057934508816121,1246.0,3.138539042821159,37.73,-121.06,0
4.3214,28.0,6.4146868250539955,1.0172786177105833,1379.0,2.978401727861771,38.7,-121.2,0
2.0385,25.0,5.021875,1.065625,2319.0,3.6234375,37.65,-120.76,0
3.6667,47.0,4.3399602385685885,1.0139165009940359,1445.0,2.8727634194831015,34.11,-118.26,1
1.2222,32.0,4.4013050570962475,1.0440456769983686,1953.0,3.1859706362153344,33.92,-118.23,0
4.645,22.0,5.712585034013605,1.0935374149659864,1227.0,2.086734693877551,34.13,-118.04,1
3.735,23.0,4.88622754491018,1.091317365269461,1475.0,2.2080838323353293,34.13,-118.05,1
7.333,23.0,7.811188811188811,0.9440559440559441,854.0,2.986013986013986,37.68,-121.88,1
4.9286,43.0,5.980487804878049,1.1902439024390243,491.0,2.395121951219512,38.1,-122.49,1
1.6607,37.0,4.031578947368421,0.9947368421052631,639.0,3.363157894736842,36.08,-119.56,0
4.1836,36.0,5.574175824175824,0.9642857142857143,1327.0,3.6456043956043955,34.12,-117.88,0
5.2742,23.0,6.254054054054054,0.918918918918919,2002.0,3.6072072072072072,34.23,-119.06,1
3.2415,32.0,5.230235783633842,1.027739251040222,1786.0,2.4771151178918167,38.44,-122.67,0
3.2917,52.0,5.564245810055866,0.9636871508379888,948.0,2.64804469273743,33.96,-117.39,0
8.7124,15.0,8.042735042735043,1.0897435897435896,1448.0,3.094017094017094,33.84,-117.76,1
4.9779,23.0,4.858012170385395,1.0101419878296145,1309.0,2.6551724137931036,33.9,-118.34,1
2.4554,30.0,4.594520547945206,0.9808219178082191,1159.0,3.175342465753425,36.2,-119.08,0
4.2391,5.0,5.123809523809523,0.9333333333333333,8733.0,83.17142857142858,34.47,-118.59,0
4.3452,49.0,5.642307692307693,0.9961538461538462,688.0,2.646153846153846,34.15,-118.09,1
2.2866,19.0,4.143884892086331,1.0287769784172662,2010.0,3.615107913669065,32.7,-117.03,0
4.108,36.0,5.405144694533762,1.0578778135048232,964.0,3.09967845659164,33.95,-118.02,1
3.8068,34.0,4.630996309963099,0.9870848708487084,1516.0,2.7970479704797047,34.22,-118.25,1
2.9375,39.0,5.165254237288136,1.0233050847457628,1103.0,2.336864406779661,38.56,-121.53,0
8.4882,27.0,6.945945945945946,0.972972972972973,315.0,2.8378378378378377,38.75,-121.16,1
4.0668,14.0,4.7193460490463215,0.9305177111716622,2139.0,2.9141689373297,32.67,-117.04,0
2.5083,41.0,4.268965517241379,0.9517241379310345,636.0,4.386206896551724,33.93,-118.21,0
5.2081,27.0,5.806779661016949,0.9559322033898305,761.0,2.5796610169491525,38.66,-121.31,0
4.8611,16.0,4.87603305785124,1.0743801652892562,178.0,1.4710743801652892,33.61,-117.73,1
2.2599,20.0,4.367307692307692,1.1576923076923078,992.0,1.9076923076923078,32.75,-117.13,0
2.75,50.0,3.8984375,0.9921875,287.0,2.2421875,37.86,-122.3,0
2.2643,52.0,2.2651757188498403,1.0511182108626198,388.0,1.2396166134185302,33.97,-118.5,1
3.275,32.0,5.5767790262172285,1.146067415730337,774.0,2.898876404494382,34.58,-118.1,0
2.4135,27.0,2.258771929824561,0.881578947368421,397.0,1.7412280701754386,34.02,-118.4,1
3.5735,25.0,5.448753462603878,1.002770083102493,1035.0,2.8670360110803323,38.05,-121.25,0
3.9934,18.0,4.857142857142857,0.8095238095238095,55.0,2.619047619047619,34.08,-118.68,1
6.1228,17.0,6.665079365079365,0.9984126984126984,2020.0,3.2063492063492065,37.55,-122.28,1
3.8864,36.0,5.438405797101449,1.039855072463768,703.0,2.5471014492753623,37.69,-122.15,1
2.3542,40.0,3.8504273504273505,1.0598290598290598,2096.0,4.478632478632479,33.9,-118.22,0
3.5,31.0,5.173400673400673,1.0387205387205387,2640.0,4.444444444444445,34.09,-117.98,0
3.4844,23.0,13.258823529411766,2.6470588235294117,215.0,2.5294117647058822,40.23,-121.06,0
3.7368,37.0,5.281914893617022,0.9875886524822695,1285.0,2.278368794326241,32.76,-117.04,0
5.5124,34.0,3.9156626506024095,0.7228915662650602,433.0,5.216867469879518,34.26,-118.44,0
4.5375,34.0,5.381944444444445,0.96875,1011.0,3.5104166666666665,34.23,-118.42,1
4.1488,37.0,5.616901408450704,0.9774647887323944,782.0,2.202816901408451,38.61,-121.4,0
5.6017,29.0,4.263803680981595,1.0899795501022496,919.0,1.8793456032719837,33.85,-118.4,1
1.6579,32.0,5.4491525423728815,1.1483050847457628,694.0,2.940677966101695,40.45,-122.3,0
2.3355,18.0,5.711722488038277,1.0598086124401913,1868.0,2.2344497607655502,33.97,-117.01,0
5.0362,19.0,4.491735537190083,1.0,1645.0,3.3987603305785123,37.44,-121.91,1
2.2083,23.0,7.781456953642384,3.0993377483443707,355.0,2.3509933774834435,34.21,-116.22,0
5.4287,9.0,6.452261306532663,1.0577889447236182,1149.0,2.886934673366834,35.27,-120.71,1
3.2202,24.0,4.4,1.0775193798449612,2151.0,3.3348837209302324,34.11,-117.92,0
1.2656,19.0,3.791907514450867,1.1560693641618498,248.0,1.4335260115606936,36.6,-121.89,1
3.7375,14.0,4.898128898128898,0.9106029106029107,1378.0,2.864864864864865,38.03,-121.36,0
2.575,34.0,5.493265993265993,1.0168350168350169,1290.0,2.1717171717171717,39.74,-121.83,0
8.1039,32.0,6.716374269005848,1.0146198830409356,871.0,2.546783625730994,37.52,-122.3,1
4.5987,37.0,3.5901840490797547,1.0723926380368098,1363.0,1.6723926380368097,37.45,-122.16,1
5.2149,13.0,6.261261261261262,0.9669669669669669,1077.0,3.234234234234234,40.52,-122.46,0
2.234,19.0,5.988352745424293,1.156405990016639,1572.0,2.615640599001664,41.86,-122.33,0
1.4042,46.0,4.4015748031496065,1.1811023622047243,786.0,3.094488188976378,33.98,-118.29,0
5.6431,52.0,5.8173515981735155,1.0730593607305936,558.0,2.547945205479452,37.85,-122.25,1
4.1445,11.0,4.399096385542169,1.0316265060240963,1512.0,2.2771084337349397,34.19,-118.36,0
2.3496,17.0,4.5513918629550325,0.9625267665952891,3265.0,3.4957173447537473,39.12,-121.54,0
7.8711,34.0,7.923287671232877,1.1315068493150684,903.0,2.473972602739726,37.25,-122.03,1
3.7708,52.0,4.611320754716981,0.9962264150943396,630.0,2.3773584905660377,37.78,-122.27,1
3.6429,52.0,5.157894736842105,1.0,1208.0,3.0275689223057642,37.74,-122.41,1
3.9041,36.0,5.098039215686274,1.0130718954248366,1441.0,2.354575163398693,34.18,-118.29,1
4.7188,29.0,6.511278195488722,1.037593984962406,341.0,2.56390977443609,37.95,-122.04,1
4.0993,5.0,5.4324324324324325,0.9896049896049897,1490.0,3.0977130977130978,36.79,-119.69,0
5.0679,30.0,6.18849840255591,0.9424920127795527,695.0,2.220447284345048,34.27,-119.22,1
1.8299,9.0,3.7304747320061256,1.1026033690658499,1780.0,2.7258805513016844,32.72,-117.13,0
2.8493,36.0,5.853018372703412,1.094488188976378,1395.0,3.661417322834646,33.89,-118.26,0
2.0308,6.0,4.827556325823224,1.1403812824956672,4048.0,3.5077989601386483,34.1,-117.45,0
7.8252,10.0,8.437611408199643,1.052584670231729,3819.0,3.4037433155080214,34.16,-117.59,1
4.0966,20.0,5.780068728522337,1.0171821305841924,706.0,2.4261168384879723,33.94,-117.37,0
3.4792,45.0,4.639846743295019,0.896551724137931,1128.0,4.32183908045977,33.89,-118.21,0
1.4556,32.0,4.356449375866852,1.1262135922330097,2589.0,3.590846047156727,33.93,-116.87,0
2.4922,21.0,3.430939226519337,0.9392265193370166,834.0,2.303867403314917,36.61,-121.92,1
2.125,44.0,4.29426433915212,1.139650872817955,2177.0,5.428927680798005,33.98,-118.27,0
3.2371,21.0,5.996078431372549,1.0588235294117647,2233.0,2.918954248366013,33.73,-116.95,0
8.1111,13.0,7.94672131147541,1.0122950819672132,928.0,3.80327868852459,33.71,-117.77,1
3.125,19.0,4.2,1.0621621621621622,1427.0,3.8567567567567567,34.07,-118.07,1
4.5625,36.0,5.636363636363637,1.032085561497326,546.0,2.9197860962566846,37.35,-121.98,1
2.2215,15.0,5.352472089314195,1.1068580542264752,1232.0,1.9649122807017543,36.83,-119.79,0
2.0,37.0,3.7296137339055795,1.0343347639484979,1040.0,4.463519313304721,33.94,-118.24,0
4.9107,19.0,5.58,1.0333333333333334,1551.0,3.4466666666666668,36.84,-121.7,1
4.3644,19.0,5.854783207157605,1.0116999311768755,3517.0,2.420509291121817,38.56,-121.39,0
2.3062,34.0,4.4148148148148145,1.1185185185185185,2073.0,3.838888888888889,34.17,-118.14,0
6.5253,26.0,7.297966401414677,1.0194518125552607,3460.0,3.0592396109637487,34.14,-117.83,1
3.9844,37.0,10.135135135135135,1.5675675675675675,120.0,3.2432432432432434,37.65,-121.03,0
2.2969,16.0,5.0,0.983739837398374,380.0,1.5447154471544715,33.64,-117.72,0
3.2171,14.0,3.2843691148775895,1.009416195856874,1494.0,2.8135593220338984,34.15,-118.27,1
8.2266,28.0,9.163865546218487,1.1932773109243697,728.0,3.0588235294117645,37.36,-122.08,1
3.3472,37.0,6.625,1.015625,266.0,4.15625,36.87,-121.77,1
8.7385,16.0,8.244623655913978,1.064516129032258,1275.0,3.4274193548387095,33.69,-117.79,1
2.8333,35.0,5.302040816326531,1.036734693877551,705.0,2.877551020408163,38.68,-121.46,0
3.9464,42.0,5.024856596558317,1.0038240917782026,1494.0,2.8565965583173996,34.11,-118.08,1
4.1513,17.0,2.567901234567901,1.0666666666666667,669.0,1.651851851851852,37.61,-122.42,0
2.0792,35.0,3.527667984189723,0.974308300395257,965.0,1.907114624505929,32.76,-117.14,0
3.5536,35.0,6.098360655737705,1.0590163934426229,1011.0,3.314754098360656,34.08,-117.92,1
12.0088,16.0,6.006711409395973,1.2147651006711409,237.0,1.5906040268456376,33.96,-118.48,1
3.9565,48.0,4.953703703703703,1.0833333333333333,1773.0,3.283333333333333,37.72,-122.44,1
2.895,49.0,3.758771929824561,0.8596491228070176,694.0,3.043859649122807,33.99,-118.31,0
4.0484,15.0,5.389915966386555,1.0873949579831932,1414.0,2.376470588235294,33.8,-117.82,0
1.4625,37.0,4.247844827586207,1.105603448275862,1673.0,3.605603448275862,33.99,-118.28,0
4.1739,36.0,5.459627329192546,0.9855072463768116,1385.0,2.867494824016563,34.09,-117.71,0
1.8929,38.0,3.6893617021276595,1.0340425531914894,950.0,4.042553191489362,33.98,-118.2,0
5.6396,19.0,5.961136023916293,1.0508221225710015,3437.0,2.5687593423019432,37.56,-122.25,1
5.7509,47.0,5.212218649517685,1.0096463022508038,724.0,2.327974276527331,34.05,-118.39,1
4.7,36.0,6.0201005025125625,1.0577889447236182,1064.0,2.6733668341708543,34.21,-118.51,1
3.1989,31.0,4.376310272536688,1.0524109014675052,3310.0,3.469601677148847,34.15,-119.19,1
3.9355,41.0,4.296551724137931,0.9816091954022989,1334.0,3.066666666666667,33.91,-118.37,1
5.6784,26.0,6.2838283828382835,0.9636963696369637,945.0,3.118811881188119,33.83,-117.85,1
2.9191,19.0,4.457386363636363,0.9971590909090909,1035.0,2.940340909090909,33.19,-117.24,0
4.99,50.0,5.929701230228471,1.0509666080843585,1484.0,2.6080843585237257,34.17,-118.11,1
5.3254,32.0,5.786259541984733,1.0330788804071247,982.0,2.4987277353689565,34.29,-119.27,1
2.7325,25.0,4.93687374749499,1.0070140280561122,2756.0,2.7615230460921842,38.31,-122.29,0
6.3267,36.0,5.246628131021194,1.0539499036608864,1090.0,2.1001926782273603,33.96,-118.45,1
2.5833,19.0,4.309153713298791,1.0967184801381693,1571.0,2.7132987910189983,37.7,-122.12,0
1.6483,39.0,4.390781563126253,0.9879759519038076,1307.0,2.6192384769539077,40.18,-122.24,0
4.5962,19.0,7.12280701754386,0.9692982456140351,782.0,3.4298245614035086,33.71,-117.96,1
3.6682,33.0,4.60932944606414,1.0524781341107872,1553.0,2.2638483965014577,37.34,-121.97,1
5.3849,30.0,4.80718085106383,1.0106382978723405,2813.0,3.7406914893617023,33.82,-118.28,1
4.9286,13.0,6.5285714285714285,1.1311688311688313,1912.0,2.483116883116883,38.12,-122.58,1
4.6806,18.0,4.633802816901408,1.0140845070422535,209.0,2.943661971830986,33.86,-117.85,1
5.9254,23.0,6.38872970391595,1.0735434574976122,3081.0,2.9426934097421205,34.06,-117.88,1
4.5556,17.0,8.79058327477161,1.7287420941672522,2737.0,1.9234012649332397,33.71,-116.38,1
6.5635,10.0,6.982708933717579,1.0259365994236311,1213.0,3.4956772334293946,33.9,-117.96,1
4.2589,8.0,5.145714285714286,1.0857142857142856,684.0,1.9542857142857142,37.99,-121.36,0
2.875,17.0,5.48661800486618,1.0121654501216546,1171.0,2.849148418491484,40.53,-122.27,0
3.2857,37.0,4.712962962962963,1.021604938271605,1504.0,4.6419753086419755,34.12,-117.99,0
3.0917,48.0,4.939102564102564,1.0064102564102564,819.0,2.625,33.97,-118.31,0
1.0208,29.0,4.9543726235741445,1.1711026615969582,861.0,3.273764258555133,38.55,-121.47,0
2.9844,36.0,3.5828571428571427,1.0114285714285713,834.0,4.765714285714286,33.98,-118.17,0
10.7355,37.0,7.610526315789474,0.9526315789473684,549.0,2.889473684210526,37.37,-122.12,1
3.3531,12.0,8.551136363636363,1.7215909090909092,1554.0,2.9431818181818183,38.83,-122.74,0
2.2234,19.0,2.752393980848153,1.0013679890560876,3483.0,4.764705882352941,34.2,-118.39,1
2.5459,22.0,3.512236286919831,1.0075949367088608,1804.0,1.5223628691983122,37.94,-122.05,0
2.975,43.0,4.111111111111111,1.0541310541310542,2086.0,1.9810066476733144,37.77,-122.25,1
15.0001,47.0,8.592307692307692,1.0615384615384615,749.0,2.8807692307692307,34.13,-118.1,1
2.3333,32.0,5.816976127320955,1.1405835543766578,1074.0,2.848806366047745,34.65,-120.47,0
5.6094,24.0,6.290140845070423,0.9774647887323944,1162.0,3.2732394366197184,33.85,-118.04,1
1.7824,26.0,4.154373927958834,1.0840480274442539,2601.0,4.461406518010292,33.91,-118.21,0
5.7837,23.0,6.607940446650124,1.066997518610422,1499.0,3.7196029776674937,33.79,-118.01,1
2.1838,27.0,9.05511811023622,2.0,526.0,2.0708661417322833,38.98,-122.68,0
4.4228,23.0,4.514239218877136,1.013018714401953,2847.0,2.3165174938974777,33.99,-118.42,1
1.5909,24.0,7.329787234042553,1.446808510638298,532.0,2.8297872340425534,33.09,-116.66,1
2.2071,35.0,5.1940298507462686,0.9936034115138592,1730.0,3.6886993603411513,37.41,-120.79,0
2.625,27.0,5.378787878787879,1.0808080808080809,508.0,2.5656565656565657,39.82,-122.11,0
2.6364,22.0,3.5874125874125875,0.993006993006993,1254.0,2.1923076923076925,34.18,-118.43,1
6.1159,52.0,6.855614973262032,1.0106951871657754,431.0,2.304812834224599,34.14,-118.08,1
1.8981,31.0,3.3230641132389676,1.0915903413821815,2305.0,1.9192339716902582,37.81,-122.41,1
3.2312,38.0,4.5762081784386615,1.0278810408921932,1843.0,3.425650557620818,34.08,-118.07,1
2.935,52.0,4.474820143884892,1.1270983213429258,1211.0,2.904076738609113,34.09,-118.25,1
2.3203,21.0,4.439446366782007,0.9619377162629758,684.0,2.366782006920415,32.83,-116.93,0
2.2981,46.0,4.5846867749419955,1.088167053364269,1409.0,3.269141531322506,34.02,-118.31,0
3.375,30.0,3.9923273657289005,0.9744245524296675,1104.0,2.823529411764706,33.83,-117.93,1
2.3571,36.0,5.069026548672566,1.0672566371681416,1155.0,2.0442477876106193,37.99,-120.38,0
3.3438,37.0,4.6300366300366305,1.0036630036630036,783.0,2.868131868131868,33.75,-117.98,1
5.5779,16.0,5.938223938223938,1.0038610038610039,835.0,3.223938223938224,33.65,-117.65,1
3.0,13.0,6.317596566523605,1.1974248927038627,1091.0,2.3412017167381975,38.45,-120.59,0
5.2285,24.0,5.932710280373832,0.9457943925233645,1466.0,2.7401869158878505,36.66,-121.64,1
4.3375,31.0,6.240121580547113,1.0212765957446808,867.0,2.635258358662614,37.7,-122.09,1
5.5545,16.0,6.2075,1.1075,1357.0,3.3925,33.57,-117.66,1
2.8072,23.0,4.1120401337792645,1.1521739130434783,2720.0,4.548494983277592,33.83,-117.9,0
3.7452,26.0,5.11395101171459,1.0117145899893503,2199.0,2.34185303514377,38.55,-121.75,1
5.3794,52.0,6.861016949152543,1.123728813559322,1316.0,2.230508474576271,37.86,-122.25,1
3.1742,20.0,4.228710462287105,1.2384428223844282,1403.0,3.413625304136253,33.71,-117.88,1
4.1974,14.0,6.058035714285714,1.1026785714285714,695.0,3.1026785714285716,38.33,-121.1,0
2.6528,9.0,5.116814159292035,1.047787610619469,3026.0,2.6778761061946903,35.59,-120.63,0
4.5083,34.0,5.233009708737864,0.9951456310679612,575.0,2.79126213592233,33.85,-118.0,1
1.875,33.0,3.5851063829787235,1.1063829787234043,565.0,3.00531914893617,33.12,-117.08,0
2.6442,34.0,3.1272727272727274,0.6909090909090909,149.0,2.709090909090909,38.61,-121.44,0
3.8464,17.0,3.699692307692308,1.0689230769230769,3539.0,2.1778461538461538,37.36,-122.0,1
2.9875,19.0,6.5088062622309195,1.0978473581213308,1544.0,3.0215264187866926,38.14,-121.05,0
6.1461,26.0,7.847633136094674,1.03698224852071,1818.0,2.6893491124260356,34.03,-117.15,1
6.311,25.0,6.657575757575757,0.9696969696969697,934.0,2.83030303030303,34.3,-119.19,1
7.2211,23.0,7.557077625570776,1.0182648401826484,706.0,3.223744292237443,37.68,-121.92,1
2.1776,46.0,3.97737556561086,1.1447963800904977,1010.0,4.570135746606335,34.01,-118.26,0
4.2586,26.0,5.750696378830083,0.9944289693593314,1820.0,2.534818941504178,32.82,-116.93,0
0.9782,41.0,3.953995157384988,1.0484261501210654,885.0,2.142857142857143,37.98,-121.26,0
2.0708,28.0,6.3710407239819,1.411764705882353,522.0,2.3619909502262444,38.92,-119.98,0
5.5429,16.0,6.214421252371917,1.0037950664136623,1863.0,3.5351043643263758,37.38,-121.87,1
3.7687,27.0,5.405405405405405,0.9797297297297297,1085.0,2.4436936936936937,38.13,-121.19,0
3.3472,42.0,3.452513966480447,0.9106145251396648,680.0,3.798882681564246,33.94,-118.2,0
3.0395,35.0,3.797909407665505,1.043554006968641,1483.0,2.583623693379791,34.19,-118.4,1
3.8355,38.0,5.112994350282486,1.0480225988700564,1257.0,3.5508474576271185,34.08,-117.63,0
6.0672,26.0,5.172506738544475,1.091644204851752,953.0,2.568733153638814,33.99,-118.45,1
4.125,52.0,5.036144578313253,1.0542168674698795,747.0,4.5,33.95,-118.37,0
3.5735,16.0,5.080419580419581,1.0454545454545454,904.0,3.160839160839161,39.79,-121.97,0
0.8941,33.0,4.964285714285714,1.2678571428571428,266.0,4.75,34.06,-118.18,0
6.7613,29.0,6.277027027027027,1.0698198198198199,1182.0,2.6621621621621623,33.86,-118.38,1
2.364,21.0,4.817097415506958,1.1133200795228628,1098.0,2.182902584493042,38.29,-122.46,0
2.9423,42.0,2.6801075268817205,1.0053763440860215,982.0,2.639784946236559,34.08,-118.28,1
4.375,16.0,4.908564814814815,1.0324074074074074,1771.0,2.0497685185185186,32.82,-117.11,0
5.7239,26.0,6.401433691756273,1.096774193548387,771.0,2.763440860215054,37.61,-121.62,1
3.1103,20.0,6.618497109826589,1.1445086705202312,431.0,2.491329479768786,37.32,-121.95,1
2.3147,18.0,4.626865671641791,1.0298507462686568,941.0,2.808955223880597,40.94,-124.08,0
4.2721,18.0,5.795148247978437,1.0467205750224617,3716.0,3.338724168912848,33.87,-117.6,0
2.2179,33.0,5.120689655172414,1.028735632183908,2603.0,3.7399425287356323,37.36,-120.58,0
2.7014,33.0,4.076576576576577,0.9234234234234234,989.0,4.454954954954955,32.6,-117.06,0
5.0631,15.0,4.310344827586207,0.9741379310344828,261.0,2.25,33.69,-117.77,0
11.8603,39.0,7.911111111111111,0.9841269841269841,808.0,2.5650793650793653,37.82,-122.22,1
4.8264,6.0,5.489285714285714,1.2392857142857143,506.0,1.8071428571428572,33.9,-117.98,0
3.4911,26.0,5.915119363395226,1.0875331564986737,1155.0,3.0636604774535807,38.7,-121.37,0
2.7694,32.0,4.473007712082262,1.025706940874036,1563.0,4.017994858611825,36.76,-121.75,0
2.9911,23.0,5.434108527131783,1.062015503875969,1019.0,2.6330749354005167,40.81,-124.07,0
2.7311,32.0,3.9369202226345084,1.0964749536178107,1929.0,3.5788497217068644,34.0,-118.1,0
4.2132,2.0,6.200305810397554,1.1238532110091743,1730.0,2.6452599388379205,36.83,-119.88,0
2.375,52.0,3.41,1.15,804.0,2.01,34.43,-119.7,1
3.2405,16.0,6.11377245508982,1.215568862275449,2033.0,3.0434131736526946,35.12,-118.46,0
3.8203,11.0,6.113695090439276,1.028423772609819,1046.0,2.702842377260982,38.02,-120.31,0
1.9872,48.0,3.7896995708154506,1.0665236051502145,1908.0,4.094420600858369,33.78,-118.2,0
1.425,17.0,4.716049382716049,1.0617283950617284,272.0,3.3580246913580245,33.83,-117.92,1
1.7159,49.0,4.491735537190083,0.993801652892562,1861.0,3.8450413223140494,33.99,-118.28,0
3.8571,36.0,5.446043165467626,0.9280575539568345,665.0,2.3920863309352516,32.79,-117.19,1
3.1058,32.0,3.936333699231614,1.0109769484083424,2249.0,2.468715697036224,37.62,-122.4,1
3.8158,24.0,5.006476683937824,1.038860103626943,2670.0,3.4585492227979273,33.75,-117.98,1
5.136,15.0,9.466666666666667,1.3777777777777778,133.0,2.9555555555555557,33.52,-117.55,1
3.5083,43.0,5.084558823529412,1.0110294117647058,853.0,3.136029411764706,37.74,-122.15,0
3.5156,31.0,6.019950124688279,1.0673316708229426,1005.0,2.506234413965087,40.85,-124.05,0
2.7639,9.0,8.758620689655173,1.7241379310344827,66.0,2.2758620689655173,39.04,-122.69,0
3.724,38.0,4.480286738351254,0.8458781362007168,631.0,2.261648745519713,37.92,-122.31,1
2.6,52.0,5.270142180094787,1.0355450236966826,1006.0,2.3838862559241707,37.84,-122.27,0
4.7875,7.0,7.365044247787611,1.1150442477876106,1462.0,3.234513274336283,34.66,-120.45,1
2.5743,15.0,5.64935064935065,1.0357142857142858,1332.0,4.324675324675325,36.35,-119.29,0
2.5417,41.0,3.632850241545894,0.9710144927536232,482.0,2.3285024154589373,34.01,-118.47,1
2.8021,33.0,4.794561933534744,1.1299093655589123,1159.0,3.501510574018127,33.84,-117.89,1
7.7197,26.0,5.714285714285714,1.1428571428571428,52.0,7.428571428571429,37.42,-121.89,1
4.3125,34.0,4.996710526315789,0.9901315789473685,758.0,2.4934210526315788,33.94,-117.99,1
6.3624,30.0,5.615384615384615,0.7307692307692307,126.0,2.423076923076923,37.81,-122.18,1
6.2742,20.0,7.055813953488372,1.0488372093023255,1669.0,3.8813953488372093,37.32,-121.79,1
4.0526,36.0,5.639506172839506,1.0962962962962963,1425.0,3.5185185185185186,33.95,-117.43,0
2.6942,13.0,11.490861618798956,2.164490861618799,924.0,2.412532637075718,38.23,-120.37,0
1.9487,25.0,4.670676691729323,1.0751879699248121,1262.0,1.8977443609022557,38.34,-122.44,1
6.8112,25.0,7.076693227091633,1.0079681274900398,2519.0,2.508964143426295,33.98,-118.38,1
4.1083,41.0,4.244565217391305,1.0244565217391304,874.0,2.375,34.0,-118.44,1
1.69,18.0,4.423529411764706,1.1458823529411766,994.0,2.3388235294117647,34.14,-116.32,0
0.4999,28.0,7.67741935483871,1.8709677419354838,142.0,4.580645161290323,34.15,-118.08,1
6.213,50.0,6.866666666666666,1.0444444444444445,121.0,2.688888888888889,34.21,-118.23,1
3.9545,26.0,5.877729257641922,1.027656477438137,2065.0,3.005822416302766,32.75,-117.01,0
2.625,23.0,4.728888888888889,0.9822222222222222,1047.0,2.3266666666666667,36.8,-119.72,0
5.4349,33.0,6.294444444444444,1.0138888888888888,952.0,2.6444444444444444,32.98,-115.55,0
1.6607,30.0,4.043010752688172,1.043010752688172,733.0,3.9408602150537635,32.79,-115.54,0
3.2841,24.0,5.137176938369781,1.0337972166998013,1869.0,3.7157057654075545,34.13,-118.0,0
2.7955,31.0,5.070063694267516,1.1401273885350318,1561.0,2.4856687898089174,37.68,-122.14,1
3.168,17.0,4.165820642978003,1.0549915397631133,3080.0,2.6057529610829104,37.55,-121.97,1
0.8658,52.0,3.7265625,0.9609375,943.0,3.68359375,34.12,-117.27,0
5.9541,19.0,5.784386617100372,1.0269516728624535,3152.0,2.929368029739777,33.8,-118.35,1
2.7045,15.0,4.616438356164384,1.2511415525114156,899.0,4.105022831050229,33.98,-118.22,1
3.7917,35.0,5.856209150326797,1.0359477124183007,1441.0,4.709150326797386,34.05,-117.99,0
1.825,52.0,4.863636363636363,1.05,925.0,4.204545454545454,34.05,-118.18,0
2.1691,31.0,5.322115384615385,1.0384615384615385,1326.0,3.1875,36.68,-119.8,0
6.2609,8.0,7.468879668049793,1.020746887966805,1421.0,2.9481327800829877,32.77,-116.9,1
4.1379,3.0,4.458029197080292,1.1624087591240877,1033.0,1.885036496350365,33.56,-117.7,1
2.5401,32.0,4.829268292682927,0.96987087517934,1916.0,2.7489239598278337,38.13,-121.28,0
3.071,10.0,6.6875,1.1206896551724137,1283.0,2.7650862068965516,34.53,-117.26,0
5.8691,21.0,6.232142857142857,1.1428571428571428,149.0,2.6607142857142856,37.28,-122.12,1
2.0057,17.0,5.100806451612903,1.060483870967742,1024.0,2.064516129032258,37.97,-120.33,0
2.8868,37.0,4.784397163120567,1.1560283687943262,2909.0,4.126241134751773,37.47,-122.14,0
2.567,18.0,5.022556390977444,1.0018796992481203,1151.0,2.1635338345864663,39.79,-121.6,0
4.0985,43.0,5.226872246696035,1.0594713656387664,1247.0,2.746696035242291,37.75,-122.5,1
3.8038,22.0,4.574324324324325,1.0734797297297298,2260.0,1.9087837837837838,33.72,-118.05,0
15.0001,32.0,8.116607773851591,1.0141342756183747,814.0,2.8763250883392226,37.4,-122.22,1
3.0221,38.0,4.497584541062802,0.8743961352657005,566.0,2.7342995169082127,38.1,-122.22,0
5.2533,22.0,5.257093723129836,1.0412725709372312,2983.0,2.564918314703353,37.27,-121.96,1
3.1576,24.0,5.234177215189874,1.0042194092827004,1101.0,2.3227848101265822,34.94,-120.44,0
2.7463,18.0,5.122015915119364,1.0079575596816976,1271.0,3.3713527851458887,38.95,-121.08,0
2.8512,25.0,3.431693989071038,1.0091074681238617,1337.0,2.435336976320583,33.91,-118.35,1
4.9286,39.0,4.898360655737705,0.9918032786885246,1466.0,2.40327868852459,33.93,-118.42,1
4.4,52.0,6.128851540616247,1.011204481792717,917.0,2.5686274509803924,37.58,-122.37,1
4.7083,34.0,5.926691729323308,1.0545112781954886,1679.0,3.156015037593985,33.76,-117.86,1
5.6582,34.0,6.092250922509225,1.007380073800738,650.0,2.3985239852398523,32.95,-117.26,1
2.7321,18.0,5.20258064516129,1.0296774193548388,1948.0,2.5135483870967743,40.9,-124.1,0
2.621,28.0,4.790152403282533,1.0211019929660023,1973.0,2.313012895662368,34.1,-117.76,1
4.0474,34.0,5.508403361344538,0.9810924369747899,1233.0,2.5903361344537816,34.16,-118.43,1
1.4766,23.0,4.143947655398037,1.0937840785169028,3786.0,4.128680479825518,36.76,-119.76,0
6.6238,17.0,6.238993710691824,0.949685534591195,316.0,1.9874213836477987,38.61,-121.31,1
4.2875,17.0,5.235514018691589,1.2130841121495326,1473.0,2.7532710280373833,33.72,-117.99,0
3.4,44.0,4.688235294117647,1.1441176470588235,832.0,2.447058823529412,34.18,-118.32,1
2.0333,12.0,5.180952380952381,1.2,1303.0,4.136507936507937,36.2,-119.34,0
2.395,25.0,4.798722044728435,1.1469648562300319,891.0,1.4233226837060702,33.61,-117.71,0
6.0876,40.0,5.504201680672269,0.9915966386554622,666.0,1.865546218487395,34.14,-118.38,1
2.825,41.0,4.185185185185185,1.0555555555555556,1159.0,3.066137566137566,34.22,-118.44,0
6.8099,15.0,6.221590909090909,0.8977272727272727,361.0,2.0511363636363638,33.03,-117.07,1
3.4184,20.0,4.721481481481481,1.045925925925926,3690.0,2.7333333333333334,34.03,-117.69,0
5.2333,34.0,4.868020304568528,1.16751269035533,384.0,1.9492385786802031,33.6,-117.96,1
1.7813,29.0,4.648578811369509,0.9198966408268734,1278.0,3.302325581395349,36.43,-119.69,0
4.3807,23.0,4.922137404580153,0.9954198473282443,2183.0,3.332824427480916,37.41,-121.88,1
2.46,14.0,6.205574912891986,1.2055749128919862,734.0,2.557491289198606,39.56,-120.23,0
5.0629,23.0,5.7381174277726,1.0521901211556384,2817.0,2.625349487418453,33.84,-117.84,1
1.9667,44.0,4.866197183098592,1.091549295774648,613.0,4.316901408450704,34.04,-118.17,0
6.2971,13.0,6.25,1.0069444444444444,1799.0,3.123263888888889,34.42,-118.43,1
3.6354,17.0,5.457380457380458,1.0644490644490645,1487.0,3.0914760914760913,36.84,-121.38,1
3.4703,5.0,5.649149922720247,1.0757341576506956,2316.0,3.579598145285935,37.61,-121.01,0
3.1848,43.0,4.946428571428571,0.9005102040816326,968.0,2.4693877551020407,38.11,-122.22,0
3.5719,19.0,4.387329591018444,1.078588612670409,2828.0,2.267842822774659,33.73,-117.81,1
1.7656,42.0,4.144702842377261,1.0310077519379846,1581.0,4.0852713178294575,33.96,-118.28,0
4.5357,27.0,5.162079510703364,1.0122324159021407,811.0,2.4801223241590216,33.88,-118.37,1
2.355,42.0,4.620352250489237,1.0019569471624266,1684.0,3.295499021526419,37.31,-120.48,0
4.2596,36.0,5.368715083798882,0.9664804469273743,625.0,3.4916201117318435,33.91,-118.31,1
2.8892,42.0,4.681578947368421,1.1342105263157896,1507.0,3.9657894736842105,33.95,-118.35,0
3.4306,35.0,4.966292134831461,1.0187265917602997,933.0,3.49438202247191,33.99,-118.1,0
3.371,42.0,4.530120481927711,0.9924698795180723,1817.0,2.73644578313253,37.72,-122.17,0
3.0875,26.0,4.725543478260869,1.0923913043478262,599.0,1.627717391304348,34.44,-119.83,1
1.3096,31.0,3.994041708043694,1.1996027805362464,3707.0,3.6812313803376364,33.96,-118.29,0
3.8889,25.0,4.534883720930233,1.372093023255814,140.0,3.255813953488372,34.25,-119.2,1
2.9141,11.0,9.855371900826446,2.731404958677686,682.0,2.8181818181818183,33.62,-116.74,1
2.9479,32.0,4.306709265175719,1.0223642172523961,2330.0,3.7220447284345046,33.82,-117.91,1
1.4224,33.0,1.819277108433735,1.0,380.0,4.578313253012048,33.98,-118.19,1
2.246,6.0,2.647787610619469,1.056637168141593,3800.0,3.3628318584070795,33.76,-117.87,1
4.569,40.0,6.064171122994653,0.983957219251337,452.0,2.4171122994652405,34.16,-118.43,1
4.5833,36.0,5.627450980392157,1.0374331550802138,1842.0,3.283422459893048,33.77,-117.93,1
3.434,17.0,5.352941176470588,1.0485590209238058,6990.0,2.759573628108962,32.78,-116.94,1
4.1429,52.0,5.460829493087558,1.0898617511520738,1053.0,2.4262672811059907,34.08,-118.32,1
2.4196,46.0,3.881904761904762,1.0171428571428571,1250.0,2.380952380952381,34.08,-118.32,1
4.8333,26.0,6.214432989690722,1.0185567010309278,1832.0,3.777319587628866,33.93,-117.39,0
3.495,35.0,4.956521739130435,0.9525691699604744,729.0,2.8814229249011856,34.08,-117.64,0
2.0337,11.0,4.210280373831775,1.02803738317757,630.0,1.47196261682243,32.8,-117.04,0
1.4079,30.0,4.47119341563786,1.1522633744855968,1509.0,3.1049382716049383,34.11,-117.25,0
3.3173,18.0,5.645372645372645,1.1236691236691236,2837.0,2.3235053235053234,34.65,-118.29,1
6.6013,39.0,6.550600343053174,1.0188679245283019,1361.0,2.334476843910806,32.72,-117.24,1
3.125,19.0,5.375,1.1607142857142858,150.0,2.6785714285714284,34.12,-116.05,0
8.0784,52.0,6.882191780821918,0.9753424657534246,978.0,2.6794520547945204,33.77,-117.87,1
3.3472,19.0,5.802752293577981,1.0458715596330275,755.0,3.463302752293578,38.65,-121.95,0
2.4107,28.0,3.586206896551724,1.0229885057471264,498.0,5.724137931034483,33.99,-118.24,0
2.9821,17.0,13.473039215686274,2.588235294117647,997.0,2.4436274509803924,38.25,-120.34,0
2.6172,21.0,5.2719665271966525,1.0292887029288702,805.0,3.3682008368200838,32.8,-115.48,0
4.7734,41.0,6.572549019607843,1.031372549019608,757.0,2.9686274509803923,34.21,-118.21,1
3.6434,51.0,4.6006006006006,1.0990990990990992,669.0,2.009009009009009,34.09,-118.26,1
3.5855,35.0,4.473544973544974,0.9708994708994709,1265.0,3.3465608465608465,33.86,-117.97,0
4.8958,30.0,6.594202898550725,1.0144927536231885,220.0,3.1884057971014492,37.62,-120.87,0
2.2301,26.0,5.2527027027027025,1.0527027027027027,2512.0,3.3945945945945946,37.92,-122.33,0
4.8266,13.0,6.7466467958271235,1.0625931445603576,2170.0,3.2339791356184797,35.37,-119.12,0
7.8924,37.0,6.554666666666667,1.0666666666666667,920.0,2.453333333333333,33.9,-118.4,1
4.1806,44.0,6.470046082949309,1.055299539170507,513.0,2.3640552995391704,32.74,-117.23,1
2.2188,52.0,3.6040100250626566,1.1829573934837092,1018.0,2.5513784461152884,33.74,-118.29,1
5.3264,46.0,4.9411764705882355,1.0955882352941178,351.0,2.5808823529411766,37.51,-122.26,1
2.7212,39.0,3.9673202614379086,1.0359477124183007,1312.0,2.1437908496732025,33.77,-118.15,1
0.8639,28.0,4.289377289377289,1.0952380952380953,1193.0,4.3699633699633695,35.38,-118.98,0
2.7986,15.0,5.874113475177305,1.2039007092198581,1022.0,1.8120567375886525,33.34,-117.17,1
2.0057,42.0,4.6208425720620845,1.146341463414634,1062.0,2.354767184035477,33.96,-118.33,1
1.913,35.0,2.9674620390455533,1.054229934924078,2239.0,4.856832971800434,34.02,-118.25,0
4.6225,13.0,6.115695067264574,1.0385650224215246,2828.0,2.536322869955157,38.54,-121.7,1
7.0735,14.0,8.056485355648535,1.1171548117154813,2052.0,4.292887029288703,37.38,-121.87,1
2.6094,34.0,6.367088607594937,1.3481012658227849,443.0,2.8037974683544302,40.45,-124.03,0
3.1484,52.0,4.578034682080925,1.0770712909441233,939.0,1.8092485549132948,37.83,-122.25,1
5.8635,24.0,7.226315789473684,1.1394736842105264,1076.0,2.831578947368421,34.45,-119.79,1
2.7413,13.0,5.571741511500548,1.0744797371303396,2284.0,2.501642935377875,37.27,-119.67,0
13.6842,43.0,8.46484375,0.9921875,761.0,2.97265625,34.04,-118.52,1
3.6167,29.0,3.186147186147186,1.0043290043290043,584.0,2.5281385281385282,33.92,-118.35,1
2.4615,16.0,5.311475409836065,1.0,135.0,2.2131147540983607,37.86,-120.23,0
4.875,28.0,6.5513918629550325,1.0546038543897216,2631.0,2.8169164882226982,38.63,-121.36,0
3.5845,17.0,4.63894523326572,1.0081135902636917,1240.0,2.5152129817444218,38.44,-122.74,0
4.0469,27.0,6.542735042735043,1.1367521367521367,822.0,3.5128205128205128,39.13,-123.21,0
1.3278,32.0,4.408510638297872,1.0574468085106383,2002.0,4.259574468085106,36.76,-119.75,0
1.5174,43.0,4.609004739336493,0.9786729857819905,1492.0,3.5355450236966823,36.76,-119.77,0
3.9118,46.0,4.868525896414343,0.9402390438247012,819.0,3.262948207171315,37.96,-122.33,0
4.3672,4.0,5.81283422459893,1.2281639928698753,926.0,1.6506238859180036,33.12,-117.21,1
3.925,18.0,4.90017825311943,1.1283422459893049,1779.0,3.171122994652406,37.28,-121.84,0
2.3417,40.0,3.2385008517887566,1.1567291311754684,865.0,1.473594548551959,33.98,-118.51,1
4.6452,45.0,5.689138576779026,0.9850187265917603,681.0,2.550561797752809,33.79,-118.14,1
3.4583,52.0,4.421568627450981,0.8954248366013072,852.0,2.784313725490196,34.16,-118.11,1
2.6639,29.0,2.91125,1.04125,1953.0,2.44125,34.02,-118.46,1
3.7381,29.0,3.993924665856622,1.071688942891859,1523.0,1.850546780072904,34.03,-118.47,1
4.1344,36.0,4.115839243498818,0.9739952718676123,1245.0,2.9432624113475176,33.9,-118.32,1
2.0968,23.0,2.853881278538813,1.0806697108066972,2555.0,3.888888888888889,34.19,-118.39,0
3.8864,33.0,4.2175141242937855,0.9350282485875706,1571.0,4.437853107344632,34.04,-117.94,0
5.3307,16.0,6.005353319057816,1.019271948608137,2624.0,2.809421841541756,33.87,-117.78,0
4.0329,16.0,5.8275,1.125,1074.0,2.685,38.34,-121.97,0
1.3365,37.0,2.317773788150808,1.0556552962298025,1846.0,3.3141831238779176,37.76,-122.42,1
2.125,16.0,5.046153846153846,1.0134615384615384,1077.0,2.0711538461538463,36.28,-119.33,0
4.1742,44.0,5.171428571428572,1.026190476190476,892.0,2.123809523809524,32.78,-117.24,1
1.9631,44.0,4.425963488843814,0.9979716024340771,878.0,1.7809330628803246,34.01,-118.33,1
2.8152,27.0,6.142028985507246,1.0811594202898551,1268.0,3.6753623188405795,36.16,-119.45,0
4.8542,17.0,6.537349397590361,1.0650602409638554,1475.0,3.5542168674698793,38.0,-121.87,0
3.0122,16.0,4.7981330221703615,1.0268378063010501,2821.0,3.29171528588098,33.93,-117.46,0
2.6875,39.0,3.6332518337408315,1.1418092909535453,758.0,1.8533007334963325,34.43,-119.7,1
2.3792,19.0,5.1875,1.1822916666666667,1654.0,2.8715277777777777,36.1,-118.93,0
3.9632,50.0,5.753731343283582,1.078358208955224,654.0,2.4402985074626864,37.75,-122.23,1
5.6738,34.0,6.589812332439679,1.160857908847185,1034.0,2.772117962466488,34.17,-118.54,1
2.8942,27.0,5.229166666666667,1.0,470.0,2.4479166666666665,38.13,-121.3,0
2.619,44.0,3.30142566191446,0.9205702647657841,1354.0,2.7576374745417516,37.79,-122.2,0
1.1607,50.0,4.038461538461538,1.1076923076923078,485.0,1.8653846153846154,39.51,-121.55,0
5.779,39.0,6.309255079006772,1.0474040632054176,1183.0,2.670428893905192,37.53,-122.32,1
6.5095,25.0,6.631578947368421,0.8947368421052632,340.0,1.9883040935672514,37.72,-122.13,1
1.7857,25.0,5.019354838709678,0.8709677419354839,340.0,2.193548387096774,38.81,-121.58,1
4.1932,46.0,5.093883357041252,1.0782361308677098,1670.0,2.375533428165007,37.73,-122.44,1
6.005,30.0,6.657794676806084,1.0228136882129277,731.0,2.779467680608365,37.7,-122.09,1
2.2969,43.0,3.4050632911392404,0.9367088607594937,295.0,3.7341772151898733,33.93,-118.28,0
3.8906,46.0,5.426923076923077,1.0096153846153846,1434.0,2.7576923076923077,34.09,-118.1,1
2.2222,34.0,4.935064935064935,1.0415584415584416,1009.0,2.620779220779221,37.35,-120.61,0
3.7303,31.0,4.840175953079179,1.0439882697947214,1532.0,2.2463343108504397,33.84,-117.88,1
5.5312,27.0,5.623376623376624,0.9837662337662337,1115.0,3.6201298701298703,33.68,-117.95,1
4.4769,16.0,5.8655462184873945,1.0028011204481793,1092.0,3.0588235294117645,38.87,-121.27,1
3.25,52.0,5.421686746987952,1.1024096385542168,371.0,2.2349397590361444,37.55,-122.31,1
3.8125,19.0,4.7554945054945055,1.1538461538461537,1032.0,2.8351648351648353,33.84,-118.25,1
2.5909,31.0,4.4106529209622,1.0721649484536082,1255.0,2.156357388316151,32.76,-117.09,0
2.0972,37.0,3.781045751633987,1.0849673202614378,983.0,3.212418300653595,32.67,-117.09,0
2.3347,29.0,3.646153846153846,1.0487179487179488,1057.0,2.7102564102564104,33.82,-117.94,1
1.6505,50.0,3.8387650085763294,1.1543739279588336,2247.0,3.8542024013722127,34.01,-118.29,0
2.8,37.0,4.82051282051282,1.1666666666666667,931.0,3.9786324786324787,33.93,-117.93,0
2.2604,38.0,4.512345679012346,1.0401234567901234,1208.0,3.728395061728395,34.11,-117.32,0
2.9375,17.0,5.021396396396397,1.063063063063063,1812.0,2.0405405405405403,38.16,-122.25,0
3.9099,33.0,4.55108877721943,1.1088777219430486,1546.0,2.5896147403685092,34.18,-118.43,1
4.6364,35.0,4.67910447761194,0.9813432835820896,1092.0,4.074626865671642,34.05,-117.96,0
2.5841,21.0,3.7146974063400577,1.0599423631123919,3621.0,2.0870317002881844,37.97,-122.04,0
4.5625,42.0,6.962962962962963,1.1851851851851851,220.0,2.7160493827160495,34.17,-118.85,1
4.1711,38.0,5.3624595469255665,1.0841423948220066,1195.0,3.867313915857605,33.96,-118.1,0
2.6973,31.0,5.129985228951256,1.0664697193500738,2098.0,3.098966026587888,32.74,-117.01,0
2.3382,38.0,4.8352941176470585,1.04,1518.0,3.571764705882353,33.9,-118.24,0
1.8355,29.0,4.487364620938628,1.1263537906137184,836.0,3.0180505415162453,36.68,-119.76,0
2.5741,29.0,4.932160804020101,0.9849246231155779,1208.0,3.0351758793969847,36.71,-119.56,0
3.2891,42.0,4.377551020408164,1.0442176870748299,2377.0,4.042517006802721,37.57,-122.32,1
4.8906,15.0,5.7281323877068555,1.0283687943262412,1366.0,3.2293144208037825,33.54,-117.67,1
3.3239,9.0,5.610955056179775,1.0926966292134832,1691.0,2.375,36.82,-119.85,0
2.3125,48.0,5.424657534246576,1.0365296803652968,471.0,2.1506849315068495,39.24,-121.04,0
4.25,43.0,4.176470588235294,0.9558823529411765,167.0,2.4558823529411766,33.82,-118.18,1
4.4213,11.0,7.34593572778828,1.1323251417769375,1605.0,3.0340264650283553,37.74,-121.11,1
3.1142,5.0,4.548066298342541,1.0939226519337018,2770.0,3.0607734806629834,32.85,-116.93,0
2.7813,41.0,3.4464285714285716,1.1785714285714286,1209.0,3.5982142857142856,33.77,-118.2,0
1.5313,19.0,5.609489051094891,1.2007299270072993,617.0,2.2518248175182483,39.49,-121.53,0
1.9957,32.0,3.6502890173410405,0.9624277456647399,1789.0,5.170520231213873,33.92,-118.22,0
2.3605,39.0,4.005012531328321,1.1478696741854637,1691.0,4.238095238095238,33.79,-118.21,0
1.6699,42.0,3.6096822995461424,1.0136157337367624,2327.0,3.520423600605144,34.02,-118.3,0
3.0909,27.0,4.360902255639098,1.0751879699248121,466.0,3.5037593984962405,33.93,-118.12,1
3.3841,29.0,4.842031029619182,1.002820874471086,1919.0,2.706629055007052,37.69,-121.76,1
2.0441,33.0,5.983758700696056,1.308584686774942,1155.0,2.679814385150812,35.63,-117.66,0
3.3261,30.0,4.62993762993763,0.9854469854469855,1961.0,4.076923076923077,34.08,-117.97,0
2.7794,52.0,3.490415335463259,1.0479233226837061,1266.0,2.022364217252396,37.77,-122.42,1
6.6478,21.0,7.030921052631579,1.013157894736842,4552.0,2.9947368421052634,37.55,-121.95,1
8.0239,49.0,5.669811320754717,0.8962264150943396,228.0,2.150943396226415,34.04,-118.41,1
2.4205,43.0,4.433962264150943,1.119496855345912,464.0,2.9182389937106916,38.61,-121.46,0
2.6812,19.0,5.320109439124487,1.1381668946648427,1872.0,2.560875512995896,35.42,-119.07,0
3.0507,52.0,4.427645788336933,1.062634989200864,1277.0,2.7580993520518358,38.11,-122.24,0
3.8021,45.0,4.876456876456876,1.0512820512820513,1190.0,2.773892773892774,33.99,-118.43,1
3.6467,36.0,4.409090909090909,1.1022727272727273,867.0,2.4630681818181817,34.03,-118.43,1
2.8797,33.0,3.5779220779220777,1.0541125541125542,2475.0,2.6785714285714284,34.01,-118.41,1
8.7603,10.0,6.73224043715847,0.9480874316939891,1241.0,3.390710382513661,33.72,-117.75,1
5.6494,34.0,6.131645569620253,0.9367088607594937,1010.0,2.5569620253164556,37.28,-121.93,1
2.5192,43.0,4.8807017543859645,1.0280701754385966,855.0,3.0,37.73,-122.18,0
4.0467,8.0,6.05985401459854,1.0664233576642337,5155.0,3.7627737226277373,33.9,-117.22,0
4.642,7.0,4.854503464203233,1.1339491916859123,2381.0,1.8329484218629715,34.15,-118.47,1
5.0778,16.0,6.274356103023516,1.0503919372900337,3045.0,3.4098544232922734,33.86,-118.06,1
3.1607,33.0,5.415254237288136,1.0932203389830508,460.0,3.8983050847457625,33.94,-118.1,1
1.8839,25.0,5.232294617563739,1.0509915014164306,1460.0,4.135977337110481,36.31,-119.61,0
13.6623,15.0,8.329411764705883,1.0658823529411765,1364.0,3.2094117647058824,33.02,-117.18,1
5.4719,38.0,5.890080428954423,0.9571045576407506,1228.0,3.292225201072386,37.52,-122.28,1
6.2456,13.0,6.456896551724138,1.0668103448275863,1187.0,2.5581896551724137,34.1,-117.8,0
4.5278,35.0,4.283676703645008,1.0364500792393028,1383.0,2.1917591125198097,34.43,-119.73,1
2.824,36.0,4.467775467775468,1.0956340956340955,1359.0,2.8253638253638256,33.97,-118.03,0
3.0319,49.0,4.402272727272727,1.0113636363636365,1339.0,3.043181818181818,33.87,-118.17,0
1.1917,32.0,4.311111111111111,0.9185185185185185,588.0,2.1777777777777776,34.71,-118.14,0
4.4347,14.0,6.0914512922465205,0.9860834990059643,1681.0,3.341948310139165,32.86,-116.96,0
3.712,21.0,6.373333333333333,1.0566666666666666,1818.0,3.03,38.66,-121.3,0
2.1354,29.0,5.096085409252669,1.0676156583629892,1314.0,2.3380782918149468,40.57,-124.14,0
1.9,16.0,4.975133214920071,1.0905861456483126,1695.0,3.0106571936056836,40.56,-122.35,0
5.1265,40.0,6.498194945848375,1.0469314079422383,761.0,2.747292418772563,38.02,-122.16,1
1.2096,49.0,4.397058823529412,1.3235294117647058,287.0,4.220588235294118,34.03,-118.26,0
3.29,32.0,4.281675392670157,1.0209424083769634,3775.0,3.9528795811518322,34.07,-118.08,1
3.125,26.0,4.096774193548387,0.9496774193548387,2460.0,3.174193548387097,34.22,-119.19,1
5.5238,34.0,5.335740072202166,0.9061371841155235,956.0,3.4512635379061374,33.92,-118.02,1
2.9375,45.0,4.492331288343558,1.1579754601226995,1635.0,2.5076687116564416,33.83,-118.31,1
4.5687,32.0,4.622331691297209,0.9967159277504105,1338.0,2.1970443349753697,33.82,-118.37,1
1.6875,22.0,4.307332293291732,1.1809672386895476,2612.0,4.074882995319813,38.24,-122.04,0
5.0731,52.0,5.2489539748953975,1.0376569037656904,855.0,1.788702928870293,37.76,-122.44,1
4.2011,9.0,6.04516129032258,1.038709677419355,1955.0,3.153225806451613,36.22,-119.33,0
3.825,38.0,5.80827067669173,1.0488721804511278,662.0,2.488721804511278,37.77,-120.86,0
6.9238,25.0,5.944723618090452,1.0477386934673367,1076.0,2.7035175879396984,37.3,-122.04,1
2.3295,17.0,4.095890410958904,1.095890410958904,715.0,4.897260273972603,36.16,-120.1,0
4.1375,28.0,6.105162523900574,1.0038240917782026,1750.0,3.3460803059273423,34.09,-117.42,0
4.9962,26.0,6.104553119730186,1.0236087689713322,2000.0,3.372681281618887,32.62,-117.04,0
4.0345,25.0,5.466124661246613,0.967479674796748,1063.0,2.8807588075880757,33.7,-117.99,1
5.5709,31.0,6.72108843537415,1.1003401360544218,1762.0,2.996598639455782,34.21,-118.63,1
2.8281,14.0,6.108108108108108,1.3397683397683398,825.0,3.1853281853281854,34.03,-117.33,0
3.9828,36.0,5.761363636363637,0.9914772727272727,820.0,2.3295454545454546,32.8,-117.07,0
5.5023,5.0,5.167657550535077,1.0618311533888227,5272.0,2.08957590170432,33.83,-118.33,1
3.3929,31.0,6.951704545454546,1.3210227272727273,1313.0,3.7301136363636362,37.21,-120.24,0
1.2101,40.0,3.978217821782178,1.0277227722772277,2219.0,4.394059405940594,36.76,-119.77,0
2.8125,26.0,5.542465753424658,1.0547945205479452,922.0,2.526027397260274,39.93,-120.95,0
3.7159,20.0,5.442655935613682,1.096579476861167,1198.0,2.41046277665996,32.8,-117.01,0
4.2099,21.0,6.283464566929134,1.0918635170603674,1291.0,3.388451443569554,33.98,-117.5,0
2.3913,35.0,3.875,1.2331081081081081,1016.0,3.4324324324324325,34.08,-118.27,1
2.3869,16.0,4.792613636363637,0.9886363636363636,568.0,1.6136363636363635,37.68,-122.16,0
3.9196,25.0,7.214477211796247,1.6032171581769437,964.0,2.584450402144772,39.18,-120.87,0
2.1071,18.0,4.641935483870967,1.0290322580645161,699.0,2.2548387096774194,34.12,-117.23,0
5.4088,39.0,6.543165467625899,1.0467625899280575,770.0,2.7697841726618706,34.18,-118.56,1
4.5491,43.0,5.984848484848484,1.0454545454545454,657.0,3.3181818181818183,34.12,-118.01,1
2.5313,46.0,4.816115702479339,1.0495867768595042,1210.0,2.5,37.62,-121.03,0
2.7269,37.0,5.89453125,1.068359375,1720.0,3.359375,33.91,-118.27,0
4.2071,14.0,3.9169288860918816,1.0566393958464444,3148.0,1.9811202013845186,33.67,-117.92,1
3.1417,15.0,4.658823529411765,1.0549019607843138,1197.0,2.347058823529412,36.8,-119.73,0
4.0,52.0,5.142857142857143,0.9807692307692307,984.0,2.7032967032967035,34.16,-118.13,1
3.3409,34.0,5.0633333333333335,1.0133333333333334,1262.0,4.206666666666667,34.05,-117.94,0
4.8013,36.0,6.010060362173038,0.9879275653923542,1360.0,2.7364185110663986,33.84,-118.15,1
2.0417,34.0,4.76303317535545,0.9739336492890995,1501.0,3.556872037914692,38.64,-121.43,0
1.847,18.0,2.337027379400261,1.0827900912646675,5229.0,3.408735332464146,34.05,-118.29,1
2.375,10.0,4.064456721915286,1.1860036832412524,2232.0,4.110497237569061,34.95,-120.45,0
1.3375,18.0,4.567625133120341,1.0873269435569755,2707.0,2.8828541001064965,39.13,-121.54,0
3.2879,32.0,6.097807757166947,1.0640809443507588,2131.0,3.593591905564924,34.09,-117.36,0
3.125,16.0,6.815789473684211,1.394736842105263,131.0,3.4473684210526314,35.91,-120.0,0
4.8233,8.0,6.061361457334612,0.959731543624161,2969.0,2.8465963566634707,38.37,-122.69,1
4.3875,52.0,6.275,0.9708333333333333,478.0,1.9916666666666667,32.77,-117.11,1
4.3548,17.0,5.7139423076923075,1.0540865384615385,2412.0,2.8990384615384617,32.97,-117.06,1
4.2614,16.0,5.529262086513995,1.015267175572519,1460.0,3.7150127226463106,32.92,-117.13,0
2.662,13.0,7.1078838174273855,1.4107883817427387,643.0,2.66804979253112,37.57,-119.82,0
4.163,30.0,4.0,1.0,103.0,2.942857142857143,38.36,-121.98,0
2.5268,19.0,4.48488241881299,1.0884658454647256,1896.0,2.1231802911534157,37.94,-122.06,1
2.6125,26.0,5.213151927437642,1.124716553287982,1259.0,2.854875283446712,34.53,-117.31,0
5.3272,3.0,6.982358402971216,1.0612813370473537,2878.0,2.6722376973073354,36.91,-119.77,0
3.5488,8.0,4.768218623481781,0.9746963562753036,3310.0,3.3502024291497974,34.09,-117.46,0
1.5922,44.0,3.962121212121212,1.0511363636363635,878.0,1.6628787878787878,38.58,-121.47,0
4.433,34.0,4.988394584139265,1.0851063829787233,1237.0,2.392649903288201,34.19,-118.56,1
3.5586,26.0,2.844141069397042,1.0944254835039817,2374.0,2.700796359499431,37.39,-122.01,1
5.2803,35.0,4.710982658959537,1.0269749518304432,1187.0,2.2870905587668595,37.42,-122.12,1
2.12,26.0,3.802281368821293,1.0456273764258555,1178.0,4.479087452471483,33.9,-118.2,0
3.23,11.0,11.90079365079365,2.246031746031746,1825.0,2.414021164021164,35.76,-120.93,0
3.9028,28.0,4.853277835587929,1.0822060353798126,1963.0,2.0426638917793967,34.16,-118.42,1
2.6121,26.0,3.782608695652174,1.0054347826086956,384.0,2.0869565217391304,32.75,-117.22,0
2.5428,45.0,3.903052064631957,1.125673249551167,1992.0,3.576301615798923,34.08,-118.26,0
3.0114,33.0,4.668094218415417,1.1177730192719486,1634.0,3.498929336188437,33.88,-118.16,0
2.1898,28.0,3.8656195462478187,1.024432809773124,830.0,1.4485165794066317,37.73,-122.15,0
4.5625,36.0,5.3903448275862065,1.0096551724137932,1688.0,2.3282758620689656,34.16,-118.05,1
3.5625,15.0,16.611764705882354,2.9529411764705884,703.0,2.756862745098039,34.25,-117.17,0
6.597,33.0,7.01673640167364,0.9539748953974896,629.0,2.6317991631799162,32.72,-117.25,1
5.6091,21.0,5.6997885835095135,1.1585623678646935,1142.0,2.4143763213530653,33.89,-118.37,1
6.777,23.0,8.103960396039604,1.1435643564356435,1480.0,2.442244224422442,36.58,-121.94,1
2.8913,23.0,5.038674033149171,0.9779005524861878,1146.0,3.165745856353591,36.43,-119.85,0
3.3036,52.0,8.725,1.475,121.0,3.025,37.7,-121.04,1
4.1859,6.0,5.745173745173745,0.972972972972973,773.0,2.9845559845559846,37.52,-120.83,0
2.1767,45.0,4.841059602649007,1.0198675496688743,924.0,3.0596026490066226,37.74,-122.39,1
3.8672,50.0,5.334801762114537,1.1497797356828194,523.0,2.303964757709251,37.88,-122.29,1
2.0025,32.0,4.535966149506347,1.0578279266572637,2639.0,3.7221438645980256,35.67,-119.24,0
5.4868,7.0,6.466101694915254,0.9661016949152542,1077.0,3.042372881355932,36.84,-119.82,0
5.7057,27.0,6.937007874015748,1.0971128608923884,1344.0,3.52755905511811,34.01,-117.98,1
3.6736,16.0,4.400352733686067,0.9717813051146384,2314.0,4.081128747795415,34.3,-118.47,1
2.275,21.0,5.4574898785425106,1.1700404858299596,1208.0,2.445344129554656,41.95,-124.14,0
3.4402,28.0,6.522821576763485,1.4398340248962656,1095.0,2.271784232365145,38.03,-121.65,1
4.7804,17.0,5.305128205128205,1.0320512820512822,2442.0,3.1307692307692307,33.78,-117.8,1
5.259,13.0,6.733133433283358,1.0329835082458771,1657.0,2.4842578710644676,38.64,-121.24,1
2.1366,47.0,5.0190311418685125,1.0916955017301038,1276.0,2.207612456747405,38.76,-121.28,0
1.725,52.0,5.096234309623431,1.1317991631799162,1015.0,2.1234309623430963,37.84,-122.27,0
6.9414,52.0,8.067193675889328,1.0671936758893281,671.0,2.652173913043478,37.9,-122.27,1
4.5234,34.0,5.807017543859649,0.9254385964912281,799.0,3.504385964912281,34.11,-117.87,1
2.9386,13.0,5.2218390804597705,1.0126436781609196,2298.0,2.6413793103448278,33.24,-117.33,0
8.5888,35.0,8.056122448979592,1.0714285714285714,570.0,2.9081632653061225,37.35,-122.07,1
4.0,38.0,5.1658536585365855,1.0634146341463415,561.0,2.7365853658536587,33.86,-118.33,1
4.5714,33.0,5.649289099526066,1.009478672985782,1066.0,5.052132701421801,32.8,-115.57,0
5.0838,20.0,6.116037735849057,1.0075471698113208,3526.0,3.3264150943396227,37.54,-122.06,1
1.2254,42.0,2.0966921119592876,1.1603053435114503,3795.0,3.21882951653944,34.06,-118.28,0
4.0781,36.0,5.605263157894737,0.9736842105263158,699.0,2.6278195488721803,33.85,-118.15,1
2.0562,41.0,4.536656891495602,1.217008797653959,1024.0,3.002932551319648,37.77,-122.2,0
1.5729,36.0,4.553956834532374,1.064748201438849,557.0,4.0071942446043165,32.7,-117.14,0
2.9974,26.0,3.62015503875969,1.0372093023255815,1986.0,3.0790697674418603,34.21,-118.59,0
5.0839,36.0,6.221719457013575,1.0950226244343892,670.0,3.0316742081447963,33.89,-118.02,1
2.9576,16.0,3.6133567662565906,1.10896309314587,847.0,1.4885764499121266,32.77,-117.15,0
8.6963,33.0,5.92619926199262,0.9372693726937269,727.0,2.6826568265682655,37.43,-122.21,1
2.8036,27.0,4.797507788161994,0.9813084112149533,883.0,2.750778816199377,40.61,-122.57,0
3.2447,52.0,3.5267857142857144,1.0491071428571428,714.0,1.59375,37.8,-122.44,1
3.2645,52.0,4.0866477272727275,1.0241477272727273,1186.0,1.6846590909090908,34.08,-118.35,0
1.735,14.0,4.599397590361446,0.9789156626506024,1453.0,4.376506024096385,32.73,-115.53,0
1.2904,46.0,3.081081081081081,0.990990990990991,1109.0,3.33033033033033,37.95,-121.28,0
8.2364,11.0,6.040322580645161,1.1048387096774193,355.0,2.8629032258064515,37.51,-122.5,1
9.08,18.0,8.925619834710744,1.0082644628099173,382.0,3.15702479338843,37.21,-121.87,1
3.1397,52.0,4.636871508379889,1.0223463687150838,479.0,2.6759776536312847,34.16,-118.27,1
4.8359,25.0,6.602316602316602,1.111969111969112,799.0,3.0849420849420848,38.0,-121.83,0
3.1458,41.0,4.481675392670157,0.9319371727748691,571.0,2.9895287958115184,37.74,-122.15,0
5.7764,18.0,5.7700119474313025,1.025089605734767,4336.0,2.5902031063321385,33.76,-118.3,1
5.5,45.0,6.482558139534884,1.058139534883721,949.0,2.758720930232558,33.97,-118.34,1
2.6713,28.0,3.879432624113475,1.0656028368794326,1847.0,1.6374113475177305,34.08,-118.37,1
3.6832,20.0,4.231794871794872,1.0574358974358975,2079.0,2.1323076923076925,37.58,-121.98,1
4.7031,43.0,3.8910505836575875,1.0291828793774318,1290.0,2.509727626459144,34.01,-118.41,1
6.1062,16.0,7.30188679245283,1.0716981132075472,2356.0,2.963522012578616,33.65,-117.69,1
1.4821,20.0,6.36,1.8488888888888888,570.0,2.533333333333333,36.57,-118.65,0
3.3169,15.0,5.81505728314239,1.0785597381342062,1684.0,2.756137479541735,37.78,-120.85,0
5.3972,30.0,6.416666666666667,1.0095238095238095,1098.0,2.6142857142857143,36.97,-122.04,1
3.9219,35.0,4.76948051948052,0.9935064935064936,1285.0,4.172077922077922,34.03,-117.92,0
3.512,16.0,3.7622873345935726,1.0756143667296787,5014.0,2.369565217391304,33.67,-117.91,1
3.4777,47.0,4.873180873180873,1.0665280665280665,1537.0,3.1954261954261955,34.18,-118.12,1
1.9135,18.0,5.192028985507246,0.9601449275362319,1092.0,3.9565217391304346,36.3,-119.21,0
1.8109,29.0,3.805223068552775,1.192600652883569,2994.0,3.2578890097932534,33.79,-118.19,0
1.6635,14.0,3.740576496674058,1.124168514412417,762.0,1.689578713968958,32.79,-115.58,0
2.7,14.0,4.097744360902255,1.0576441102756893,870.0,2.180451127819549,36.31,-119.34,0
1.6122,41.0,3.2764976958525347,1.1013824884792627,1640.0,3.7788018433179724,34.05,-118.22,0
6.8194,16.0,7.760683760683761,1.0299145299145298,793.0,3.388888888888889,37.26,-121.85,1
1.4663,38.0,3.810725552050473,1.0126182965299684,1225.0,3.864353312302839,34.11,-117.31,0
6.1004,35.0,5.8687258687258685,1.0038610038610039,1374.0,2.6525096525096523,37.51,-122.29,1
4.5523,52.0,5.253225806451613,1.185483870967742,1045.0,1.685483870967742,37.8,-122.44,1
5.6651,31.0,5.416842105263158,0.9978947368421053,1898.0,3.9957894736842103,37.43,-121.88,1
2.4659,32.0,5.356415478615071,1.1384928716904277,1069.0,2.1771894093686353,33.86,-118.15,1
2.4811,17.0,5.202401372212693,1.012006861063465,1319.0,2.262435677530017,39.21,-121.08,0
2.5893,18.0,4.766949152542373,1.0254237288135593,1248.0,2.6440677966101696,40.95,-124.09,0
2.186,10.0,4.353515625,1.048828125,982.0,1.91796875,39.23,-121.06,0
2.8208,10.0,7.060755336617405,1.38752052545156,1480.0,2.4302134646962235,38.21,-120.36,0
4.5795,18.0,13.858024691358025,2.419753086419753,421.0,2.5987654320987654,39.21,-120.11,0
3.5938,14.0,6.702479338842975,1.3305785123966942,352.0,2.909090909090909,39.26,-121.18,0
3.0919,28.0,3.5095541401273884,1.0881104033970277,2670.0,2.8343949044585988,34.12,-118.22,1
3.7794,17.0,6.021660649819495,1.108303249097473,888.0,3.2057761732851984,35.87,-118.96,0
3.0139,39.0,5.175732217573222,1.0711297071129706,638.0,2.6694560669456067,36.63,-119.68,0
2.6652,22.0,4.152302243211334,0.9563164108618654,3134.0,3.7001180637544273,34.28,-118.4,0
4.6458,24.0,6.24294670846395,1.0579937304075235,1568.0,2.457680250783699,33.82,-118.06,1
4.8611,29.0,5.950177935943061,0.9501779359430605,891.0,3.170818505338078,33.8,-117.93,1
3.6523,19.0,5.794819359236537,1.0620313565098842,3576.0,2.4376278118609407,38.64,-121.32,0
3.2222,31.0,4.558343789209536,1.0577164366373901,2677.0,3.358845671267252,37.38,-121.83,1
6.0604,20.0,6.219409282700422,0.9936708860759493,1181.0,2.4915611814345993,37.67,-121.89,1
2.5179,45.0,4.938837920489297,1.033639143730887,823.0,2.5168195718654434,38.24,-122.63,0
2.3712,14.0,5.304651162790698,0.9906976744186047,894.0,2.0790697674418603,33.74,-116.9,0
2.8229,16.0,4.700389105058366,1.0992217898832686,1750.0,3.404669260700389,34.06,-118.11,0
3.2768,44.0,5.338289962825279,1.0074349442379182,850.0,3.159851301115242,33.95,-118.19,0
5.2742,17.0,8.908653846153847,1.8846153846153846,351.0,1.6875,32.98,-117.27,1
2.6641,24.0,3.7514188422247448,1.1146424517593643,2085.0,2.366628830874007,33.88,-118.14,0
2.4234,32.0,5.0543657331136735,1.0345963756177925,1897.0,3.125205930807249,35.33,-119.01,0
10.5815,11.0,8.465671641791046,1.1134328358208956,959.0,2.8626865671641792,37.83,-121.94,1
1.6277,48.0,3.676737160120846,1.1238670694864048,1281.0,1.9350453172205437,38.58,-121.48,0
2.9514,47.0,4.80078125,0.94921875,582.0,2.2734375,37.79,-122.19,1
1.9911,10.0,5.57566765578635,1.1483679525222552,1376.0,4.083086053412463,32.97,-115.52,0
11.6833,21.0,8.497635933806146,1.033096926713948,2440.0,2.884160756501182,37.56,-122.37,1
11.3283,21.0,6.1,0.9,182.0,2.6,37.24,-122.08,1
3.2396,33.0,5.46,1.076,825.0,3.3,32.85,-115.57,0
2.5434,36.0,4.600508905852418,0.9910941475826972,1994.0,2.5368956743002546,36.78,-119.77,0
3.9818,19.0,5.335106382978723,1.077659574468085,3251.0,3.4585106382978723,36.71,-121.63,0
3.2148,14.0,5.251028806584362,1.0555555555555556,3513.0,3.6141975308641974,33.93,-117.22,0
2.1731,29.0,5.086956521739131,1.0031055900621118,942.0,2.9254658385093166,36.29,-119.12,0
1.7321,44.0,4.919540229885057,1.0651340996168583,925.0,3.5440613026819925,34.16,-118.16,0
3.5052,26.0,4.835457705677868,1.0347624565469293,2471.0,2.8632676709154112,33.9,-118.11,1
4.8,20.0,5.430232558139535,1.1046511627906976,229.0,2.6627906976744184,37.08,-122.04,1
1.9792,47.0,4.816770186335404,1.124223602484472,1329.0,4.127329192546584,34.0,-118.31,0
2.5477,33.0,4.02037617554859,1.1677115987460815,2301.0,3.6065830721003134,33.78,-116.46,0
4.0076,22.0,4.933021806853582,1.1573208722741433,1797.0,2.7990654205607477,33.4,-117.59,1
6.5648,32.0,7.355844155844156,1.0207792207792208,1033.0,2.6831168831168832,34.03,-117.15,1
6.6704,25.0,6.829317269076305,1.0220883534136547,1503.0,3.0180722891566263,33.88,-117.99,1
2.975,37.0,4.314148681055156,1.0215827338129497,1088.0,2.6091127098321345,34.13,-118.23,1
6.9408,52.0,5.3125,1.0125,493.0,3.08125,34.16,-118.24,1
3.1103,26.0,3.9507772020725387,1.0686528497409327,2153.0,2.788860103626943,34.1,-118.13,1
8.5491,20.0,6.763698630136986,1.047945205479452,703.0,2.4075342465753424,33.81,-118.38,1
3.6641,32.0,5.614886731391586,1.0711974110032363,785.0,2.540453074433657,38.53,-122.46,1
1.7596,40.0,2.09375,0.53125,50.0,1.5625,38.68,-121.38,0
1.2647,22.0,4.997214484679666,1.2116991643454038,1127.0,3.139275766016713,36.58,-119.63,0
2.5729,39.0,3.3664921465968587,0.9738219895287958,821.0,4.298429319371728,33.96,-118.24,0
2.6689,12.0,2.9295154185022025,1.0684287812041116,7429.0,2.181791483113069,33.91,-118.34,1
4.0274,36.0,6.007537688442211,1.0226130653266332,1967.0,4.942211055276382,34.06,-117.98,0
5.0318,24.0,6.509933774834437,0.9900662251655629,786.0,2.6026490066225167,34.03,-117.31,0
5.3451,14.0,6.1537037037037035,0.924074074074074,1527.0,2.827777777777778,38.73,-121.26,0
3.675,43.0,4.871060171919771,1.0888252148997135,930.0,2.664756446991404,34.18,-118.52,1
2.1691,39.0,4.023668639053255,1.0887573964497042,589.0,1.742603550295858,38.57,-121.47,0
5.3124,52.0,5.348648648648648,0.9702702702702702,648.0,1.7513513513513514,37.79,-122.44,1
2.3571,25.0,3.7448979591836733,0.9693877551020408,543.0,1.846938775510204,34.01,-118.39,1
4.849,7.0,6.618212197159566,1.2046783625730995,2863.0,2.391812865497076,35.15,-120.64,1
6.3875,10.0,6.68417104276069,1.0547636909227307,8686.0,3.2580645161290325,33.99,-117.86,1
4.0972,38.0,5.595982142857143,0.9955357142857143,888.0,1.9821428571428572,38.57,-121.43,0
2.9112,7.0,5.4604810996563575,1.0687285223367697,4052.0,3.4810996563573884,34.11,-117.45,0
4.0977,48.0,5.242063492063492,1.0436507936507937,506.0,2.007936507936508,37.8,-122.21,1
8.3188,12.0,8.481045751633987,1.0169934640522875,2404.0,3.142483660130719,37.81,-121.96,1
7.7108,39.0,6.846607669616519,0.9911504424778761,880.0,2.5958702064896757,34.18,-118.1,1
6.7273,9.0,9.169519152404238,1.2991035044824777,3029.0,2.4686226568867156,34.13,-118.68,1
3.5909,25.0,4.055806938159879,1.0844645550527903,1229.0,1.8536953242835597,34.05,-118.47,1
1.9625,35.0,5.104477611940299,1.1865671641791045,900.0,2.2388059701492535,40.11,-123.75,0
3.2331,33.0,5.987421383647798,1.0817610062893082,369.0,2.3207547169811322,37.63,-122.04,1
4.0223,33.0,5.047520661157025,1.0289256198347108,1601.0,3.3078512396694215,34.3,-118.43,0
4.2262,37.0,4.362369337979094,0.9581881533101045,878.0,3.059233449477352,37.63,-122.41,1
3.0859,13.0,4.497902097902098,1.06993006993007,1627.0,2.2755244755244757,37.95,-121.96,0
4.8283,4.0,6.795894428152493,1.0533724340175954,5804.0,3.4041055718475075,34.13,-117.42,0
2.9338,11.0,5.977161500815661,1.0554649265905383,1686.0,2.7504078303425774,40.65,-122.31,0
2.8793,36.0,4.941558441558442,1.08008658008658,1836.0,3.9740259740259742,33.91,-118.2,0
2.1715,36.0,3.996383363471971,1.1464737793851718,2341.0,4.233273056057866,33.93,-118.2,0
3.625,45.0,4.917808219178082,1.2808219178082192,662.0,2.267123287671233,33.96,-118.39,1
3.6182,27.0,6.557142857142857,1.2114285714285715,1252.0,3.577142857142857,37.44,-120.75,0
3.276,27.0,5.750788643533123,1.135646687697161,907.0,2.861198738170347,38.53,-122.82,0
6.6321,36.0,5.7346437346437344,1.0565110565110565,1033.0,2.538083538083538,33.89,-118.4,1
6.6772,13.0,7.37707182320442,1.0676795580110496,2288.0,3.160220994475138,34.68,-118.17,1
4.1563,4.0,5.645833333333333,0.9851190476190477,915.0,2.7232142857142856,34.66,-120.48,0
3.3438,31.0,5.40418118466899,1.0313588850174216,1058.0,3.686411149825784,36.59,-119.73,0
4.1739,40.0,4.51063829787234,1.0893617021276596,667.0,2.8382978723404255,37.79,-122.2,0
3.1771,52.0,4.8279069767441865,1.0232558139534884,482.0,2.2418604651162792,37.77,-122.25,1
2.3375,30.0,3.3716814159292037,1.008849557522124,840.0,3.7168141592920354,34.29,-118.45,0
4.6912,50.0,4.87984496124031,0.9825581395348837,979.0,1.8972868217054264,37.76,-122.45,1
5.5067,41.0,5.666666666666667,0.9929078014184397,807.0,2.8617021276595747,34.12,-118.08,1
2.3,30.0,5.015444015444015,1.106177606177606,2170.0,4.1891891891891895,34.01,-117.69,0
4.0848,8.0,6.350393700787402,1.0918635170603674,1977.0,2.594488188976378,39.13,-121.07,0
5.1831,26.0,2.018348623853211,0.926605504587156,322.0,1.4770642201834863,37.37,-122.22,1
2.3571,52.0,6.008130081300813,1.067750677506775,907.0,2.4579945799457996,40.58,-124.26,0
3.5985,36.0,3.8931909212283045,1.048064085447263,1183.0,1.5794392523364487,33.76,-118.15,1
2.325,35.0,6.908355795148248,1.4285714285714286,861.0,2.3207547169811322,36.94,-118.31,0
6.2924,27.0,6.246520874751491,1.0119284294234592,1520.0,3.021868787276342,33.93,-117.98,1
6.091,28.0,7.25879917184265,1.165631469979296,1362.0,2.8198757763975157,34.46,-119.51,1
4.575,48.0,4.441108545034642,0.9422632794457275,1142.0,2.6374133949191685,34.0,-118.45,1
3.9375,17.0,18.5,3.0125,202.0,2.525,39.19,-120.1,1
2.9459,32.0,4.656934306569343,1.051094890510949,2161.0,3.9434306569343067,34.12,-117.92,0
3.7292,37.0,7.661016949152542,1.847457627118644,184.0,3.1186440677966103,34.13,-116.27,0
3.3545,24.0,4.25402144772118,1.0375335120643432,2945.0,1.9738605898123325,34.17,-118.4,1
3.099,30.0,5.688559322033898,1.125,2778.0,2.9427966101694913,34.83,-117.15,0
9.2225,42.0,6.193236714975845,1.1111111111111112,913.0,2.2053140096618358,34.07,-118.46,1
3.7568,4.0,5.727411944869831,1.1439509954058193,6666.0,2.5520673813169985,33.22,-117.3,1
3.1719,32.0,6.208154506437769,1.0321888412017168,1198.0,2.570815450643777,37.05,-120.85,0
2.3895,17.0,5.173202614379085,1.0816993464052287,730.0,2.3856209150326797,39.72,-121.41,0
3.8355,34.0,4.914798206278027,0.9910313901345291,574.0,2.5739910313901344,32.73,-117.11,0
3.0375,48.0,4.575221238938053,1.095132743362832,946.0,2.0929203539823007,37.34,-121.93,1
1.3962,36.0,3.7667238421955402,1.085763293310463,2017.0,3.4596912521440824,33.93,-118.3,0
3.1389,35.0,4.813895781637717,0.9528535980148883,1177.0,2.9205955334987594,38.25,-122.03,0
2.0675,25.0,3.1467991169977925,1.0684326710816776,3744.0,4.132450331125828,33.79,-118.2,0
3.8125,15.0,4.590570719602978,1.0942928039702233,1348.0,3.3449131513647643,37.95,-121.69,0
7.2692,40.0,6.816425120772947,1.070048309178744,907.0,2.1908212560386473,34.13,-118.31,1
2.794,15.0,4.855824682814302,1.0369088811995386,1933.0,2.229527104959631,35.25,-120.69,1
4.3333,39.0,5.7913669064748206,1.0,511.0,1.8381294964028776,34.13,-118.35,1
1.6948,15.0,5.676646706586826,1.221556886227545,893.0,2.6736526946107784,39.83,-121.5,0
4.2062,35.0,4.7975460122699385,0.9386503067484663,499.0,3.061349693251534,34.09,-117.93,0
1.9923,21.0,3.355828220858896,1.0828220858895705,2265.0,3.473926380368098,33.78,-118.26,0
1.2185,22.0,2.9456,1.016,2024.0,1.6192,37.82,-122.26,0
6.9712,5.0,7.241805635422657,1.0123634272570443,11956.0,3.437607820586544,34.26,-118.9,1
1.15,52.0,4.88,1.04,62.0,2.48,38.05,-121.3,0
7.5078,24.0,7.022857142857143,0.992,2710.0,3.097142857142857,34.3,-118.51,1
4.0268,36.0,5.0847784200385355,1.0269749518304432,1209.0,2.3294797687861273,37.7,-122.18,1
3.0179,52.0,4.765217391304348,1.0739130434782609,423.0,1.8391304347826087,34.1,-118.36,1
4.575,36.0,5.625,0.9852941176470589,306.0,2.25,37.36,-121.97,1
2.1135,46.0,5.622920517560074,1.1035120147874307,1206.0,2.229205175600739,40.79,-124.16,0
5.0756,52.0,5.4010507880910685,1.042031523642732,1324.0,2.318739054290718,37.58,-122.36,1
3.6667,38.0,5.182222222222222,0.9911111111111112,584.0,2.5955555555555554,38.42,-122.86,1
2.7031,41.0,3.635514018691589,0.9532710280373832,455.0,4.252336448598131,34.05,-118.18,0
1.4063,42.0,3.7714285714285714,1.0285714285714285,310.0,4.428571428571429,37.49,-120.85,0
3.6219,29.0,4.698234349919743,1.0176565008025682,1710.0,2.744783306581059,34.11,-117.65,0
6.6494,35.0,5.06265664160401,1.1303258145363408,724.0,1.8145363408521302,33.88,-118.44,1
3.125,12.0,5.786377708978328,1.1021671826625388,1007.0,3.1176470588235294,33.66,-117.22,0
5.3625,7.0,5.97071129707113,1.0167364016736402,927.0,3.8786610878661087,32.93,-117.12,1
6.6447,20.0,6.170940170940171,1.0213675213675213,2757.0,2.9455128205128207,33.77,-118.31,1
2.8646,22.0,4.775047258979206,1.001890359168242,1556.0,2.941398865784499,32.73,-117.01,0
3.5234,52.0,4.5770750988142295,1.0,528.0,2.0869565217391304,33.99,-118.46,1
2.8194,43.0,4.665413533834586,0.9022556390977443,612.0,2.300751879699248,37.62,-121.03,0
5.417,11.0,4.925867507886435,1.167192429022082,1223.0,1.9290220820189274,32.87,-117.23,1
3.3375,39.0,4.738831615120275,0.9690721649484536,883.0,3.0343642611683848,33.9,-118.14,1
6.0074,16.0,6.862704918032787,1.1147540983606556,2003.0,4.104508196721311,37.58,-122.08,1
1.9028,36.0,3.2948717948717947,0.9786324786324786,1711.0,3.655982905982906,33.96,-118.22,0
6.1104,32.0,5.926470588235294,0.9352941176470588,1019.0,2.9970588235294118,37.68,-122.05,1
5.0479,22.0,5.13587786259542,1.0549618320610687,3783.0,2.8877862595419845,37.63,-122.46,1
2.1696,36.0,4.1675,1.15,2881.0,3.60125,34.09,-118.16,0
0.9204,43.0,4.1645569620253164,1.0126582278481013,1253.0,5.286919831223629,38.59,-121.48,0
4.8958,17.0,7.348314606741573,1.0898876404494382,825.0,3.0898876404494384,37.91,-121.7,1
4.5833,52.0,4.816901408450704,0.9859154929577465,727.0,2.047887323943662,34.08,-118.35,1
2.7216,32.0,5.366594360086768,1.0824295010845988,1224.0,2.6550976138828633,33.12,-117.07,0
4.875,5.0,7.101721439749609,1.176056338028169,7694.0,6.020344287949921,34.69,-118.2,0
6.6833,25.0,6.870967741935484,1.053763440860215,311.0,3.3440860215053765,33.67,-117.9,1
3.125,25.0,4.15615141955836,1.0410094637223974,1710.0,2.697160883280757,33.78,-117.86,1
1.4719,26.0,3.8758169934640523,1.0147058823529411,1647.0,2.6911764705882355,34.0,-117.41,0
5.637,32.0,3.998073217726397,1.0385356454720616,954.0,1.8381502890173411,33.83,-118.39,1
4.9236,43.0,5.220843672456576,0.9627791563275434,1137.0,2.8213399503722085,37.26,-121.94,1
3.9732,28.0,4.6524663677130045,1.0381165919282511,1216.0,2.726457399103139,33.86,-118.35,1
4.0227,10.0,6.346846846846847,1.117117117117117,782.0,3.5225225225225225,38.03,-121.3,0
2.4219,19.0,4.97986577181208,0.9932885906040269,1296.0,4.348993288590604,36.61,-119.43,0
1.9176,24.0,4.23469387755102,0.9693877551020408,279.0,1.4234693877551021,33.02,-117.06,0
1.8672,18.0,5.329512893982808,1.171919770773639,741.0,2.1232091690544412,39.43,-121.32,0
2.625,40.0,3.173469387755102,0.9897959183673469,902.0,4.6020408163265305,36.43,-121.33,0
4.2969,16.0,5.607638888888889,1.0052083333333333,1825.0,3.1684027777777777,32.91,-117.13,0
4.1016,14.0,20.939393939393938,3.6666666666666665,141.0,2.1363636363636362,39.2,-120.15,1
5.9585,14.0,7.2727272727272725,1.0616883116883118,1030.0,3.344155844155844,39.18,-123.17,1
2.7578,46.0,4.476190476190476,1.054421768707483,880.0,1.9954648526077097,33.98,-118.03,1
3.1453,23.0,5.483582089552239,0.991044776119403,1064.0,3.1761194029850746,36.2,-119.31,0
4.2813,39.0,4.647058823529412,0.9673202614379085,347.0,2.2679738562091503,34.01,-118.46,1
4.2937,35.0,6.092178770949721,1.0363128491620113,1249.0,3.488826815642458,33.86,-117.96,1
2.3456,25.0,4.04930966469428,1.1400394477317555,1721.0,3.3944773175542404,33.91,-118.15,0
6.1834,16.0,8.263250883392226,1.0265017667844523,1902.0,3.360424028268551,33.09,-117.04,1
4.7279,30.0,6.255376344086022,1.1263440860215055,1114.0,2.9946236559139785,37.24,-121.91,1
4.9292,15.0,6.333333333333333,0.9886621315192744,1411.0,3.199546485260771,36.83,-119.75,0
4.1033,28.0,4.702331961591221,1.0329218106995885,1753.0,2.404663923182442,37.27,-121.93,1
4.2042,20.0,5.241379310344827,1.0524737631184409,3221.0,2.414542728635682,38.0,-122.12,0
2.125,45.0,6.213235294117647,1.1397058823529411,343.0,2.5220588235294117,39.14,-121.91,0
4.4732,36.0,5.7701492537313435,1.017910447761194,958.0,2.8597014925373134,33.96,-118.13,1
2.5343,39.0,4.216931216931217,1.1375661375661377,1668.0,4.412698412698413,34.09,-118.2,0
1.023,20.0,4.194762684124386,1.0769230769230769,1363.0,2.230769230769231,39.92,-122.19,0
6.822,41.0,4.982352941176471,1.0176470588235293,344.0,2.023529411764706,33.87,-118.43,1
6.9742,38.0,6.4961832061068705,1.0178117048346056,1042.0,2.6513994910941476,33.8,-118.36,1
2.6563,36.0,3.072607260726073,0.9207920792079208,778.0,2.567656765676568,33.86,-117.93,0
3.8026,28.0,5.647940074906367,0.9850187265917603,996.0,3.730337078651685,32.81,-117.23,1
2.5603,32.0,3.517821782178218,1.0495049504950495,3129.0,3.098019801980198,34.18,-118.38,0
3.7014,24.0,5.493408662900189,1.0225988700564972,1878.0,3.536723163841808,38.15,-122.25,0
1.3963,41.0,2.746765249537893,0.9408502772643254,2312.0,4.273567467652495,33.99,-118.25,0
2.9861,33.0,4.198858230256898,1.0532825880114176,2239.0,2.1303520456707896,37.7,-122.09,1
3.3295,17.0,6.144444444444445,1.15,466.0,2.588888888888889,38.92,-120.0,0
4.4464,52.0,4.394919168591224,1.0646651270207852,831.0,1.9191685912240184,37.79,-122.44,1
2.0303,40.0,4.925087108013937,1.1411149825783973,2037.0,3.548780487804878,37.94,-121.29,0
2.1273,24.0,4.035509736540664,1.1351660939289805,1775.0,2.0332187857961053,32.76,-117.14,0
3.0774,52.0,4.997983870967742,1.0383064516129032,1816.0,3.661290322580645,37.76,-122.41,1
5.3057,26.0,4.596875,1.0875,1089.0,3.403125,37.44,-121.88,1
2.5947,23.0,3.4986876640419946,1.031496062992126,1369.0,3.593175853018373,34.42,-119.67,1
1.2091,39.0,4.282913165266106,1.0028011204481793,1154.0,3.2324929971988796,33.95,-118.27,0
3.9808,20.0,5.678688524590164,1.0065573770491802,999.0,3.275409836065574,38.28,-121.2,0
6.8322,52.0,7.320121951219512,1.0548780487804879,812.0,2.475609756097561,37.73,-122.46,1
4.0709,13.0,6.119891008174387,1.1185286103542234,2093.0,2.85149863760218,38.69,-120.7,0
2.3317,29.0,3.031123139377537,1.0717185385656292,2254.0,3.0500676589986466,34.09,-118.29,0
2.8875,17.0,5.676537585421412,1.1252847380410023,1278.0,2.9111617312072893,32.82,-116.92,0
3.4063,52.0,4.558194774346793,0.9596199524940617,1483.0,3.522565320665083,37.75,-122.41,1
8.1194,52.0,7.75,0.9873417721518988,916.0,2.8987341772151898,37.83,-122.24,1
2.9821,19.0,5.278947368421052,1.236842105263158,538.0,2.831578947368421,38.24,-120.79,0
3.3864,45.0,4.824175824175824,1.0615384615384615,1265.0,2.78021978021978,34.08,-118.36,1
4.4375,16.0,6.126353790613718,0.9638989169675091,832.0,3.003610108303249,38.35,-121.98,0
2.9875,13.0,5.006908462867012,1.1347150259067358,1946.0,3.360967184801382,33.23,-117.23,0
1.4103,52.0,3.7493796526054592,0.967741935483871,901.0,2.235732009925558,37.83,-122.28,0
3.7455,47.0,4.871125611745514,1.0228384991843393,1399.0,2.2822185970636215,37.31,-121.89,1
1.5429,42.0,5.258215962441315,1.1971830985915493,677.0,3.1784037558685445,35.33,-119.01,0
3.7917,15.0,6.402255639097745,1.0263157894736843,847.0,3.1842105263157894,34.39,-117.31,0
4.69,36.0,6.405882352941177,1.0705882352941176,535.0,3.1470588235294117,37.25,-121.93,1
1.0918,52.0,2.2533333333333334,1.2026666666666668,1230.0,3.28,32.71,-117.16,0
5.0286,30.0,6.184375,1.06875,999.0,3.121875,34.89,-120.43,0
3.4167,23.0,5.433915211970075,1.0211970074812968,1852.0,2.309226932668329,36.82,-119.79,0
2.0984,44.0,3.9573560767590616,1.0511727078891258,1374.0,2.929637526652452,34.05,-118.35,0
6.5847,23.0,8.442748091603054,1.0381679389312977,1124.0,2.8600508905852418,37.92,-122.03,1
6.1383,23.0,7.203562340966921,1.0330788804071247,1284.0,3.267175572519084,34.3,-118.7,1
1.7386,38.0,4.129032258064516,1.0725806451612903,676.0,5.451612903225806,37.94,-121.27,0
3.9375,24.0,7.662721893491124,1.1952662721893492,1093.0,3.2337278106508878,34.87,-120.33,1
1.825,50.0,4.841463414634147,1.1073170731707318,1090.0,2.658536585365854,33.98,-118.31,0
2.1827,52.0,4.344230769230769,1.0326923076923078,957.0,1.8403846153846153,38.45,-122.71,1
0.9797,32.0,4.843283582089552,1.3544776119402986,716.0,2.671641791044776,37.95,-122.37,0
4.9432,10.0,6.89873417721519,1.0379746835443038,470.0,2.9746835443037973,36.35,-119.67,0
3.6989,13.0,4.82054890921886,0.9852216748768473,4251.0,2.9915552427867698,38.69,-121.36,0
4.9904,5.0,7.843010752688172,1.2247311827956988,3123.0,3.358064516129032,34.6,-118.16,0
3.7887,52.0,4.926724137931035,1.110632183908046,1584.0,2.2758620689655173,37.78,-122.46,1
1.625,48.0,2.31055900621118,1.0848861283643891,1610.0,3.3333333333333335,34.1,-118.33,1
3.3906,52.0,7.385416666666667,1.7777777777777777,733.0,2.545138888888889,33.33,-118.32,1
7.2707,8.0,6.771929824561403,1.0394736842105263,1799.0,3.9451754385964914,37.33,-121.77,1
3.1599,9.0,5.212361331220285,0.9841521394611727,1866.0,2.9572107765451663,36.33,-119.24,0
1.3,41.0,1.750814332247557,0.9723127035830619,2260.0,3.6807817589576546,34.05,-118.28,0
7.9813,30.0,7.216216216216216,1.0,1097.0,2.6953316953316953,37.37,-122.07,1
3.9028,25.0,5.470967741935484,0.9870967741935484,436.0,2.8129032258064517,39.52,-121.49,0
5.0476,32.0,3.7664670658682633,0.9970059880239521,645.0,1.9311377245508983,33.73,-118.11,1
1.9392,27.0,3.433734939759036,1.0466867469879517,1235.0,1.8599397590361446,32.76,-117.13,0
3.4464,5.0,6.360097323600973,1.0535279805352797,1275.0,3.102189781021898,40.6,-122.42,0
1.6343,38.0,3.670157068062827,0.9685863874345549,970.0,2.5392670157068062,38.63,-121.44,0
2.5685,20.0,4.7950738916256155,1.0,1725.0,1.6995073891625616,38.41,-122.4,1
3.0429,27.0,4.933184855233853,0.9799554565701559,1987.0,4.425389755011136,34.04,-117.74,0
3.5,16.0,9.308383233532934,1.7125748502994012,885.0,2.6497005988023954,38.9,-119.98,0
1.6571,31.0,4.289137380191693,1.0782747603833867,1367.0,2.18370607028754,39.15,-123.21,0
5.1048,37.0,5.3538461538461535,1.3076923076923077,673.0,1.7256410256410257,33.6,-117.91,1
6.0487,15.0,7.616883116883117,0.948051948051948,450.0,2.9220779220779223,38.26,-122.07,1
4.945,11.0,6.661971830985915,1.0070422535211268,1331.0,3.124413145539906,38.41,-122.0,1
2.8542,52.0,5.457831325301205,0.9939759036144579,257.0,1.5481927710843373,38.56,-121.44,0
3.8583,11.0,5.186653771760155,1.1218568665377175,2783.0,2.6914893617021276,34.24,-118.46,0
2.7477,4.0,4.509516837481699,1.2108345534407028,1195.0,1.7496339677891655,38.68,-121.26,0
6.6633,10.0,6.289272030651341,1.053639846743295,2491.0,4.772030651340996,37.33,-121.79,1
3.5114,41.0,4.401273885350318,1.124203821656051,704.0,2.2420382165605095,37.68,-122.09,1
6.1935,11.0,6.131645569620253,1.0860759493670886,810.0,2.050632911392405,33.64,-117.64,1
2.2653,40.0,3.54739652870494,1.0600801068090788,2149.0,2.869158878504673,34.07,-118.31,1
1.1957,19.0,3.923943661971831,1.0338028169014084,915.0,2.5774647887323945,37.74,-121.42,0
2.4583,50.0,4.667377398720682,0.9808102345415778,1097.0,2.3390191897654584,34.0,-118.32,0
4.2422,15.0,4.3605313092979125,1.0759013282732448,1261.0,2.3927893738140416,33.88,-117.99,0
6.7501,34.0,6.837301587301587,1.1071428571428572,617.0,2.4484126984126986,33.95,-118.11,1
4.4881,36.0,5.759776536312849,0.9804469273743017,1134.0,3.1675977653631286,33.92,-118.16,1
2.881,47.0,3.8613138686131387,1.0766423357664234,1097.0,4.0036496350364965,33.97,-118.22,1
7.1053,15.0,6.52054794520548,0.9178082191780822,213.0,2.9178082191780823,38.36,-122.01,1
3.1667,23.0,5.225531914893617,1.0,569.0,2.421276595744681,32.8,-115.64,0
5.299,12.0,7.214932126696833,1.0475113122171946,1200.0,2.7149321266968327,34.91,-120.44,1
2.9583,35.0,3.8633540372670807,1.0062111801242235,1603.0,4.978260869565218,33.84,-117.91,0
3.9625,26.0,4.01878453038674,1.0309392265193371,2249.0,2.4850828729281766,37.34,-121.99,1
2.4524,41.0,5.340116279069767,1.188953488372093,1430.0,4.156976744186046,34.13,-117.32,0
3.1375,31.0,5.25,1.1203703703703705,680.0,2.0987654320987654,38.32,-122.48,1
2.2264,31.0,4.9804469273743015,1.0670391061452513,1266.0,3.536312849162011,36.2,-119.35,0
2.8942,16.0,6.160493827160494,1.131687242798354,737.0,3.0329218106995883,39.22,-120.99,1
6.0857,5.0,6.208558371416701,1.0344827586206897,6600.0,2.7420024927295388,32.93,-117.08,1
2.1101,34.0,5.607329842931938,1.0994764397905759,1056.0,2.764397905759162,40.78,-124.13,0
3.1,17.0,4.846511627906977,0.9767441860465116,650.0,3.0232558139534884,32.8,-117.01,0
2.5025,38.0,4.708971553610503,0.986870897155361,1320.0,2.888402625820569,37.79,-121.22,0
1.3844,29.0,3.4564643799472297,0.9604221635883905,1009.0,2.662269129287599,37.78,-122.43,0
3.7727,22.0,4.805602716468591,1.0263157894736843,5389.0,4.574702886247878,34.1,-117.98,0
6.925,18.0,7.902004454342984,1.0556792873051224,1506.0,3.354120267260579,33.78,-117.8,1
3.6579,48.0,4.557726465364121,1.014209591474245,1421.0,2.523978685612789,34.1,-118.26,1
6.8407,25.0,7.111553784860558,0.9880478087649402,750.0,2.9880478087649402,33.83,-117.88,1
3.7286,26.0,7.101449275362318,1.0326086956521738,1862.0,3.3731884057971016,34.13,-117.35,0
2.1776,22.0,5.4437229437229435,1.0432900432900434,1284.0,2.779220779220779,39.39,-121.59,0
4.1818,22.0,4.426056338028169,1.0651408450704225,1225.0,2.1566901408450705,33.93,-118.41,1
2.3319,15.0,5.488745980707395,1.0707395498392283,2097.0,3.3713826366559485,32.68,-115.48,0
5.1335,29.0,5.146883005977797,1.0204953031596926,2687.0,2.294619982920581,37.4,-122.13,1
1.7308,52.0,4.231173380035027,1.0823117338003503,1150.0,2.0140105078809105,40.8,-124.16,0
3.4265,43.0,6.242666666666667,1.0533333333333332,890.0,2.3733333333333335,36.77,-119.81,0
2.2768,14.0,5.132553606237817,1.0331384015594542,1324.0,2.580896686159844,40.46,-122.27,0
3.3679,52.0,4.613412228796844,1.0808678500986193,1090.0,2.1499013806706113,37.77,-122.45,1
5.3847,32.0,6.149681528662421,0.9490445859872612,948.0,3.0191082802547773,34.27,-118.53,1
3.6086,30.0,3.9160839160839163,1.0932400932400932,1779.0,4.146853146853147,33.82,-118.22,0
3.8307,33.0,5.728440366972477,1.0623853211009173,1733.0,3.179816513761468,35.38,-118.92,0
2.2437,9.0,4.114213197969543,1.0862944162436547,678.0,1.7208121827411167,36.73,-119.73,0
3.0139,11.0,5.347712418300653,1.1294117647058823,1927.0,2.518954248366013,33.15,-117.2,1
2.1083,20.0,4.2041467304625195,1.10207336523126,1142.0,1.821371610845295,37.96,-122.03,0
13.8556,52.0,8.948148148148148,1.0777777777777777,810.0,3.0,34.05,-118.49,1
5.4622,17.0,6.417910447761194,1.0776119402985074,1194.0,3.564179104477612,33.6,-117.69,1
4.9844,29.0,6.002247191011236,0.9820224719101124,1484.0,3.3348314606741574,34.11,-117.83,1
1.8894,39.0,5.228571428571429,1.1371428571428572,580.0,3.3142857142857145,36.04,-119.4,0
4.0385,52.0,5.053619302949062,1.0750670241286864,764.0,2.0482573726541555,34.17,-118.04,1
5.2072,20.0,6.170212765957447,0.9627659574468085,543.0,2.8882978723404253,34.24,-117.41,0
4.9766,10.0,6.887147335423197,1.031347962382445,1064.0,3.335423197492163,34.87,-120.4,1
3.9531,17.0,5.505434782608695,1.0054347826086956,1297.0,2.3496376811594204,32.95,-117.05,0
2.0802,22.0,5.577681874229347,1.1288532675709002,4276.0,2.636251541307028,41.61,-120.55,0
5.9629,39.0,5.948529411764706,0.9828431372549019,1178.0,2.8872549019607843,37.48,-122.17,1
2.4667,33.0,4.43254817987152,1.0042826552462527,1851.0,3.9635974304068524,33.98,-117.36,0
5.0102,25.0,5.892580287929126,1.070874861572536,1969.0,2.1805094130675524,33.78,-118.08,1
2.5685,26.0,4.517777777777778,1.028888888888889,618.0,1.3733333333333333,33.61,-117.72,0
2.2132,34.0,4.858044164037855,1.0347003154574133,1037.0,3.271293375394322,34.13,-117.91,0
2.5875,17.0,5.381188118811881,1.2574257425742574,522.0,2.5841584158415842,39.25,-123.36,0
3.5313,15.0,5.306425041186161,1.085667215815486,1390.0,2.2899505766062602,34.27,-118.67,1
4.4875,52.0,5.210016155088853,1.0775444264943457,1494.0,2.4135702746365104,37.77,-122.44,1
4.0083,37.0,4.989655172413793,1.0655172413793104,1279.0,4.410344827586207,34.13,-117.98,0
2.1429,52.0,5.502923976608187,1.0760233918128654,414.0,2.4210526315789473,37.98,-121.28,0
3.5938,34.0,4.582633053221288,1.0028011204481793,977.0,2.7366946778711485,33.9,-118.02,1
4.0375,32.0,5.877483443708609,1.0397350993377483,1067.0,3.533112582781457,34.07,-117.68,0
4.3359,47.0,5.070281124497992,1.0502008032128514,1514.0,3.040160642570281,34.14,-118.19,1
1.5625,21.0,3.930909090909091,0.9236363636363636,715.0,2.6,39.4,-123.36,0
5.3064,15.0,6.423584905660378,0.9924528301886792,3060.0,2.8867924528301887,38.66,-121.79,0
1.9784,37.0,4.988584474885845,1.038812785388128,1143.0,2.6095890410958904,36.78,-119.78,0
3.7109,11.0,5.717525773195876,1.0041237113402062,2300.0,2.3711340206185567,33.18,-117.14,1
6.2642,48.0,5.9798994974874375,0.914572864321608,497.0,2.4974874371859297,37.73,-122.49,1
4.7679,28.0,6.899598393574297,1.0783132530120483,1503.0,3.0180722891566263,32.81,-117.18,1
4.1429,37.0,5.67741935483871,0.9935483870967742,369.0,2.3806451612903228,34.17,-118.5,1
1.8238,14.0,4.606635071090047,1.0545023696682465,1830.0,2.1682464454976302,38.95,-121.11,0
3.6333,14.0,5.902777777777778,0.9666666666666667,1067.0,2.963888888888889,34.49,-117.21,0
2.77,27.0,5.81042654028436,1.1374407582938388,706.0,3.345971563981043,36.65,-119.78,0
1.1642,14.0,2.342070773263434,1.1179554390563564,2251.0,2.9501965923984272,34.06,-118.28,1
2.9509,19.0,11.625874125874127,2.3076923076923075,750.0,2.6223776223776225,38.26,-119.3,0
3.2237,31.0,4.65792759051186,1.0649188514357053,2313.0,2.8876404494382024,33.92,-118.14,1
1.681,31.0,3.9197080291970803,1.1070559610705597,786.0,1.9124087591240877,37.94,-122.34,0
2.6328,11.0,4.1294387170675835,1.0080183276059564,3637.0,4.166093928980527,33.89,-118.17,0
2.6364,47.0,5.1214574898785425,1.0283400809716599,587.0,2.376518218623482,38.01,-121.82,0
2.8994,34.0,5.295208655332303,0.9629057187017002,1938.0,2.9953632148377127,36.8,-119.78,0
3.6196,17.0,4.9366666666666665,1.05,1002.0,3.34,32.92,-117.13,0
2.0643,14.0,4.2817567567567565,1.0763513513513514,3909.0,2.641216216216216,37.51,-120.84,0
2.8445,35.0,4.636494252873563,1.0761494252873562,1881.0,2.7025862068965516,33.88,-118.3,1
3.7619,47.0,4.997361477572559,1.0765171503957784,1629.0,4.298153034300792,34.04,-118.2,0
3.1597,37.0,4.237647058823529,0.9929411764705882,1564.0,3.68,34.13,-117.9,0
4.119,28.0,5.0756143667296785,1.0982986767485823,1243.0,2.3497164461247637,33.86,-118.37,1
2.6082,29.0,3.4941176470588236,1.0294117647058822,1968.0,2.8941176470588235,33.97,-118.04,0
2.8906,35.0,5.403141361256544,1.0837696335078535,954.0,4.994764397905759,34.08,-117.99,0
6.1726,18.0,4.707938092860709,1.234648027958063,3408.0,1.7014478282576135,33.97,-118.46,1
5.5051,31.0,5.345549738219895,1.0,495.0,2.5916230366492146,34.11,-118.23,1
2.225,26.0,3.2,0.8,27.0,2.7,36.62,-121.84,0
15.0001,32.0,8.84504132231405,1.0351239669421488,1318.0,2.7231404958677685,37.44,-122.22,1
2.9201,32.0,3.7255244755244754,1.0926573426573427,1229.0,2.1486013986013988,37.79,-122.55,1
3.1746,22.0,3.665924276169265,1.2628062360801782,1655.0,1.8429844097995545,34.02,-118.42,1
5.6096,17.0,5.486005089058525,1.1068702290076335,1400.0,3.5623409669211195,37.41,-121.85,1
3.8409,34.0,5.4591439688715955,1.066147859922179,977.0,3.801556420233463,34.04,-117.94,0
3.8668,45.0,5.460949464012251,1.0735068912710566,1601.0,2.451761102603369,34.18,-118.34,1
2.9853,28.0,3.242857142857143,1.05,366.0,2.6142857142857143,37.33,-121.91,1
4.6687,44.0,5.782016348773842,1.0490463215258856,1012.0,2.757493188010899,34.0,-118.4,1
2.8202,24.0,3.136150234741784,1.0633802816901408,1268.0,2.976525821596244,34.06,-118.31,1
3.48,52.0,4.757281553398058,1.0679611650485437,689.0,2.2297734627831716,37.83,-122.26,1
3.6875,44.0,4.524475524475524,0.993006993006993,457.0,3.195804195804196,34.04,-118.15,0
2.2788,38.0,4.429203539823009,1.008849557522124,597.0,2.6415929203539825,38.67,-121.38,0
6.7571,42.0,6.665178571428571,1.0580357142857142,665.0,2.96875,34.21,-118.2,1
4.15,20.0,5.708860759493671,1.0063291139240507,1236.0,2.607594936708861,37.74,-121.4,1
2.7236,19.0,5.77208480565371,1.0848056537102473,1252.0,2.2120141342756185,38.36,-120.69,0
3.125,42.0,4.012820512820513,0.9166666666666666,625.0,4.006410256410256,33.98,-118.22,0
3.3583,19.0,5.10377358490566,0.9811320754716981,457.0,4.311320754716981,32.87,-115.49,0
4.3482,9.0,5.7924528301886795,1.1037735849056605,409.0,1.929245283018868,35.36,-119.06,0
5.4721,33.0,5.183319570602808,1.0520231213872833,3025.0,2.4979355904211396,37.41,-122.1,1
2.6899,22.0,5.400244798041616,1.1321909424724603,3116.0,3.813953488372093,37.6,-121.0,0
5.3705,5.0,6.646067415730337,1.1310861423220975,1571.0,2.9419475655430714,33.45,-117.63,1
2.0786,33.0,4.562589928057554,1.1971223021582733,1591.0,2.289208633093525,38.62,-121.42,0
10.0743,50.0,7.868525896414343,0.9760956175298805,644.0,2.5657370517928286,37.56,-122.33,1
5.75,25.0,21.397435897435898,4.461538461538462,163.0,2.08974358974359,39.15,-120.15,0
5.0258,12.0,5.882911392405063,1.2436708860759493,622.0,1.9683544303797469,33.89,-117.92,0
1.9441,18.0,4.157051282051282,1.080128205128205,610.0,1.955128205128205,38.51,-122.45,1
3.7413,24.0,5.555555555555555,1.034608378870674,1743.0,3.1748633879781423,38.03,-121.31,0
2.1842,47.0,5.544502617801047,1.081151832460733,965.0,2.526178010471204,37.76,-122.17,0
3.9443,2.0,7.507731958762887,1.1947717231222386,7132.0,2.625920471281296,33.57,-117.16,1
3.8897,52.0,5.564432989690721,1.092783505154639,824.0,2.1237113402061856,37.88,-122.29,1
4.5304,34.0,4.7515625,1.0578125,1920.0,3.0,33.91,-118.32,1
10.3894,32.0,7.320833333333334,0.9854166666666667,1583.0,3.2979166666666666,37.4,-122.12,1
3.3036,26.0,5.45303867403315,1.0055248618784531,1002.0,2.7679558011049723,38.36,-121.82,1
2.1937,20.0,3.625766871165644,1.1625766871165644,678.0,2.079754601226994,32.75,-117.14,0
4.4292,17.0,4.950965824665676,1.1322436849925706,1797.0,2.6701337295690935,34.18,-119.22,1
2.7717,25.0,5.79175704989154,1.143167028199566,936.0,2.0303687635574836,33.12,-117.32,1
4.2083,44.0,5.323204419889502,0.9171270718232044,846.0,2.3370165745856353,37.47,-122.2,1
4.0625,52.0,4.156118143459915,1.0443037974683544,871.0,1.8375527426160339,37.75,-122.43,1
3.5,32.0,4.316666666666666,0.9333333333333333,1156.0,3.8533333333333335,37.6,-122.02,0
5.4088,27.0,4.711656441717792,1.156441717791411,553.0,1.696319018404908,33.9,-118.43,1
4.0,16.0,14.802197802197803,3.5934065934065935,271.0,2.978021978021978,34.22,-117.09,0
2.5574,32.0,5.830927835051546,1.1463917525773195,1655.0,3.4123711340206184,38.52,-121.42,0
1.473,35.0,3.0697674418604652,1.0734883720930233,3120.0,2.902325581395349,37.33,-121.88,1
9.8937,29.0,7.966029723991507,0.9936305732484076,1320.0,2.8025477707006368,37.28,-122.03,1
4.6354,36.0,5.841911764705882,0.9742647058823529,804.0,2.9558823529411766,33.89,-118.01,1
4.7,25.0,6.889400921658986,1.0368663594470047,1335.0,3.076036866359447,38.24,-122.61,1
2.6528,45.0,4.154285714285714,0.96,520.0,2.9714285714285715,34.03,-118.45,1
3.038,31.0,3.46843853820598,0.946843853820598,762.0,2.53156146179402,36.6,-121.86,1
7.3861,16.0,5.661596958174905,0.9961977186311787,945.0,3.593155893536122,37.41,-121.86,1
2.3,37.0,4.2898550724637685,1.0507246376811594,1320.0,4.782608695652174,33.98,-118.15,0
3.6,29.0,4.044822256568779,1.0324574961360125,1868.0,2.8871715610510047,33.9,-118.3,1
5.7133,13.0,6.75625,1.0166666666666666,1585.0,3.3020833333333335,38.7,-121.24,0
2.8,20.0,5.769423558897243,1.0325814536340852,1205.0,3.020050125313283,39.15,-121.74,0
2.0871,20.0,3.5859154929577466,0.9971830985915493,1548.0,4.3605633802816905,33.64,-116.11,0
3.25,39.0,4.503205128205129,1.0737179487179487,1109.0,1.7772435897435896,34.06,-118.36,1
6.0224,38.0,5.1,1.2,41.0,4.1,33.8,-117.89,1
4.4135,30.0,4.773913043478261,1.0565217391304347,1131.0,2.458695652173913,33.65,-117.9,1
3.628,14.0,4.477894736842106,1.1305263157894736,1338.0,2.816842105263158,33.72,-117.99,1
2.8125,30.0,5.922818791946309,1.0402684563758389,746.0,2.5033557046979866,36.35,-119.64,0
5.143,9.0,6.139896373056994,1.0984455958549222,1129.0,2.9248704663212437,37.98,-121.33,0
1.95,28.0,3.6581059390048156,1.0770465489566614,1166.0,1.8715890850722312,32.75,-117.13,0
2.0804,42.0,4.294117647058823,1.1176470588235294,1206.0,2.026890756302521,37.84,-122.26,1
5.8415,47.0,5.76978417266187,1.0215827338129497,639.0,2.2985611510791366,37.3,-121.89,1
3.625,36.0,5.0756013745704465,1.0481099656357389,788.0,2.7079037800687287,33.9,-118.13,1
3.5192,24.0,5.909706546275395,1.0948081264108351,726.0,1.6388261851015802,33.01,-117.06,0
3.6053,34.0,6.029227557411273,1.0354906054279749,1168.0,2.4384133611691023,38.61,-121.38,0
5.259,36.0,5.912234042553192,0.9574468085106383,1162.0,3.0904255319148937,33.86,-118.34,1
6.1868,13.0,8.332326283987916,1.1268882175226587,2119.0,3.200906344410876,33.1,-117.05,1
3.0907,13.0,5.743537414965987,1.1863945578231292,4885.0,3.32312925170068,33.92,-117.27,0
2.6629,21.0,4.858156028368795,1.0904255319148937,2630.0,4.663120567375887,36.42,-121.31,0
3.9848,27.0,5.011472275334608,0.9808795411089866,1063.0,2.032504780114723,37.36,-122.05,1
6.3303,16.0,8.287610619469026,1.1238938053097345,1556.0,3.4424778761061945,34.17,-118.94,1
2.1974,18.0,3.3815028901734103,1.0751445086705202,681.0,1.9682080924855492,34.43,-119.71,1
2.1875,48.0,4.5,1.0142857142857142,791.0,2.825,33.99,-118.32,0
4.3693,44.0,5.619718309859155,0.9947183098591549,1439.0,2.533450704225352,37.01,-121.58,1
2.0395,26.0,4.72354211663067,1.019438444924406,1339.0,2.8920086393088553,40.57,-122.34,0
10.06,22.0,7.985200845665962,1.047568710359408,2808.0,2.968287526427061,33.77,-118.41,1
2.375,11.0,5.965116279069767,1.2093023255813953,204.0,2.372093023255814,39.78,-120.48,0
3.1507,6.0,4.838483146067416,1.1896067415730338,2467.0,3.4648876404494384,33.91,-118.16,0
1.375,35.0,4.0508474576271185,1.0314769975786926,1041.0,2.5205811138014527,35.38,-118.97,0
1.6667,44.0,3.5064516129032257,1.0806451612903225,1441.0,4.648387096774194,33.98,-118.25,0
3.625,35.0,6.75,1.375,1870.0,4.328703703703703,35.73,-117.73,0
7.1885,37.0,7.327586206896552,1.0172413793103448,598.0,3.4367816091954024,34.11,-118.04,1
4.1023,29.0,5.37414030261348,1.0632737276478679,2037.0,2.8019257221458047,34.23,-118.58,1
3.0375,21.0,4.972270363951473,1.0329289428076256,1471.0,2.5493934142114383,32.82,-117.17,1
3.9762,14.0,5.796803652968037,1.0639269406392695,1271.0,2.901826484018265,40.58,-122.26,0
3.1711,52.0,5.058309037900875,1.0116618075801749,712.0,2.075801749271137,38.23,-122.65,1
3.3702,52.0,4.527318932655654,1.0571791613722998,1712.0,2.1753494282083863,37.77,-122.43,1
9.8091,4.0,6.760869565217392,1.108695652173913,128.0,2.782608695652174,33.75,-118.41,1
2.735,18.0,4.049306625577812,1.1093990755007703,2276.0,3.5069337442218798,33.88,-118.0,0
3.5795,35.0,5.50763358778626,1.015267175572519,861.0,3.286259541984733,34.08,-117.91,1
3.6875,34.0,4.419664268585132,1.0599520383693046,861.0,2.064748201438849,34.18,-118.45,1
1.4419,39.0,4.55425219941349,1.064516129032258,1449.0,4.249266862170088,36.73,-119.76,0
1.2745,15.0,2.7386934673366836,0.9262981574539364,1347.0,2.2562814070351758,32.67,-117.1,0
3.7614,31.0,4.145945945945946,0.9243243243243243,548.0,2.962162162162162,37.63,-122.08,0
4.997,9.0,6.734790874524715,1.091254752851711,3084.0,2.931558935361217,35.33,-119.09,0
7.7197,16.0,17.5,1.75,17.0,4.25,33.97,-118.43,1
5.0602,34.0,5.960912052117264,1.0260586319218241,822.0,2.6775244299674266,33.88,-118.38,1
5.8324,17.0,6.457960644007156,1.0608228980322003,1734.0,3.1019677996422184,36.9,-121.29,1
3.3839,36.0,5.621621621621622,0.9954954954954955,672.0,3.027027027027027,38.26,-122.06,0
3.95,52.0,6.060869565217391,0.9695652173913043,545.0,2.369565217391304,37.74,-122.15,1
3.9464,7.0,6.167582417582418,1.1181318681318682,1016.0,2.791208791208791,34.87,-117.03,0
7.6864,16.0,7.107544141252006,1.0658105939004816,1677.0,2.691813804173355,37.53,-122.25,1
3.7067,45.0,4.843283582089552,1.0970149253731343,1064.0,3.970149253731343,33.98,-118.34,0
5.0767,25.0,6.042065009560229,0.9694072657743786,1514.0,2.8948374760994264,34.44,-119.89,1
4.5391,14.0,6.016688061617458,1.017971758664955,2436.0,3.1270860077021823,33.37,-117.24,1
3.5295,15.0,4.567365269461078,1.0254491017964071,1479.0,2.214071856287425,37.68,-122.08,1
4.3611,44.0,5.166253101736973,1.1662531017369726,1154.0,2.8635235732009927,37.74,-122.5,1
4.2206,29.0,6.639204545454546,1.1107954545454546,1054.0,2.9943181818181817,38.51,-121.35,0
2.2232,48.0,3.3209606986899565,1.1200873362445414,1772.0,3.868995633187773,34.04,-118.28,0
2.5012,42.0,4.183729433272394,1.0475319926873858,2749.0,2.512797074954296,33.8,-118.2,1
3.506,24.0,4.533333333333333,1.0215384615384615,2981.0,3.0574358974358975,37.24,-121.88,1
2.9491,49.0,4.939716312056738,1.0283687943262412,605.0,2.145390070921986,34.16,-118.28,1
3.0526,37.0,4.068459657701712,0.980440097799511,1316.0,3.21760391198044,33.9,-118.32,1
1.4639,6.0,3.6898263027295286,1.1612903225806452,1509.0,3.7444168734491314,34.0,-118.29,0
4.6625,11.0,5.232666666666667,1.1093333333333333,3561.0,2.374,34.25,-118.52,1
6.1323,32.0,6.28951048951049,1.020979020979021,1846.0,2.581818181818182,37.59,-122.39,1
2.9432,52.0,4.949458483754513,1.1371841155234657,986.0,3.55956678700361,33.98,-118.3,0
2.7,5.0,8.857142857142858,2.0476190476190474,41.0,1.9523809523809523,33.38,-115.94,0
4.2011,41.0,5.05420054200542,1.062330623306233,825.0,2.2357723577235773,38.01,-122.68,1
2.7333,38.0,3.9209621993127146,1.1443298969072164,1028.0,3.5326460481099655,37.36,-121.9,1
4.3281,17.0,6.105882352941176,1.0294117647058822,998.0,2.9352941176470586,36.39,-119.27,0
5.097,33.0,5.664179104477612,1.126865671641791,831.0,3.1007462686567164,37.61,-122.03,1
2.0583,34.0,4.526104417670683,1.104417670682731,971.0,3.8995983935742973,34.12,-117.3,0
2.0227,20.0,7.552486187845304,1.569060773480663,429.0,2.3701657458563536,41.82,-120.48,0
2.6937,45.0,5.060640732265446,1.1453089244851258,2109.0,2.4130434782608696,38.12,-122.27,0
5.2534,31.0,5.425383542538354,0.9916317991631799,1898.0,2.6471408647140864,37.31,-121.96,1
3.1364,38.0,4.377215189873418,0.9974683544303797,801.0,2.027848101265823,34.44,-119.73,1
4.1652,37.0,5.205673758865248,1.0780141843971631,1038.0,3.6808510638297873,37.64,-122.06,0
5.2903,20.0,6.550161812297735,1.0129449838187703,879.0,2.8446601941747574,38.89,-121.15,1
3.5673,17.0,5.453731343283582,1.0388059701492538,766.0,2.2865671641791043,34.65,-118.23,0
5.6945,36.0,6.191489361702128,1.0212765957446808,124.0,2.6382978723404253,37.59,-120.59,0
4.055,34.0,5.131436314363143,1.0447154471544715,1966.0,2.6639566395663956,34.27,-118.51,1
4.0865,30.0,5.132743362831858,0.9911504424778761,1434.0,3.172566371681416,33.85,-118.03,1
3.0089,36.0,7.873015873015873,1.7777777777777777,334.0,2.6507936507936507,33.09,-116.58,0
3.6125,15.0,5.917808219178082,1.1917808219178083,208.0,2.8493150684931505,38.53,-120.59,0
4.0625,44.0,5.10969387755102,0.9948979591836735,1291.0,3.2933673469387754,34.03,-118.14,1
2.8583,19.0,4.100358422939068,0.9605734767025089,365.0,1.3082437275985663,33.62,-117.72,0
2.7656,5.0,6.15,1.05,50.0,2.5,37.96,-121.32,0
6.6368,42.0,7.1911764705882355,0.9950980392156863,577.0,2.8284313725490198,34.05,-118.39,1
4.065,6.0,6.347670250896058,1.050179211469534,935.0,3.3512544802867383,33.82,-117.08,0
5.1171,36.0,6.6454545454545455,1.059090909090909,664.0,3.018181818181818,33.83,-118.11,1
3.125,52.0,4.637450199203188,1.0239043824701195,575.0,2.2908366533864544,34.08,-118.32,1
3.1115,39.0,4.328451882845188,1.0460251046025104,1408.0,2.9456066945606696,37.67,-122.09,0
5.0462,34.0,6.370491803278688,1.0491803278688525,895.0,2.9344262295081966,34.21,-118.59,1
2.4596,35.0,2.872549019607843,1.0686274509803921,1741.0,4.267156862745098,33.99,-118.19,0
3.6429,42.0,5.246628131021194,1.115606936416185,1419.0,2.7341040462427744,37.78,-122.49,1
2.1912,42.0,4.122093023255814,1.058139534883721,547.0,3.1802325581395348,38.44,-122.7,0
2.9844,32.0,5.322033898305085,0.8983050847457628,682.0,2.889830508474576,37.48,-120.96,0
2.4141,13.0,5.37910447761194,1.0507462686567164,1598.0,2.3850746268656717,40.64,-122.39,0
4.0197,10.0,6.845819761129207,1.248642779587405,2597.0,2.819761129207383,38.71,-120.62,0
8.8612,24.0,7.901639344262295,1.0163934426229508,1514.0,2.757741347905282,34.25,-118.51,1
2.9375,50.0,7.008310249307479,1.451523545706371,940.0,2.6038781163434903,38.42,-122.96,0
3.7222,34.0,4.546134663341646,1.139650872817955,1485.0,3.7032418952618453,34.09,-118.08,1
6.3325,19.0,6.748502994011976,1.0179640718562875,518.0,3.1017964071856285,37.74,-121.95,1
4.4861,35.0,7.033149171270718,1.160220994475138,555.0,3.0662983425414363,38.28,-122.21,1
4.7083,15.0,7.918057663125948,1.078907435508346,1949.0,2.9575113808801214,38.68,-121.09,1
2.4583,31.0,5.325925925925926,1.1851851851851851,816.0,3.022222222222222,34.65,-120.47,0
3.9812,9.0,7.1913875598086126,1.291866028708134,1102.0,2.6363636363636362,38.75,-120.54,0
15.0001,52.0,7.994475138121547,1.0276243093922652,483.0,2.6685082872928176,37.79,-122.44,1
3.6389,45.0,5.830508474576271,1.3276836158192091,363.0,2.0508474576271185,33.07,-117.12,1
5.6558,38.0,6.154471544715447,1.008130081300813,319.0,2.5934959349593494,37.89,-122.07,1
3.4821,9.0,5.363537710255019,1.0151926207270754,5372.0,2.9148128052088986,37.52,-120.86,0
10.2264,45.0,3.1666666666666665,0.8333333333333334,7460.0,1243.3333333333333,38.32,-121.98,0
2.1419,30.0,5.006864988558353,1.0411899313501145,1033.0,2.3638443935926774,39.22,-121.08,0
4.4387,20.0,5.563876651982379,1.0469897209985315,3637.0,2.670337738619677,37.94,-122.29,1
2.4524,25.0,3.657754010695187,1.0160427807486632,665.0,3.556149732620321,32.74,-117.11,0
4.0357,44.0,6.2326530612244895,1.0040816326530613,608.0,2.4816326530612245,34.02,-118.34,1
0.9637,29.0,3.2434210526315788,1.105263157894737,233.0,1.5328947368421053,37.67,-122.08,0
2.025,43.0,4.30327868852459,1.0327868852459017,820.0,3.360655737704918,34.07,-118.12,1
2.6,36.0,3.766899766899767,1.083916083916084,773.0,1.8018648018648018,34.09,-118.36,1
2.1496,16.0,5.398176291793313,1.0699088145896656,1801.0,2.737082066869301,40.47,-122.43,0
4.4567,36.0,5.115384615384615,1.0,1080.0,2.967032967032967,36.95,-122.04,1
4.9583,35.0,5.4969325153374236,0.9877300613496932,978.0,3.0,33.84,-118.37,1
5.6885,17.0,6.909923664122138,1.0946564885496184,2088.0,3.187786259541985,34.28,-119.18,1
4.2917,5.0,4.890982503364738,0.9663526244952894,1317.0,1.7725437415881562,34.19,-119.0,1
2.2905,11.0,4.621589561091341,1.0510083036773428,1902.0,2.2562277580071175,40.62,-122.36,0
3.0944,37.0,4.923728813559322,0.9830508474576272,1328.0,3.751412429378531,33.95,-118.08,0
7.2354,52.0,7.11716621253406,0.9945504087193461,901.0,2.455040871934605,37.85,-122.24,1
2.2656,15.0,4.755364806866953,1.1321888412017167,2383.0,2.04549356223176,35.26,-120.66,1
2.7092,35.0,4.389952153110048,1.0406698564593302,774.0,1.8516746411483254,33.8,-118.12,1
3.475,16.0,5.485074626865671,0.9776119402985075,1333.0,3.31592039800995,33.6,-117.69,1
2.3584,15.0,3.629348513598988,1.1176470588235294,4620.0,2.9222011385199242,34.23,-118.45,0
2.1189,13.0,4.4779195289499505,1.1648675171736997,2475.0,2.4288518155053973,34.08,-117.43,0
5.8904,24.0,6.651840490797546,1.0276073619631902,1936.0,2.9693251533742333,37.23,-121.86,1
4.2216,17.0,5.606080634500992,1.0508922670191672,3362.0,2.2220753469927295,38.51,-121.54,1
5.0814,25.0,5.29404309252218,1.0544993662864386,2123.0,2.6907477820025347,33.8,-118.34,1
2.25,39.0,3.820441988950276,1.2679558011049723,677.0,1.8701657458563536,34.38,-119.69,1
7.5953,38.0,6.05,0.9666666666666667,502.0,2.7888888888888888,33.97,-118.4,1
3.7437,36.0,3.7383177570093458,0.9962616822429906,1234.0,2.3065420560747665,34.1,-118.21,1
5.1507,34.0,6.257396449704142,1.0414201183431953,1253.0,3.7071005917159763,33.77,-118.02,1
2.7587,15.0,4.8951890034364265,1.147766323024055,1546.0,2.656357388316151,36.97,-121.97,1
3.2462,37.0,4.191219512195122,1.062439024390244,2100.0,2.048780487804878,37.97,-122.51,1
4.4688,35.0,5.166666666666667,1.0173611111111112,1112.0,3.861111111111111,34.24,-118.43,1
6.04,16.0,7.245283018867925,0.9889937106918238,2020.0,3.1761006289308176,32.84,-117.11,1
2.0385,47.0,5.017543859649122,0.9941520467836257,365.0,2.134502923976608,34.17,-118.35,1
2.6181,9.0,5.077477477477477,1.4792792792792793,851.0,1.5333333333333334,32.75,-117.15,1
10.5575,32.0,7.344,1.0275555555555556,2712.0,2.4106666666666667,34.13,-118.4,1
8.7657,24.0,8.093117408906883,0.9878542510121457,759.0,3.0728744939271255,34.14,-118.85,1
8.2159,22.0,7.599656357388316,1.0687285223367697,1995.0,3.4278350515463916,34.3,-118.54,1
4.2917,13.0,6.4605263157894735,1.162280701754386,597.0,2.6184210526315788,38.44,-120.69,0
2.3681,39.0,3.9224598930481283,1.018716577540107,1404.0,3.7540106951871657,34.43,-119.67,1
3.3006,17.0,3.926091825307951,1.110862262038074,2104.0,2.3561030235162375,33.83,-117.98,1
3.2727,52.0,4.442982456140351,1.0570175438596492,709.0,1.5548245614035088,37.81,-122.24,1
2.9688,24.0,5.526881720430108,0.9946236559139785,471.0,2.532258064516129,39.52,-121.53,0
4.6023,8.0,5.917293233082707,0.9473684210526315,446.0,3.3533834586466167,34.64,-120.44,0
2.6979,17.0,4.983310152990264,0.9735744089012517,1587.0,2.2072322670375524,34.0,-117.55,0
3.2067,36.0,5.6413690476190474,1.1101190476190477,2258.0,3.3601190476190474,34.0,-117.51,0
3.0379,47.0,4.8293333333333335,1.0693333333333332,948.0,2.528,36.62,-121.92,1
2.3562,28.0,4.174545454545455,1.0963636363636364,1277.0,2.321818181818182,32.65,-117.08,0
1.9779,49.0,4.971731448763251,0.950530035335689,889.0,3.1413427561837457,33.99,-118.32,0
3.2083,43.0,5.038363171355499,0.969309462915601,1036.0,2.649616368286445,34.07,-117.64,0
4.4712,52.0,4.490909090909091,1.0303030303030303,277.0,1.6787878787878787,37.8,-122.42,1
3.4784,32.0,5.223880597014926,0.9940298507462687,997.0,2.976119402985075,32.73,-117.03,0
3.6394,32.0,5.4655172413793105,1.0862068965517242,2612.0,4.503448275862069,34.09,-117.48,0
3.5463,45.0,4.9798994974874375,0.9447236180904522,1179.0,2.9623115577889445,37.97,-122.33,0
1.9688,44.0,3.56140350877193,1.0935672514619883,1175.0,3.435672514619883,34.02,-118.16,0
1.5278,19.0,6.436123348017621,1.497797356828194,515.0,2.2687224669603525,39.83,-123.84,0
4.6944,36.0,5.299559471365638,0.9515418502202643,1242.0,2.73568281938326,34.23,-118.56,1
6.5778,46.0,6.561194029850746,1.0507462686567164,839.0,2.5044776119402985,33.97,-118.39,1
4.5398,20.0,7.005277044854881,1.1398416886543536,1081.0,2.8522427440633247,36.85,-119.69,0
3.5082,11.0,4.442100098135427,1.076054955839058,7096.0,3.4818449460255154,34.24,-118.45,0
7.2478,25.0,7.855392156862745,1.0024509803921569,1291.0,3.1642156862745097,33.9,-117.86,1
3.3068,52.0,4.801204819277109,1.0662650602409638,1526.0,2.2981927710843375,37.77,-122.45,1
3.4306,24.0,5.7407407407407405,1.0113960113960114,1031.0,2.9373219373219372,36.23,-119.25,0
2.067,31.0,4.413566739606127,1.0109409190371992,1462.0,3.199124726477024,34.06,-117.96,0
3.6742,9.0,5.8562874251497,1.0199600798403194,1227.0,2.4491017964071857,37.34,-120.47,0
3.95,40.0,5.517571884984026,0.987220447284345,932.0,2.977635782747604,34.02,-118.11,1
5.6817,20.0,4.936127744510978,0.9500998003992016,2228.0,4.447105788423154,37.32,-121.8,1
1.5972,44.0,4.68299711815562,1.1296829971181557,944.0,2.7204610951008648,40.58,-122.39,0
2.6768,25.0,4.592417061611374,1.0742496050552923,1841.0,2.9083728278041074,33.61,-114.58,0
4.3879,2.0,7.105691056910569,1.1504065040650406,2816.0,2.861788617886179,38.46,-121.35,0
2.2621,43.0,5.314285714285714,1.0696428571428571,1181.0,2.1089285714285713,39.74,-121.84,0
3.5962,36.0,6.095419847328245,1.1488549618320612,632.0,2.4122137404580153,40.31,-121.24,0
3.6176,24.0,6.478260869565218,1.008695652173913,300.0,2.608695652173913,38.35,-122.0,0
2.6458,50.0,3.2091836734693877,0.9591836734693877,742.0,3.7857142857142856,37.79,-122.25,0
2.0882,20.0,5.9655172413793105,1.1077586206896552,557.0,2.4008620689655173,39.76,-121.57,0
5.615,27.0,6.678373382624769,1.0086260012322859,4406.0,2.7147258163894024,38.08,-122.58,1
5.2312,31.0,4.940199335548173,0.9302325581395349,854.0,2.8372093023255816,37.64,-122.11,1
4.6667,43.0,4.741176470588235,0.9058823529411765,156.0,1.8352941176470587,34.27,-119.28,1
4.0714,36.0,5.581589958158996,0.9895397489539749,1315.0,2.7510460251046025,33.85,-118.16,1
3.3472,31.0,5.607142857142857,1.0892857142857142,152.0,2.7142857142857144,33.04,-115.6,0
5.5357,17.0,7.951841359773371,1.065155807365439,996.0,2.821529745042493,36.82,-119.84,0
2.49,26.0,4.542808219178082,1.0633561643835616,774.0,1.3253424657534247,33.61,-117.72,0
3.4609,19.0,4.792284866468843,1.086053412462908,815.0,2.4183976261127595,38.08,-122.81,1
2.6429,52.0,3.746031746031746,1.1587301587301588,415.0,3.2936507936507935,37.78,-122.23,0
2.9712,52.0,10.105105105105105,1.9339339339339339,796.0,2.3903903903903903,37.0,-122.04,0
10.6272,36.0,8.394190871369295,1.004149377593361,653.0,2.7095435684647304,37.94,-122.56,1
2.4207,26.0,4.140540540540541,0.9891891891891892,980.0,1.7657657657657657,32.85,-117.2,1
3.9032,3.0,5.863329583802025,1.1929133858267718,4432.0,2.4926884139482564,36.85,-119.74,0
5.2573,21.0,5.60285132382892,1.0224032586558045,2027.0,4.128309572301426,37.65,-122.46,1
3.0042,28.0,5.677067082683307,1.171606864274571,2362.0,3.6848673946957877,38.01,-121.89,0
3.2464,26.0,5.496774193548387,1.0161290322580645,918.0,2.9612903225806453,35.26,-120.68,1
0.7007,30.0,3.64,1.0242857142857142,2086.0,2.98,33.85,-118.18,0
10.8758,48.0,8.50498338870432,1.069767441860465,921.0,3.0598006644518274,37.46,-122.21,1
10.5793,16.0,7.75,1.0625,567.0,2.7259615384615383,37.27,-122.06,1
5.7485,26.0,5.366666666666666,0.9,1542.0,51.4,37.89,-121.29,0
2.5245,17.0,4.020501138952164,1.18125610152945,5692.0,1.8522616335828181,38.59,-121.41,0
3.9,52.0,4.848189415041783,1.0459610027855153,1444.0,2.011142061281337,37.82,-122.24,1
2.375,4.0,4.504854368932039,1.0420711974110033,1784.0,5.773462783171521,38.0,-121.29,0
1.8431,25.0,4.462025316455696,1.0168776371308017,1976.0,4.168776371308017,36.95,-120.02,0
3.0179,43.0,4.06280193236715,0.927536231884058,496.0,2.396135265700483,32.77,-117.01,0
3.1346,50.0,5.869426751592357,1.0382165605095541,892.0,2.840764331210191,33.95,-118.3,0
1.5917,28.0,5.45136186770428,1.1361867704280155,967.0,3.762645914396887,37.3,-120.4,0
3.1848,27.0,5.579387186629527,1.0612813370473537,1806.0,2.5153203342618387,37.68,-120.98,0
3.631,5.0,4.580882352941177,1.0735294117647058,396.0,2.911764705882353,33.68,-117.8,1
2.2808,12.0,3.4936608557844693,1.1101426307448494,3068.0,2.4310618066561016,33.77,-118.17,0
1.0898,45.0,3.3276595744680852,1.148936170212766,1030.0,4.382978723404255,34.01,-118.25,0
4.3083,36.0,6.277292576419214,1.205240174672489,1131.0,2.46943231441048,34.17,-118.09,1
2.5387,20.0,4.185263157894737,1.003157894736842,3866.0,4.069473684210526,37.0,-121.56,0
12.632,5.0,7.462962962962963,0.8888888888888888,208.0,3.8518518518518516,34.44,-119.31,1
2.7461,17.0,5.4261904761904765,1.0666666666666667,1200.0,2.857142857142857,36.15,-120.38,0
2.033,16.0,3.705211726384365,1.0732899022801303,1914.0,3.1172638436482085,35.74,-119.23,0
1.875,52.0,4.5,1.2063492063492063,2688.0,21.333333333333332,34.1,-117.71,1
2.7321,28.0,5.043269230769231,1.1298076923076923,705.0,3.389423076923077,36.85,-121.79,0
4.8717,27.0,7.032454361054767,1.105476673427992,1798.0,3.6470588235294117,34.26,-118.74,1
3.9837,31.0,5.018651362984218,1.0444763271162123,2098.0,3.010043041606887,33.87,-118.09,1
4.8021,22.0,4.94750656167979,0.9540682414698163,1657.0,2.174540682414698,37.37,-122.07,1
2.9732,52.0,5.585284280936455,1.1705685618729098,793.0,2.652173913043478,37.77,-122.26,1
1.3221,30.0,5.383529411764706,1.1152941176470588,1435.0,3.376470588235294,36.81,-119.88,0
3.1713,34.0,4.362916006339145,1.0364500792393028,3117.0,4.939778129952456,33.75,-117.89,0
2.6094,19.0,14.740437158469945,3.3333333333333335,981.0,2.680327868852459,34.26,-116.85,0
5.7192,15.0,6.395348837209302,1.0679785330948122,1777.0,3.178890876565295,37.58,-121.96,1
3.1932,17.0,3.7431781701444624,1.0224719101123596,1636.0,2.626003210272873,37.25,-121.83,0
2.0221,20.0,4.721875,1.025,791.0,2.471875,39.9,-120.93,0
2.1955,34.0,4.136482939632546,0.9553805774278216,1153.0,3.026246719160105,32.62,-117.09,0
7.6144,34.0,7.171717171717172,0.9974747474747475,1127.0,2.845959595959596,33.79,-118.08,1
2.6667,42.0,4.162241887905605,0.8849557522123894,1295.0,3.8200589970501473,34.17,-119.17,0
4.5708,25.0,5.6883835279655806,1.0196681007990165,4944.0,3.038721573448064,34.11,-117.85,1
1.6875,41.0,5.570063694267516,1.089171974522293,1171.0,3.729299363057325,36.59,-119.45,0
3.2109,34.0,4.02676399026764,1.094890510948905,870.0,2.116788321167883,32.84,-117.27,1
1.9063,21.0,4.463235294117647,1.1397058823529411,226.0,1.661764705882353,36.98,-122.02,0
5.0858,52.0,5.447688564476886,1.0291970802919708,832.0,2.024330900243309,34.06,-118.37,1
4.2006,24.0,5.972222222222222,1.1150793650793651,1360.0,2.6984126984126986,36.98,-121.94,1
4.625,42.0,5.304878048780488,1.0365853658536586,546.0,3.3292682926829267,34.12,-118.0,0
5.0,20.0,6.46530612244898,1.0489795918367346,1390.0,2.836734693877551,38.13,-121.29,0
1.9821,23.0,4.805763073639274,1.2337246531483457,3264.0,3.4834578441835644,34.06,-117.25,0
3.1563,29.0,3.416141235813367,1.0075662042875158,1238.0,1.5611601513240858,34.02,-118.49,1
2.6333,41.0,3.7242268041237114,1.056701030927835,1052.0,2.711340206185567,34.29,-119.3,0
3.9615,36.0,5.964601769911504,1.0044247787610618,1192.0,2.6371681415929205,34.7,-118.15,0
3.0426,9.0,4.548,1.1536,3773.0,3.0184,33.13,-117.09,0
1.6111,15.0,4.252032520325203,1.146341463414634,1123.0,3.043360433604336,33.94,-117.24,0
5.3559,36.0,5.666666666666667,0.9812206572769953,683.0,3.2065727699530515,34.07,-117.93,1
6.9014,27.0,7.925373134328358,1.0298507462686568,1017.0,3.035820895522388,33.76,-117.8,1
4.5903,13.0,6.759358288770054,1.0802139037433156,552.0,2.9518716577540105,35.39,-119.12,0
4.185,36.0,4.979591836734694,0.9872448979591837,1156.0,2.9489795918367347,34.22,-118.51,1
2.8594,20.0,4.151458137347131,1.118532455315146,4818.0,4.532455315145814,33.76,-117.91,1
1.9676,33.0,5.175895765472313,0.9576547231270358,1102.0,3.58957654723127,36.6,-119.63,0
1.575,34.0,4.376383763837638,1.1070110701107012,774.0,2.856088560885609,36.75,-119.84,0
5.5218,15.0,6.282926829268293,1.0195121951219512,1657.0,4.041463414634146,37.58,-122.08,1
3.1062,29.0,4.6183206106870225,1.0725190839694656,863.0,3.2938931297709924,36.92,-121.74,0
3.0354,23.0,4.327217125382263,1.007645259938838,1554.0,2.376146788990826,37.96,-121.34,0
7.5177,5.0,6.80040733197556,1.0295315682281059,2877.0,2.9297352342158858,33.58,-117.69,1
1.2434,52.0,2.929411764705882,0.9176470588235294,396.0,4.658823529411765,37.8,-122.27,1
7.3521,32.0,6.775757575757575,1.0545454545454545,818.0,2.478787878787879,37.99,-122.54,1
4.0893,35.0,5.26775956284153,0.9836065573770492,1056.0,2.8852459016393444,33.94,-117.97,1
4.5,17.0,5.2625169147496615,1.0121786197564275,2415.0,3.2679296346414075,34.23,-119.19,1
3.5078,36.0,4.510703363914373,1.003058103975535,806.0,2.4648318042813457,32.83,-117.21,0
5.5676,16.0,7.4694280078895465,1.0157790927021697,1606.0,3.1676528599605525,37.99,-121.88,0
4.3898,52.0,5.32662192393736,1.1006711409395973,1485.0,3.3221476510067114,37.73,-122.44,1
3.0052,34.0,3.6564625850340136,1.0816326530612246,906.0,3.0816326530612246,37.66,-122.41,1
4.9297,31.0,5.309255079006772,1.0383747178329572,1895.0,2.13882618510158,34.19,-118.22,1
2.7443,39.0,4.347222222222222,1.011111111111111,1389.0,3.8583333333333334,33.89,-118.21,0
3.825,52.0,5.465753424657534,1.0547945205479452,671.0,3.0639269406392695,34.04,-118.37,1
4.1301,52.0,5.696230598669623,1.0731707317073171,1030.0,2.2838137472283813,33.83,-118.18,1
3.2889,32.0,5.0610859728506785,1.0509049773755657,2177.0,2.4626696832579187,38.0,-121.33,0
4.875,35.0,5.791176470588235,0.9970588235294118,950.0,2.7941176470588234,34.22,-118.58,1
7.7062,18.0,7.662087912087912,1.0384615384615385,937.0,2.5741758241758244,36.81,-119.84,1
3.0515,21.0,5.328450269853508,1.0339244410177333,3967.0,3.058596761757903,37.31,-120.44,0
1.4583,15.0,4.023148148148148,1.0046296296296295,887.0,4.106481481481482,32.7,-117.09,0
5.6234,42.0,5.334224598930481,1.1016042780748663,794.0,2.122994652406417,37.46,-122.15,1
5.1202,30.0,6.170662905500706,0.9717912552891397,2038.0,2.8744710860366713,38.02,-121.34,0
5.5677,4.0,5.92191435768262,1.1209068010075567,834.0,2.1007556675062973,33.5,-117.7,1
1.3333,19.0,3.3161764705882355,1.0441176470588236,414.0,1.5220588235294117,34.03,-118.48,1
2.5625,18.0,3.473529411764706,1.0382352941176471,781.0,2.2970588235294116,33.81,-117.91,0
2.375,38.0,4.307065217391305,0.9375,1347.0,3.660326086956522,34.09,-117.32,0
5.3279,23.0,5.73109243697479,0.9537815126050421,638.0,2.680672268907563,34.42,-119.73,1
3.6734,34.0,5.815340909090909,0.9857954545454546,888.0,2.522727272727273,35.38,-118.96,0
5.503,16.0,6.904876099120703,1.1127098321342925,3706.0,2.962430055955236,37.0,-121.86,1
5.6223,24.0,6.988269794721408,1.0058651026392962,1146.0,3.3607038123167157,37.26,-121.87,1
3.6765,42.0,4.3604651162790695,1.058139534883721,616.0,2.387596899224806,37.37,-122.04,1
2.8036,24.0,4.399759903961584,1.0444177671068426,1954.0,2.345738295318127,36.97,-121.97,1
3.5481,36.0,4.767045454545454,0.9176136363636364,1380.0,3.9204545454545454,33.97,-118.08,0
2.2393,16.0,5.409259259259259,1.1833333333333333,1838.0,3.403703703703704,33.31,-116.95,0
1.9107,36.0,4.912863070539419,1.3112033195020747,672.0,2.788381742738589,35.0,-117.65,0
1.9912,16.0,5.758842443729904,1.1564844587352625,1573.0,1.6859592711682745,33.72,-117.2,0
4.4375,43.0,5.710344827586207,1.0413793103448277,446.0,3.075862068965517,37.3,-121.91,1
3.1583,16.0,5.6223776223776225,1.034965034965035,792.0,2.769230769230769,38.76,-121.21,1
4.4423,28.0,5.128440366972477,1.1412844036697247,1173.0,2.152293577981651,34.16,-118.46,1
4.7768,52.0,5.853754940711463,1.1007905138339922,1215.0,2.4011857707509883,37.33,-121.92,1
0.7684,31.0,2.5692307692307694,1.0307692307692307,780.0,6.0,40.87,-124.07,0
4.5568,38.0,4.4520547945205475,0.9212328767123288,608.0,2.0821917808219177,37.48,-122.19,1
3.4063,33.0,3.756,1.136,1309.0,5.236,33.94,-118.36,0
3.1235,17.0,3.600263852242744,1.183377308707124,1404.0,1.8522427440633245,34.04,-118.46,1
4.5293,19.0,6.920661157024793,1.1305785123966943,1827.0,3.0198347107438015,38.34,-122.31,1
2.7885,34.0,4.384068278805121,0.9985775248933144,1795.0,2.5533428165007113,38.26,-122.04,0
2.4113,23.0,4.7565445026178015,1.0471204188481675,1376.0,3.602094240837696,37.7,-122.41,1
3.8837,32.0,5.5597189695550355,1.053864168618267,1580.0,3.700234192037471,34.07,-117.89,1
5.1718,31.0,5.676416819012797,1.0639853747714807,1359.0,2.4844606946983547,34.16,-118.23,1
3.6988,28.0,4.213174748398902,1.0869167429094235,2558.0,2.340347666971638,33.87,-118.34,1
4.3603,16.0,5.819371727748691,1.1884816753926701,628.0,1.643979057591623,33.49,-117.65,1
2.7857,8.0,5.680733944954128,1.255045871559633,1454.0,2.6678899082568805,36.78,-119.85,0
3.0184,15.0,4.30498177399757,1.0789793438639126,3131.0,3.804374240583232,34.07,-117.98,0
1.9125,44.0,4.969230769230769,1.2197802197802199,1348.0,2.9626373626373628,33.98,-118.29,0
4.9375,15.0,5.888213851761847,1.0024301336573511,2797.0,3.3985419198055893,32.94,-117.13,1
1.947,24.0,3.8807733619763694,1.0451127819548873,2002.0,2.1503759398496243,32.64,-117.09,0
4.7283,30.0,7.295264623955432,1.0306406685236769,940.0,2.618384401114206,38.63,-121.36,0
2.1734,34.0,4.6223776223776225,1.020979020979021,742.0,5.188811188811189,33.91,-118.23,0
0.9336,10.0,3.6627450980392156,1.0196078431372548,401.0,1.572549019607843,37.66,-120.98,0
2.1125,26.0,4.690821256038648,1.183574879227053,592.0,2.859903381642512,34.07,-117.32,0
1.3904,30.0,3.919753086419753,1.126543209876543,840.0,2.5925925925925926,40.44,-122.29,0
3.9167,41.0,5.277591973244147,1.173913043478261,1159.0,3.8762541806020065,37.71,-122.45,1
3.07,39.0,4.28,1.0019047619047619,1670.0,3.1809523809523808,33.85,-118.17,0
3.3667,45.0,4.992592592592593,0.9814814814814815,639.0,2.3666666666666667,39.15,-123.22,0
3.0533,19.0,4.937190082644628,1.034710743801653,1610.0,2.6611570247933884,38.67,-121.21,0
4.1458,52.0,5.354166666666667,1.0208333333333333,355.0,2.4652777777777777,37.74,-122.16,0
3.5073,42.0,4.251351351351351,1.0405405405405406,1859.0,2.5121621621621624,33.85,-118.32,1
4.955,4.0,5.390459363957597,1.098939929328622,3775.0,2.2232037691401647,33.0,-117.07,1
2.4074,24.0,3.3333333333333335,1.0504009163802979,2522.0,2.888888888888889,34.17,-118.31,1
2.918,20.0,3.690578158458244,1.0781584582441113,2622.0,2.8072805139186294,34.09,-118.14,1
1.9621,27.0,4.079002079002079,1.130977130977131,1492.0,3.101871101871102,33.85,-117.93,0
2.465,40.0,4.306666666666667,1.1028571428571428,903.0,1.72,32.75,-117.15,1
3.2546,32.0,5.041121495327102,0.9887850467289719,1417.0,2.6485981308411213,38.79,-123.01,0
1.7204,5.0,11.29896907216495,2.8268041237113404,1050.0,2.1649484536082473,33.84,-116.48,0
4.2564,25.0,5.592105263157895,1.0855263157894737,4528.0,4.2556390977443606,33.79,-117.81,1
3.1304,42.0,4.073717948717949,0.9647435897435898,574.0,1.8397435897435896,34.0,-118.47,1
3.2813,37.0,4.78494623655914,1.025089605734767,539.0,1.9318996415770608,34.15,-118.44,1
2.5417,43.0,4.186385737439222,1.0259319286871962,1544.0,2.5024311183144246,34.15,-118.0,0
1.85,14.0,4.541218637992832,1.039426523297491,1077.0,3.860215053763441,36.09,-119.56,0
3.4198,27.0,3.44804318488529,1.0789473684210527,2764.0,1.8650472334682862,37.41,-122.11,1
2.7083,36.0,4.6050955414012735,1.0063694267515924,1286.0,4.095541401273885,33.91,-118.24,0
1.7188,17.0,4.5443645083932855,1.0167865707434052,620.0,1.486810551558753,38.5,-121.47,0
4.2917,37.0,5.14859437751004,0.9799196787148594,852.0,3.4216867469879517,33.93,-118.31,0
0.536,46.0,9.0,1.5,20.0,3.3333333333333335,34.16,-118.42,1
3.3235,46.0,5.011037527593819,0.9426048565121413,1097.0,2.4216335540838854,37.97,-121.32,0
1.4886,52.0,4.862745098039215,1.3333333333333333,124.0,2.4313725490196076,37.76,-122.38,1
4.1488,38.0,5.438967136150235,1.0586854460093897,1155.0,2.711267605633803,34.1,-118.04,1
3.95,52.0,5.02546689303905,1.0577249575551784,1191.0,2.0220713073005094,37.75,-122.43,1
3.5982,15.0,4.462562396006655,0.9966722129783694,1520.0,2.529118136439268,38.01,-121.35,0
3.0197,28.0,4.266666666666667,1.1,214.0,3.566666666666667,36.67,-121.64,0
3.625,17.0,5.789333333333333,1.0373333333333334,1042.0,2.7786666666666666,37.23,-119.91,0
2.3715,18.0,3.421338155515371,1.027124773960217,974.0,1.7613019891500905,37.29,-121.87,1
4.4453,22.0,5.548306148055207,1.070263488080301,4404.0,2.7628607277289836,33.72,-118.02,1
1.6833,15.0,5.351851851851852,0.9074074074074074,191.0,3.537037037037037,38.99,-122.83,0
7.4713,26.0,7.982704402515723,1.0062893081761006,1872.0,2.943396226415094,37.92,-122.02,1
4.711,27.0,6.535885167464115,1.0167464114832536,2400.0,2.8708133971291865,33.99,-117.32,0
2.2429,26.0,3.4608208955223883,1.0317164179104477,1109.0,2.0690298507462686,34.1,-117.66,0
3.9792,16.0,5.838074398249453,0.9934354485776805,1536.0,3.361050328227571,36.81,-119.68,0
4.4279,32.0,4.671945701357466,0.9909502262443439,1075.0,2.432126696832579,33.93,-118.14,1
1.6011,52.0,3.8161993769470404,1.0342679127725856,955.0,2.9750778816199377,32.71,-117.14,0
7.0565,32.0,7.2125,0.940625,967.0,3.021875,33.77,-117.82,1
4.0677,36.0,5.525925925925926,1.0444444444444445,1041.0,3.8555555555555556,33.98,-118.08,0
1.9963,52.0,4.507352941176471,0.9889705882352942,693.0,2.547794117647059,34.07,-117.32,0
2.1571,48.0,6.118483412322274,1.1753554502369667,580.0,2.748815165876777,34.84,-114.61,0
3.9519,39.0,7.23463687150838,1.3407821229050279,534.0,2.983240223463687,39.23,-122.9,0
1.775,44.0,4.299270072992701,0.948905109489051,504.0,3.678832116788321,34.1,-117.3,0
1.7574,42.0,4.722222222222222,1.0972222222222223,1300.0,2.5793650793650795,40.5,-124.1,0
2.1591,32.0,3.7379032258064515,1.0080645161290323,970.0,3.911290322580645,33.97,-118.15,1
2.5625,23.0,4.589090909090909,1.069090909090909,5176.0,18.82181818181818,32.56,-116.97,0
1.3417,33.0,4.421800947867299,1.037914691943128,838.0,3.971563981042654,34.12,-117.33,0
5.7396,16.0,6.653846153846154,0.9461538461538461,403.0,3.1,36.97,-121.59,1
4.8497,19.0,5.730994152046784,0.9415204678362573,2519.0,2.9461988304093567,38.5,-121.52,1
6.5891,17.0,7.254464285714286,1.0669642857142858,703.0,3.138392857142857,38.29,-122.15,1
3.0054,17.0,4.885864793678666,1.0860403863037753,3004.0,2.637401229148376,33.11,-117.07,0
0.9218,21.0,2.045662100456621,1.0342465753424657,735.0,1.678082191780822,37.82,-122.27,0
2.6488,21.0,5.837378640776699,1.1553398058252426,1197.0,2.9053398058252426,40.5,-122.28,0
2.2344,34.0,3.2041420118343193,1.0769230769230769,1132.0,3.3491124260355027,34.06,-118.22,0
4.2137,34.0,4.917710196779964,0.964221824686941,2330.0,4.168157423971378,34.17,-119.17,1
7.79,25.0,6.514367816091954,1.0316091954022988,866.0,2.4885057471264367,33.61,-117.87,1
3.0927,40.0,4.818181818181818,1.0129870129870129,584.0,2.5281385281385282,33.98,-118.36,1
3.1957,29.0,4.355839416058394,1.0401459854014599,1978.0,3.6094890510948905,33.91,-118.07,0
3.2361,28.0,3.654054054054054,0.9567567567567568,543.0,2.9351351351351354,34.1,-118.07,1
4.875,5.0,5.7315175097276265,0.8871595330739299,842.0,3.2762645914396886,34.08,-117.17,0
4.8661,24.0,6.358455882352941,1.0533088235294117,1336.0,2.4558823529411766,38.64,-121.28,1
2.4821,24.0,4.769491525423729,1.1084745762711865,501.0,1.6983050847457628,37.73,-121.92,0
3.2431,14.0,52.848214285714285,11.410714285714286,265.0,2.3660714285714284,37.64,-119.02,1
4.75,37.0,5.150485436893204,0.9805825242718447,768.0,3.7281553398058254,33.9,-118.1,0
2.0278,33.0,5.458149779735683,1.1013215859030836,648.0,2.854625550660793,37.13,-120.26,0
2.7179,46.0,3.694103194103194,1.049140049140049,2587.0,3.178132678132678,34.08,-118.27,1
6.2953,26.0,6.823899371069182,1.0911949685534592,849.0,2.669811320754717,37.92,-122.49,1
2.6127,36.0,4.858156028368795,1.024822695035461,812.0,2.879432624113475,36.78,-119.82,0
5.7268,23.0,6.009009009009009,1.027027027027027,1560.0,2.810810810810811,33.99,-117.97,1
7.5,8.0,6.564885496183206,0.9465648854961832,1111.0,2.826972010178117,36.85,-119.88,1
6.0102,16.0,6.7882736156351795,1.0260586319218241,1154.0,3.758957654723127,38.01,-122.24,1
6.5948,23.0,6.673622704507513,1.0467445742904842,3484.0,2.9081803005008346,37.57,-122.26,1
3.5445,25.0,3.872651356993737,1.0594989561586639,2068.0,2.1586638830897704,37.53,-122.28,1
3.5517,42.0,4.884272997032641,1.0578635014836795,2224.0,3.2997032640949553,34.05,-118.32,1
2.4609,23.0,4.344,1.072,825.0,3.3,33.83,-118.01,1
4.1205,36.0,5.771604938271605,1.0432098765432098,947.0,2.9228395061728394,33.94,-117.97,1
1.0467,33.0,3.8062200956937797,1.1148325358851674,1000.0,2.3923444976076556,38.61,-121.44,0
6.2918,22.0,7.746938775510204,0.9755102040816327,734.0,2.9959183673469387,37.68,-121.89,1
5.1242,52.0,5.570909090909091,1.0618181818181818,631.0,2.2945454545454544,34.17,-118.25,1
1.2132,23.0,8.714285714285714,2.4615384615384617,338.0,1.8571428571428572,33.35,-115.73,0
3.085,32.0,4.433962264150943,1.009433962264151,1404.0,3.311320754716981,34.07,-118.13,1
4.218,52.0,5.396761133603239,1.04251012145749,1362.0,2.757085020242915,37.78,-122.48,1
2.9327,42.0,4.7270531400966185,0.9396135265700483,985.0,2.3792270531400965,34.18,-118.39,1
5.9734,10.0,6.3443627450980395,1.0490196078431373,2190.0,2.6838235294117645,32.82,-117.08,1
3.5603,17.0,4.758079409048938,1.074792243767313,2949.0,2.7229916897506925,34.1,-117.8,0
2.6582,15.0,4.540208136234626,1.1438032166508987,2554.0,2.416272469252602,34.1,-117.63,0
3.6154,5.0,4.193548387096774,0.9919354838709677,1037.0,2.7876344086021505,38.02,-121.9,1
4.375,35.0,5.173913043478261,1.0909090909090908,1113.0,4.399209486166008,34.05,-117.95,0
5.7524,52.0,5.794466403162056,1.0039525691699605,600.0,2.3715415019762847,34.08,-118.37,1
5.8195,25.0,6.585513078470825,0.9617706237424547,1645.0,3.3098591549295775,33.71,-117.97,1
3.1719,8.0,6.979220779220779,1.2857142857142858,5087.0,13.212987012987012,37.79,-120.45,0
4.2407,40.0,5.6943620178041545,1.032640949554896,1851.0,2.7462908011869436,34.16,-117.99,1
2.105,52.0,3.388888888888889,1.0902777777777777,1284.0,2.2291666666666665,37.78,-122.43,1
4.6914,7.0,6.808510638297872,1.0148936170212766,1522.0,3.2382978723404254,34.51,-117.25,0
2.6897,33.0,4.467661691542289,0.945273631840796,470.0,2.3383084577114426,38.62,-121.32,0
3.1914,19.0,4.426656151419558,1.0417981072555205,3018.0,2.3801261829652995,36.98,-121.99,1
2.5893,21.0,6.081447963800905,1.1266968325791855,868.0,3.927601809954751,36.1,-119.06,0
2.2898,42.0,4.563981042654029,1.0236966824644549,471.0,2.2322274881516586,36.96,-120.07,0
3.2135,4.0,5.764026402640264,1.0041254125412542,2801.0,2.311056105610561,34.91,-120.42,1
1.3169,47.0,2.1530944625407167,1.1693811074918568,1406.0,4.579804560260587,34.05,-118.27,0
2.1422,19.0,3.7995169082125604,1.1376811594202898,844.0,2.0386473429951693,32.81,-116.97,0
3.125,44.0,4.11328125,0.98046875,941.0,3.67578125,34.08,-118.15,1
4.1544,35.0,5.58457711442786,0.9776119402985075,783.0,1.9477611940298507,34.15,-118.35,1
3.7312,31.0,4.635021097046414,1.0569620253164558,944.0,1.9915611814345993,34.16,-118.38,1
3.809,7.0,5.840938722294655,1.0117340286831813,2271.0,2.960886571056063,39.16,-121.62,0
1.9107,13.0,6.631284916201118,1.4245810055865922,442.0,2.46927374301676,33.5,-116.69,0
0.7473,22.0,3.116650987770461,1.1618062088428975,2381.0,2.239887111947319,34.03,-118.29,0
1.975,52.0,2.8,0.7,193.0,4.825,36.73,-119.79,0
2.5104,38.0,5.6798866855524075,1.0906515580736544,882.0,2.498583569405099,38.73,-120.81,0
2.1682,35.0,5.26,1.0075,1060.0,2.65,38.76,-120.67,0
3.488,23.0,4.7391732283464565,1.063976377952756,3232.0,3.1811023622047245,33.94,-118.02,1
3.2321,46.0,3.985074626865672,1.0580431177446104,1281.0,2.1243781094527363,37.72,-122.48,0
3.3021,20.0,4.921052631578948,0.956140350877193,308.0,2.7017543859649122,39.06,-121.53,0
1.9609,23.0,3.393617021276596,1.1622340425531914,1359.0,3.6143617021276597,36.91,-121.76,0
1.9464,32.0,3.0753424657534247,0.9908675799086758,1756.0,4.0091324200913245,33.97,-118.16,1
6.8729,8.0,14.70673076923077,2.4038461538461537,612.0,2.9423076923076925,33.78,-116.4,1
2.726,16.0,4.46218487394958,0.988795518207283,836.0,2.3417366946778713,34.17,-119.14,0
2.1339,20.0,6.674489795918367,1.4295918367346938,2631.0,2.6846938775510205,34.4,-116.94,0
8.0082,16.0,7.790528233151184,1.029143897996357,1642.0,2.9908925318761383,33.57,-117.66,1
2.6346,44.0,5.013586956521739,1.0991847826086956,1922.0,2.6114130434782608,38.3,-122.3,0
2.5473,32.0,5.4573170731707314,1.103658536585366,1061.0,2.1565040650406506,38.24,-120.72,0
2.1202,52.0,4.052805280528053,0.966996699669967,648.0,2.1386138613861387,37.85,-122.27,0
2.9048,32.0,5.809859154929577,1.102112676056338,802.0,2.823943661971831,38.9,-121.52,0
2.8588,14.0,3.87708830548926,1.1181384248210025,1929.0,2.301909307875895,32.9,-117.12,0
1.8,5.0,3.6666666666666665,0.9607843137254902,207.0,4.0588235294117645,33.75,-117.86,0
2.2716,26.0,2.89,0.9825,1880.0,4.7,33.84,-117.91,1
3.575,51.0,6.060402684563758,1.080536912751678,709.0,2.379194630872483,33.96,-117.4,0
4.8036,37.0,5.842592592592593,1.126543209876543,911.0,2.8117283950617282,34.18,-118.51,1
6.4242,12.0,6.200585651537335,1.076134699853587,1798.0,2.6325036603221084,33.86,-118.38,1
6.0308,38.0,5.857777777777778,1.0533333333333332,547.0,2.431111111111111,33.82,-118.38,1
3.5732,5.0,4.640919366993217,1.1126601356443104,6291.0,2.370384325546345,34.67,-118.15,0
1.5539,44.0,5.066666666666666,1.0873563218390805,1277.0,2.935632183908046,37.96,-121.23,0
3.6635,36.0,5.580459770114943,1.0201149425287357,891.0,2.560344827586207,33.95,-118.14,1
7.3518,16.0,7.165584415584416,0.9448051948051948,1081.0,3.50974025974026,33.71,-117.78,1
1.5407,10.0,4.461538461538462,1.0294117647058822,1469.0,3.323529411764706,36.21,-119.11,0
2.3533,39.0,4.842778793418647,1.0457038391224862,1815.0,3.3180987202925047,35.49,-119.27,0
7.6286,33.0,8.386666666666667,1.0133333333333334,253.0,3.3733333333333335,34.05,-117.9,1
3.369,30.0,4.378830083565459,1.0083565459610029,1351.0,3.7632311977715878,33.76,-117.99,1
2.0469,39.0,3.5305291723202172,1.0881953867028493,2178.0,2.955223880597015,33.73,-118.28,1
0.9705,42.0,3.8,1.06,411.0,4.11,33.94,-118.24,0
1.6522,37.0,4.897435897435898,1.0073260073260073,767.0,2.8095238095238093,35.31,-119.0,0
6.0382,26.0,5.33271375464684,1.053903345724907,1157.0,2.150557620817844,33.84,-118.38,1
4.5129,16.0,6.174757281553398,1.046116504854369,1199.0,2.9101941747572817,38.95,-121.19,1
4.2411,27.0,6.436708860759493,1.0791139240506329,768.0,2.430379746835443,35.27,-120.65,1
2.8679,44.0,4.951554591467824,1.1453362255965294,3269.0,2.363702096890817,37.75,-122.4,1
4.5,30.0,5.533333333333333,0.9777777777777777,167.0,3.7111111111111112,38.04,-121.32,0
3.7049,34.0,5.366355140186916,1.0859813084112149,1350.0,2.5233644859813085,34.2,-118.51,1
2.7006,17.0,4.499388004895961,1.039779681762546,3331.0,2.0385556915544676,32.79,-117.03,0
5.7204,15.0,6.553191489361702,0.9929078014184397,786.0,2.7872340425531914,38.37,-122.65,1
3.1635,34.0,5.767650834403081,1.0757381258023107,2335.0,2.9974326059050065,34.52,-117.3,0
2.6339,41.0,3.7753303964757707,0.8854625550660793,934.0,4.11453744493392,33.93,-118.2,0
3.2386,32.0,3.948170731707317,0.899390243902439,1097.0,3.3445121951219514,37.6,-122.02,0
3.7031,25.0,5.163755458515284,1.0283842794759825,1197.0,2.61353711790393,33.75,-117.81,1
3.3017,5.0,3.2436548223350252,1.0,666.0,3.3807106598984773,33.74,-117.93,0
3.225,37.0,5.139841688654354,1.04221635883905,1163.0,3.0686015831134563,33.96,-118.04,0
5.4446,37.0,6.176691729323308,0.9849624060150376,620.0,2.330827067669173,37.81,-122.18,1
3.8651,18.0,6.436154949784792,1.0373027259684362,1600.0,2.2955523672883786,38.35,-122.01,1
2.6324,35.0,4.173745173745174,1.027027027027027,691.0,2.667953667953668,32.79,-116.96,0
4.3036,35.0,5.699059561128527,1.0626959247648904,828.0,2.595611285266458,33.88,-118.32,1
2.1935,52.0,4.040697674418604,1.1395348837209303,1767.0,3.4244186046511627,33.73,-118.28,1
4.2583,35.0,6.03954802259887,1.0833333333333333,3295.0,4.653954802259887,34.17,-119.19,1
3.4509,22.0,5.63575042158516,1.0860033726812817,1342.0,2.263069139966273,35.12,-120.6,1
5.0622,7.0,16.42138364779874,2.4842767295597485,482.0,3.0314465408805034,39.35,-120.19,0
1.8242,47.0,4.257990867579909,1.0616438356164384,1916.0,4.3744292237442925,33.99,-118.26,0
2.5129,19.0,5.186206896551724,1.032183908045977,1469.0,3.3770114942528737,37.38,-120.64,0
2.5506,23.0,3.6280701754385967,1.1543859649122807,1898.0,3.329824561403509,34.42,-119.71,1
4.6964,35.0,5.613636363636363,1.0318181818181817,875.0,3.977272727272727,33.86,-117.94,1
0.9407,40.0,4.56989247311828,1.2204301075268817,764.0,4.10752688172043,35.36,-119.0,0
1.6944,45.0,4.948717948717949,1.0153846153846153,498.0,2.5538461538461537,37.99,-121.29,0
3.4202,34.0,4.885714285714286,1.0612244897959184,942.0,3.8448979591836734,34.08,-118.06,1
3.7583,33.0,5.627906976744186,1.106312292358804,1689.0,5.6112956810631225,34.07,-117.79,0
6.8869,6.0,7.382384532760472,1.0300751879699248,2354.0,2.5284640171858217,38.51,-121.06,1
4.5859,17.0,4.433333333333334,0.8848484848484849,695.0,2.106060606060606,37.7,-122.14,1
3.9118,8.0,6.473861720067454,1.436762225969646,1342.0,2.263069139966273,34.37,-118.53,1
7.0935,22.0,6.349367088607595,1.0177215189873419,1254.0,3.1746835443037975,33.82,-118.32,1
3.4167,44.0,5.068376068376068,0.9615384615384616,687.0,2.9358974358974357,37.49,-120.79,0
3.5851,7.0,5.414443988510464,1.1062782109150595,6763.0,2.775133360689372,33.94,-117.23,0
8.5759,32.0,6.751412429378531,0.9491525423728814,810.0,2.288135593220339,37.98,-122.53,1
2.7813,19.0,3.9136546184738954,1.1224899598393574,1282.0,2.57429718875502,33.91,-118.35,1
3.4886,13.0,6.840723981900452,1.306787330316742,3189.0,2.885972850678733,33.85,-116.52,0
1.0625,32.0,3.557077625570776,0.9178082191780822,861.0,3.9315068493150687,33.93,-118.24,0
5.6062,26.0,6.017429193899782,1.0806100217864925,1716.0,3.738562091503268,37.46,-121.91,1
2.175,47.0,4.373271889400922,0.967741935483871,574.0,2.6451612903225805,33.98,-118.32,0
3.32,27.0,5.4832962138084635,1.0779510022271714,852.0,1.8975501113585747,36.8,-119.79,0
2.4375,47.0,4.8961538461538465,1.0153846153846153,1193.0,4.588461538461538,34.05,-118.19,0
4.5,50.0,5.569620253164557,1.0791139240506329,741.0,2.3449367088607596,38.01,-122.14,0
5.0111,16.0,6.1577574967405475,1.075619295958279,4911.0,3.201434159061278,34.01,-117.83,1
4.0924,37.0,4.990338164251208,1.0483091787439613,1031.0,2.4903381642512077,34.2,-118.51,1
2.4516,36.0,3.6062322946175636,1.0736543909348442,1398.0,3.960339943342776,33.99,-118.19,0
4.2857,16.0,5.273010920436818,1.140405616224649,1227.0,1.9141965678627144,34.15,-118.83,1
2.0564,38.0,4.904,1.0528,1441.0,2.3056,36.77,-119.77,0
4.6518,17.0,5.811594202898551,0.9855072463768116,251.0,3.63768115942029,33.02,-116.86,0
3.4187,17.0,10.053140096618357,2.3357487922705316,889.0,2.1473429951690823,39.01,-122.75,1
3.1176,33.0,4.293413173652695,1.1197604790419162,1511.0,1.8095808383233534,37.23,-121.98,1
3.2026,34.0,5.481393975191967,1.0425280567040756,4514.0,2.666272888363851,34.46,-119.23,1
13.1867,34.0,8.75,1.0166666666666666,511.0,2.838888888888889,37.36,-122.11,1
2.166,18.0,4.802059496567506,1.1510297482837528,2203.0,2.5205949656750573,37.68,-120.98,0
3.0446,32.0,4.895074946466809,1.0021413276231264,1741.0,3.728051391862955,32.72,-117.08,0
2.875,2.0,5.624161073825503,1.9798657718120805,240.0,1.610738255033557,37.59,-122.01,1
2.3125,37.0,3.897727272727273,1.0363636363636364,2052.0,4.663636363636364,34.06,-118.19,0
3.75,52.0,6.081632653061225,1.064625850340136,792.0,2.693877551020408,34.1,-118.1,1
2.4038,46.0,3.6126543209876543,1.0848765432098766,2371.0,3.6589506172839505,34.07,-118.26,1
4.0714,19.0,61.8125,11.0,112.0,2.3333333333333335,39.01,-120.06,1
5.0376,52.0,8.564179104477612,1.773134328358209,500.0,1.492537313432836,37.8,-122.44,1
5.2542,24.0,6.830645161290323,1.0241935483870968,1078.0,2.8978494623655915,32.89,-116.94,1
2.9292,33.0,4.066666666666666,1.1148936170212767,1774.0,2.5163120567375885,33.89,-118.14,1
5.8966,17.0,7.33983286908078,1.083565459610028,994.0,2.768802228412256,33.02,-117.06,1
4.7932,22.0,5.29665071770335,0.9868421052631579,3152.0,3.770334928229665,34.28,-118.38,0
5.2649,26.0,6.88785046728972,1.071651090342679,1024.0,3.190031152647975,37.67,-121.78,1
4.8977,41.0,5.957792207792208,1.0097402597402598,683.0,2.2175324675324677,34.28,-119.26,1
4.8419,15.0,6.112259970457902,0.9394387001477105,2001.0,2.9556868537666174,32.83,-117.09,1
2.5625,49.0,4.615384615384615,0.8461538461538461,76.0,5.846153846153846,34.1,-117.3,0
3.125,52.0,6.13103448275862,1.1172413793103448,273.0,1.8827586206896552,38.56,-121.47,0
3.6944,29.0,4.048744460856721,0.9852289512555391,2449.0,3.617429837518464,34.08,-118.02,0
3.3214,24.0,9.308474576271186,1.7423728813559323,731.0,2.477966101694915,33.36,-116.34,0
1.625,20.0,6.0344827586206895,1.6379310344827587,119.0,2.0517241379310347,34.55,-114.94,0
5.4188,10.0,6.266187050359712,1.0467625899280575,1469.0,2.6420863309352516,33.48,-117.65,1
3.0938,34.0,5.424568965517241,1.040948275862069,1324.0,2.853448275862069,38.58,-122.45,1
5.6413,35.0,5.361702127659575,0.9281914893617021,1023.0,2.720744680851064,37.44,-122.11,1
2.63,29.0,3.496212121212121,1.003787878787879,2576.0,4.878787878787879,33.97,-118.14,0
3.3889,10.0,4.472602739726027,0.821917808219178,407.0,2.787671232876712,38.89,-121.29,0
1.9688,29.0,4.036734693877551,1.0979591836734695,823.0,1.6795918367346938,38.6,-121.46,0
2.9271,48.0,5.046594982078853,1.0788530465949822,682.0,2.4444444444444446,34.63,-120.46,0
10.3203,43.0,5.428571428571429,0.9523809523809523,83.0,1.9761904761904763,37.72,-121.85,1
1.7641,38.0,2.4232121922626026,1.071512309495897,2717.0,3.1852286049237986,34.1,-118.3,1
4.2149,42.0,4.933806146572104,0.950354609929078,1342.0,3.1725768321513,37.36,-121.88,1
4.375,33.0,4.888040712468193,1.0101781170483461,1492.0,3.796437659033079,34.1,-117.92,0
3.0521,27.0,4.115,0.855,798.0,3.99,36.64,-119.59,0
2.6083,38.0,5.14026402640264,1.0264026402640265,1238.0,2.042904290429043,36.21,-119.33,0
7.6229,35.0,7.2251461988304095,1.0204678362573099,881.0,2.5760233918128654,37.39,-122.1,1
4.4831,36.0,5.2560975609756095,0.9817073170731707,838.0,2.5548780487804876,33.8,-118.09,1
2.6042,52.0,3.4216867469879517,1.0522088353413654,389.0,1.5622489959839359,32.74,-117.16,1
5.6093,17.0,5.970967741935484,1.1161290322580646,770.0,2.4838709677419355,33.82,-118.03,1
1.9528,13.0,4.23142509135201,1.1291108404384897,2149.0,2.617539585870889,37.32,-120.49,0
6.0722,4.0,5.857777777777778,0.9688888888888889,673.0,2.991111111111111,33.66,-117.59,1
3.4907,34.0,4.901719901719901,1.0245700245700247,1573.0,3.864864864864865,33.92,-118.04,0
5.7245,52.0,6.042553191489362,1.071808510638298,963.0,2.5611702127659575,37.59,-122.37,1
3.1204,32.0,4.596287703016241,1.0951276102088168,1371.0,3.1809744779582365,33.91,-118.14,1
2.7312,52.0,6.519230769230769,1.1153846153846154,540.0,2.076923076923077,35.38,-119.03,0
4.5446,36.0,6.437299035369775,1.1607717041800643,913.0,2.9356913183279745,33.96,-118.02,1
2.401,37.0,4.492581602373887,1.0,1121.0,3.3264094955489614,37.97,-121.22,0
4.0972,37.0,5.7592592592592595,1.1296296296296295,171.0,3.1666666666666665,37.8,-121.2,0
1.9556,44.0,4.223728813559322,1.0440677966101695,1031.0,3.4949152542372883,33.97,-118.26,0
2.6964,24.0,3.0085836909871246,1.0343347639484979,1976.0,4.240343347639485,33.99,-118.22,0
1.4044,35.0,4.659147869674185,1.0726817042606516,1208.0,3.0275689223057642,36.97,-120.06,0
6.0137,17.0,6.129251700680272,1.0147392290249433,2337.0,2.6496598639455784,34.24,-118.61,1
7.674,15.0,5.387878787878788,0.9424242424242424,908.0,2.7515151515151515,33.86,-118.38,1
4.7708,52.0,6.727699530516432,1.0751173708920188,612.0,2.8732394366197185,37.81,-122.23,1
7.2986,24.0,6.424817518248175,1.018978102189781,1818.0,2.654014598540146,37.31,-122.07,1
3.5395,24.0,5.140350877192983,1.0315789473684212,1448.0,2.5403508771929824,37.66,-120.97,0
4.1719,24.0,5.063725490196078,0.9264705882352942,486.0,2.3823529411764706,34.15,-117.68,1
1.7075,9.0,4.937153419593345,1.1959334565619224,1484.0,2.743068391866913,36.14,-120.35,0
3.7738,18.0,7.545253863134658,1.5143487858719646,970.0,2.141280353200883,35.42,-120.94,1
2.7153,16.0,5.582914572864322,1.135678391959799,317.0,1.592964824120603,37.3,-121.93,1
5.3462,46.0,6.75,0.998015873015873,1389.0,2.755952380952381,34.0,-118.35,1
11.5609,52.0,8.512968299711815,1.069164265129683,1152.0,3.319884726224784,34.12,-118.11,1
4.3,41.0,5.445468509984639,1.0721966205837175,1221.0,1.8755760368663594,34.15,-118.36,1
3.2216,20.0,5.371428571428571,1.0904761904761904,621.0,2.9571428571428573,39.05,-122.91,0
3.9167,28.0,8.839142091152816,1.8123324396782843,923.0,2.474530831099196,38.38,-123.08,1
6.8132,4.0,6.359838274932614,0.9986522911051213,1895.0,2.5539083557951483,37.68,-121.85,1
1.1194,27.0,2.772727272727273,1.1301652892561984,844.0,1.743801652892562,33.98,-117.37,0
5.0329,14.0,8.022099447513812,1.1988950276243093,516.0,2.850828729281768,40.94,-124.05,0
5.844,26.0,6.334876543209877,0.9830246913580247,2072.0,3.197530864197531,33.82,-118.04,1
4.131,52.0,5.854054054054054,1.1432432432432433,1072.0,2.8972972972972975,37.74,-122.48,1
4.7821,14.0,4.666666666666667,1.0882658359293873,2222.0,2.307372793354102,33.72,-118.04,0
2.3468,43.0,4.6095471236230114,1.03671970624235,1855.0,2.270501835985312,38.68,-121.78,0
5.0464,17.0,6.0130151843817785,0.9739696312364425,1685.0,3.6550976138828633,33.87,-117.58,0
4.95,45.0,5.507598784194529,1.0212765957446808,752.0,2.2857142857142856,37.5,-122.25,1
3.6673,22.0,3.5308510638297874,1.1117021276595744,1848.0,1.9659574468085106,34.04,-118.45,1
2.48,20.0,4.6453900709219855,1.0780141843971631,1538.0,2.181560283687943,37.69,-121.01,0
4.75,15.0,4.678227360308285,0.9884393063583815,1687.0,3.250481695568401,37.45,-121.89,1
2.2197,33.0,4.325,1.0770833333333334,1374.0,2.8625,33.87,-117.57,0
2.425,52.0,5.590804597701149,1.1379310344827587,928.0,2.1333333333333333,39.22,-121.07,0
8.2436,44.0,6.465317919075145,1.0028901734104045,948.0,2.739884393063584,37.44,-122.18,1
3.3397,28.0,4.530685920577618,1.052346570397112,1388.0,2.5054151624548737,33.72,-118.3,1
1.6452,35.0,3.7738589211618256,1.0352697095435686,1666.0,3.4564315352697097,34.03,-118.36,0
4.53,22.0,5.181194906953967,1.0323212536728696,2812.0,2.754162585700294,33.83,-118.06,1
2.4306,36.0,5.140845070422535,1.091549295774648,476.0,3.352112676056338,34.0,-117.37,0
4.2259,3.0,6.495501285347044,1.143637532133676,8361.0,2.6866966580976865,38.77,-121.33,0
3.3371,32.0,4.845195729537367,1.0427046263345197,1702.0,3.0284697508896796,32.57,-117.11,0
3.3523,25.0,4.997245179063361,1.1129476584022038,1187.0,3.2699724517906334,34.07,-117.94,0
4.1325,13.0,5.064,1.037090909090909,3892.0,2.8305454545454545,33.85,-117.95,1
4.7228,36.0,5.41743119266055,1.0091743119266054,775.0,3.555045871559633,34.24,-118.42,1
3.1083,33.0,5.069182389937107,1.0167714884696017,1397.0,2.9287211740041927,33.96,-118.15,1
3.6467,21.0,4.64200477326969,1.026252983293556,1335.0,3.1861575178997614,32.61,-117.09,0
3.8906,30.0,5.630813953488372,1.0203488372093024,945.0,2.747093023255814,34.17,-117.26,0
2.5395,25.0,4.970588235294118,1.2379679144385027,1070.0,2.8609625668449197,34.05,-117.68,1
4.3,27.0,4.7063953488372094,1.0232558139534884,831.0,2.4156976744186047,36.61,-121.92,1
2.3887,52.0,4.0879864636209815,1.0490693739424704,1188.0,2.010152284263959,37.77,-122.43,1
2.6528,9.0,8.010752688172044,1.586021505376344,2233.0,2.401075268817204,37.97,-120.67,0
4.6277,21.0,3.983092638252906,1.0704473406128918,5127.0,1.805917576611483,33.99,-118.38,1
4.5556,34.0,5.7100737100737105,0.9901719901719902,2282.0,2.8034398034398036,37.57,-122.48,1
3.2344,44.0,5.045081967213115,1.0573770491803278,682.0,2.7950819672131146,33.85,-117.92,0
2.9375,19.0,5.236286919831223,1.029535864978903,850.0,3.586497890295359,36.33,-119.67,0
2.5863,30.0,5.027496382054993,1.0636758321273516,1674.0,2.422575976845152,34.04,-117.04,0
4.6587,36.0,5.002232142857143,0.9352678571428571,1743.0,3.890625,34.05,-117.92,0
2.2138,47.0,5.3003003003003,0.978978978978979,796.0,2.3903903903903903,40.87,-124.07,0
9.5268,13.0,7.139275766016713,0.9902506963788301,2429.0,3.383008356545961,33.67,-118.07,1
3.8576,20.0,4.449513836948392,1.0598354525056095,2593.0,1.9394166043380703,34.17,-118.26,1
4.5313,25.0,6.795031055900621,1.1718426501035197,1244.0,2.5755693581780537,38.27,-122.42,1
2.8835,17.0,4.4476744186046515,1.1744186046511629,883.0,2.566860465116279,33.81,-118.0,1
4.1161,49.0,5.406417112299465,1.0338680926916222,1284.0,2.2887700534759357,34.17,-118.34,1
3.75,52.0,6.117647058823529,1.1764705882352942,32.0,1.8823529411764706,34.09,-118.25,1
2.0972,52.0,3.149812734082397,1.155430711610487,873.0,1.6348314606741574,32.73,-117.16,0
5.5255,40.0,5.0162162162162165,1.0108108108108107,521.0,2.8162162162162163,33.92,-118.37,1
12.8879,28.0,7.703196347031963,1.0319634703196348,2431.0,2.7751141552511416,34.14,-118.51,1
6.8695,27.0,6.567357512953368,1.0077720207253886,1071.0,2.7746113989637307,34.28,-118.49,1
4.7464,28.0,4.714285714285714,0.9251700680272109,901.0,3.064625850340136,33.76,-117.97,1
4.6607,4.0,5.012295081967213,1.1270491803278688,505.0,2.069672131147541,33.51,-117.69,0
5.4939,20.0,6.215815485996705,1.028006589785832,1965.0,3.2372322899505765,37.25,-121.85,1
4.4318,52.0,5.74384236453202,1.0689655172413792,861.0,2.1206896551724137,37.76,-122.43,1
3.8171,18.0,5.119732785200411,1.0436793422404933,5613.0,2.8843782117163412,37.63,-122.1,1
4.4762,30.0,6.247685185185185,1.0717592592592593,2672.0,3.0925925925925926,33.94,-117.55,0
2.0672,37.0,2.8308431163287087,1.056563500533618,3895.0,2.0784418356456777,34.1,-118.3,1
3.825,48.0,6.168421052631579,1.0789473684210527,497.0,2.6157894736842104,33.99,-118.34,1
6.7867,17.0,6.6292335115864525,1.0481283422459893,2089.0,3.7237076648841354,37.41,-121.87,1
3.8056,36.0,4.651488616462347,1.001751313485114,2370.0,4.15061295971979,33.76,-117.89,0
4.125,5.0,5.734177215189874,1.1835443037974684,1453.0,9.19620253164557,33.93,-118.07,0
3.7672,19.0,5.215170278637771,1.041795665634675,1834.0,2.8390092879256965,35.5,-120.68,0
1.6033,19.0,5.699453551912568,1.1147540983606556,505.0,2.759562841530055,40.58,-122.3,0
2.0625,15.0,4.538775510204082,1.0448979591836736,411.0,1.6775510204081632,34.4,-119.51,1
2.5234,35.0,6.239130434782608,1.0724637681159421,381.0,2.760869565217391,34.13,-117.25,0
2.0139,17.0,3.642523364485981,1.0794392523364487,821.0,1.9182242990654206,32.76,-117.12,0
2.9097,16.0,4.203463203463204,1.0432900432900434,1705.0,2.4603174603174605,37.96,-122.04,0
3.1786,41.0,3.079136690647482,0.7985611510791367,585.0,4.2086330935251794,33.98,-118.17,0
1.8316,40.0,3.7833876221498373,1.0765472312703583,1847.0,3.00814332247557,34.03,-118.36,0
3.994,30.0,5.083832335329341,0.9680638722554891,1547.0,3.0878243512974053,38.01,-121.3,0
3.5625,17.0,4.776523702031603,1.069977426636569,662.0,1.4943566591422122,33.61,-117.74,1
6.3809,18.0,7.113013698630137,1.0205479452054795,937.0,3.208904109589041,37.94,-122.01,1
3.0368,25.0,4.948453608247423,0.979381443298969,1434.0,3.695876288659794,34.97,-120.45,0
2.0313,17.0,6.060728744939271,1.2469635627530364,1425.0,5.769230769230769,36.57,-119.97,0
4.8194,18.0,6.423340961098398,1.0183066361556063,1315.0,3.009153318077803,37.99,-121.81,0
4.5033,21.0,5.258097165991903,1.0323886639676114,2539.0,2.5698380566801617,33.89,-117.99,0
1.5294,39.0,3.6512261580381473,1.1144414168937329,1463.0,3.9863760217983653,33.96,-118.29,0
1.275,23.0,4.541114058355437,1.0689655172413792,1370.0,3.6339522546419096,32.79,-115.54,0
1.9052,38.0,4.203773584905661,1.0773584905660378,1697.0,3.20188679245283,34.0,-117.41,0
3.385,44.0,3.1832358674463936,1.0448343079922027,741.0,1.4444444444444444,33.76,-118.14,1
4.0375,29.0,6.447222222222222,1.0194444444444444,1173.0,3.2583333333333333,32.78,-115.57,0
2.5643,21.0,4.229224376731302,1.0796398891966759,2805.0,1.9425207756232687,34.06,-117.19,0
2.2552,14.0,2.4292929292929295,1.1691919191919191,2226.0,2.8106060606060606,34.07,-118.28,1
5.2954,52.0,5.804560260586319,1.003257328990228,735.0,2.3941368078175898,34.04,-118.43,1
3.7361,35.0,5.734848484848484,1.143939393939394,474.0,3.590909090909091,33.93,-118.16,1
2.4695,26.0,4.801687763713081,0.9704641350210971,1455.0,3.069620253164557,39.08,-121.54,0
6.2715,16.0,6.835051546391752,0.9965635738831615,814.0,2.797250859106529,32.9,-117.09,1
1.6823,21.0,4.261904761904762,0.9761904761904762,933.0,2.7767857142857144,39.13,-121.61,0
5.0917,52.0,5.628458498023716,1.1422924901185771,550.0,2.1739130434782608,37.82,-122.25,1
2.8426,10.0,4.897243107769423,1.1152882205513786,1898.0,2.3784461152882206,38.67,-121.32,0
2.5625,33.0,4.345505617977528,1.0449438202247192,1063.0,2.985955056179775,37.66,-122.08,0
3.2016,37.0,5.899736147757256,0.9815303430079155,974.0,2.569920844327177,39.75,-121.82,0
3.0771,28.0,4.727969348659004,0.9693486590038314,1353.0,2.5919540229885056,32.62,-117.08,0
3.6364,19.0,6.465408805031447,1.20125786163522,340.0,2.138364779874214,33.68,-117.95,1
12.8665,37.0,7.4575645756457565,1.0129151291512914,1318.0,2.4317343173431736,34.07,-118.48,1
4.925,46.0,5.523809523809524,1.010989010989011,639.0,2.340659340659341,34.04,-118.42,1
5.24,52.0,5.081018518518518,1.0069444444444444,884.0,2.0462962962962963,34.07,-118.37,1
6.5319,36.0,6.281622911694511,1.0739856801909309,2038.0,4.863961813842482,32.72,-117.25,1
1.6006,52.0,4.427083333333333,1.0173611111111112,1246.0,2.1631944444444446,34.07,-117.75,0
2.0595,37.0,6.116788321167883,1.1532846715328466,707.0,2.5802919708029197,36.1,-119.57,0
2.5872,31.0,3.8357963875205257,1.077175697865353,1186.0,1.9474548440065682,32.75,-117.13,0
2.2946,34.0,4.161716171617162,1.0396039603960396,1027.0,3.3894389438943895,33.95,-118.27,0
4.225,28.0,5.576864535768645,1.0943683409436835,1820.0,2.7701674277016743,33.94,-117.93,1
1.7941,22.0,4.216145833333333,0.9375,1509.0,3.9296875,34.97,-120.44,0
4.5909,35.0,5.545945945945946,1.054054054054054,753.0,4.07027027027027,34.23,-118.41,0
6.2427,11.0,6.161016949152542,1.0466101694915255,635.0,2.690677966101695,33.88,-117.97,1
7.9217,4.0,5.106060606060606,1.0,511.0,2.580808080808081,33.66,-117.83,1
2.628,48.0,5.720657276995305,1.039906103286385,1400.0,3.2863849765258215,34.04,-118.33,1
4.7241,46.0,5.375757575757576,0.9545454545454546,753.0,2.2818181818181817,34.17,-118.1,1
1.6602,31.0,3.9526066350710902,1.085308056872038,616.0,2.919431279620853,36.62,-119.68,0
2.5795,27.0,4.274611398963731,1.1476683937823835,1359.0,3.5207253886010363,33.75,-118.29,1
4.0227,19.0,5.950184501845018,1.011070110701107,1760.0,3.2472324723247232,36.77,-119.58,0
5.5277,30.0,5.781902552204176,0.9419953596287703,1250.0,2.9002320185614847,32.84,-117.19,1
2.1827,26.0,4.521428571428571,0.9214285714285714,305.0,2.1785714285714284,40.05,-122.1,0
1.2794,33.0,4.335968379446641,1.0039525691699605,627.0,2.4782608695652173,37.11,-120.26,0
3.7708,34.0,5.33641975308642,1.0,1341.0,4.138888888888889,34.05,-117.94,0
2.7153,22.0,4.736245954692556,1.0307443365695792,2546.0,4.119741100323624,36.43,-121.32,0
3.2048,33.0,4.229067930489731,1.0173775671406002,1469.0,2.320695102685624,37.36,-121.99,1
1.0585,26.0,4.3622795115332424,1.1221166892808685,2041.0,2.7693351424694708,39.5,-121.55,0
2.0,32.0,3.7413333333333334,1.064,1506.0,4.016,33.98,-118.2,0
3.5585,16.0,4.560869565217391,1.108695652173913,2165.0,3.13768115942029,33.07,-117.3,1
3.0707,52.0,4.92326139088729,1.1510791366906474,900.0,2.158273381294964,34.05,-118.38,1
3.3214,42.0,4.454828660436137,1.0529595015576323,1269.0,3.953271028037383,33.96,-118.04,0
2.5885,52.0,4.842639593908629,1.0862944162436547,1271.0,3.2258883248730963,34.01,-118.3,0
3.5861,16.0,3.261744966442953,1.1438159156279961,1479.0,1.4180249280920423,37.37,-122.03,1
9.0776,5.0,7.9140022050716645,0.9900771775082691,2823.0,3.1124586549062845,37.81,-121.95,1
3.087,20.0,9.78735632183908,1.6896551724137931,409.0,2.3505747126436782,39.2,-120.1,1
5.477,26.0,6.450413223140496,0.8760330578512396,817.0,3.37603305785124,34.27,-118.68,1
3.7348,4.0,5.705276705276705,1.178893178893179,4775.0,3.072715572715573,34.08,-117.36,0
3.5429,29.0,6.148936170212766,1.0572831423895255,2022.0,3.309328968903437,38.68,-121.37,0
2.3049,25.0,3.641843971631206,1.0797872340425532,2271.0,4.026595744680851,34.06,-117.7,0
6.0097,25.0,5.972222222222222,0.8796296296296297,689.0,3.189814814814815,34.45,-118.5,1
5.2816,36.0,5.965174129353234,1.0024875621890548,1261.0,3.13681592039801,33.79,-117.96,1
2.6987,25.0,5.349295774647888,1.0056338028169014,891.0,2.5098591549295777,40.58,-124.14,0
3.9833,35.0,5.13986013986014,1.027972027972028,1930.0,2.699300699300699,37.55,-122.3,1
4.6364,17.0,6.16986301369863,1.0356164383561643,1776.0,4.865753424657535,32.57,-117.06,0
4.6602,22.0,5.767123287671233,0.9698630136986301,993.0,2.7205479452054795,37.94,-122.05,1
1.8287,52.0,4.516908212560386,1.0821256038647342,315.0,1.5217391304347827,38.3,-122.29,0
2.3879,14.0,3.980477223427332,1.0151843817787418,1867.0,4.049891540130152,36.5,-121.43,0
3.3553,21.0,5.517515923566879,1.017515923566879,2292.0,3.6496815286624202,34.07,-117.45,0
3.2813,15.0,5.04954128440367,1.001834862385321,1422.0,2.6091743119266053,35.5,-120.67,0
4.037,35.0,4.537549407114624,1.0197628458498025,975.0,3.8537549407114624,34.08,-118.04,0
2.1287,30.0,5.876168224299065,1.1238317757009346,1327.0,3.100467289719626,37.93,-122.34,0
6.2356,42.0,4.636085626911315,1.0428134556574924,634.0,1.9388379204892967,33.88,-118.4,1
4.5,14.0,5.227043390514631,1.060544904137235,1639.0,1.6538849646821392,33.03,-117.05,1
2.2661,16.0,5.783050847457627,1.1305084745762712,1873.0,3.1745762711864405,40.37,-120.58,0
3.8542,15.0,5.725806451612903,1.0,1296.0,2.986175115207373,37.66,-120.96,0
5.1834,26.0,5.037878787878788,1.0151515151515151,1550.0,1.957070707070707,37.94,-122.54,1
3.1642,24.0,3.2353966870095903,1.0392327811682651,1764.0,1.5379250217959894,34.03,-118.41,1
3.3971,22.0,4.676348547717843,1.1908713692946058,697.0,2.892116182572614,33.9,-118.35,1
4.2813,45.0,4.209606986899563,0.9890829694323144,1323.0,2.888646288209607,33.89,-118.32,1
3.8625,30.0,4.786026200873362,1.0087336244541485,741.0,3.2358078602620086,34.21,-119.18,1
1.1111,19.0,5.830917874396135,1.173913043478261,721.0,3.4830917874396135,37.81,-122.28,0
4.9091,9.0,5.243243243243243,1.137214137214137,1591.0,3.3076923076923075,37.39,-121.87,1
6.4522,16.0,7.941529235382309,1.214392803598201,1489.0,2.232383808095952,34.19,-119.23,1
9.2189,28.0,8.046511627906977,1.0534883720930233,2515.0,2.9244186046511627,34.14,-118.53,1
4.6667,4.0,5.858695652173913,0.8586956521739131,571.0,3.1032608695652173,32.72,-116.98,1
3.9375,21.0,36.715384615384615,8.053846153846154,337.0,2.5923076923076924,34.24,-117.07,0
5.3889,33.0,6.078880407124682,1.0432569974554708,1229.0,3.127226463104326,33.86,-118.11,1
4.0221,16.0,5.594795539033457,1.0780669144981412,1649.0,3.0650557620817844,33.61,-117.69,1
2.3293,31.0,4.673866090712743,0.9848812095032398,959.0,2.0712742980561556,36.78,-119.78,0
2.9063,27.0,3.7992700729927007,1.1167883211678833,2009.0,3.6660583941605838,33.88,-118.29,1
1.4327,47.0,4.167420814479638,1.1945701357466063,881.0,3.986425339366516,34.01,-118.27,0
1.85,27.0,4.039755351681957,1.033639143730887,779.0,2.382262996941896,39.4,-123.35,0
3.5139,28.0,5.265350877192983,1.1030701754385965,1155.0,2.5328947368421053,33.77,-118.0,1
2.7708,33.0,4.564432989690721,1.0257731958762886,1037.0,2.672680412371134,36.62,-121.83,0
3.5714,4.0,5.9640287769784175,1.0827338129496402,676.0,2.431654676258993,37.98,-120.35,0
4.0911,19.0,4.802098950524738,1.0614692653673163,1761.0,2.6401799100449774,33.88,-118.11,1
3.3816,52.0,4.4869888475836435,1.1226765799256506,1008.0,3.7472118959107807,37.75,-122.42,1
6.4562,23.0,7.626506024096385,1.0963855421686748,236.0,2.8433734939759034,38.09,-121.23,1
2.7799,36.0,3.964114832535885,1.0167464114832536,1689.0,4.04066985645933,34.01,-118.17,0
4.6719,32.0,5.03781512605042,0.9621848739495799,814.0,3.4201680672268906,37.36,-121.98,1
3.4138,14.0,6.01203007518797,1.069172932330827,1509.0,2.269172932330827,34.13,-117.2,0
6.9051,5.0,8.527293844367016,1.3077816492450638,4276.0,2.483159117305459,37.9,-121.6,1
4.4063,15.0,6.1044303797468356,1.0031645569620253,1237.0,3.9145569620253164,34.0,-117.5,0
3.3571,17.0,6.083333333333333,1.1027131782945736,1612.0,3.124031007751938,34.06,-117.38,0
2.8036,18.0,3.2740088105726874,1.2303964757709251,3596.0,1.5841409691629955,34.1,-118.35,1
1.9531,52.0,4.723333333333334,1.1766666666666667,881.0,2.9366666666666665,33.98,-117.33,0
4.9286,24.0,5.781065088757397,0.8698224852071006,454.0,2.6863905325443787,32.74,-116.98,0
2.567,21.0,5.091935483870968,1.0274193548387096,2268.0,3.6580645161290324,37.38,-120.64,0
2.7125,35.0,4.443037974683544,1.109704641350211,552.0,2.329113924050633,36.98,-122.02,1
3.6563,13.0,5.563245823389021,1.107398568019093,1110.0,2.649164677804296,39.17,-120.93,0
1.881,25.0,5.56353591160221,1.1104972375690607,1160.0,3.2044198895027622,35.96,-119.19,0
5.144,27.0,5.041237113402062,1.0103092783505154,403.0,4.154639175257732,33.85,-118.28,1
3.0288,40.0,5.125506072874494,1.040485829959514,547.0,2.214574898785425,38.13,-121.73,0
2.2574,23.0,6.018229166666667,1.2682291666666667,1019.0,2.6536458333333335,36.63,-118.18,0
4.7159,36.0,5.613138686131387,1.0364963503649636,498.0,3.6350364963503647,33.89,-118.1,1
0.5495,38.0,4.249056603773585,1.0188679245283019,999.0,3.769811320754717,33.96,-118.27,0
3.3272,35.0,5.073170731707317,0.983739837398374,1054.0,2.856368563685637,36.79,-119.83,0
3.0185,17.0,4.205479452054795,0.863013698630137,434.0,1.9817351598173516,34.61,-120.16,1
1.5608,31.0,3.971502590673575,0.9352331606217616,1518.0,3.9326424870466323,36.4,-119.1,0
3.5931,18.0,5.50103519668737,1.0269151138716357,1426.0,2.9523809523809526,35.62,-117.7,0
4.6186,32.0,5.031390134529148,1.0119581464872944,2857.0,4.270553064275037,34.18,-119.19,1
5.4324,17.0,5.97583081570997,0.9652567975830816,2222.0,3.3564954682779455,37.69,-121.8,1
3.5,42.0,4.9110576923076925,0.9086538461538461,869.0,2.0889423076923075,34.02,-118.33,1
3.8,41.0,4.773892773892774,1.0233100233100234,1191.0,2.7762237762237763,33.91,-118.36,1
2.3942,16.0,3.2981651376146788,1.0321100917431192,801.0,3.6743119266055047,34.07,-118.25,0
4.6394,22.0,6.806691449814126,1.0185873605947955,813.0,3.0223048327137545,38.66,-121.07,0
6.623,30.0,6.8671875,0.96875,814.0,3.1796875,37.3,-121.94,1
6.0199,49.0,5.752411575562701,0.9260450160771704,848.0,2.7266881028938905,34.12,-118.15,1
4.5469,21.0,4.624576271186441,1.056779661016949,2304.0,1.952542372881356,37.75,-122.44,1
3.6979,34.0,4.771341463414634,0.9024390243902439,1142.0,3.481707317073171,33.95,-117.46,0
3.3021,34.0,5.671957671957672,0.9841269841269841,899.0,2.378306878306878,38.92,-121.05,0
5.9177,27.0,5.5396825396825395,0.9206349206349206,391.0,3.1031746031746033,33.92,-117.9,1
5.2001,16.0,6.118892508143323,1.0586319218241043,1291.0,2.1026058631921822,33.75,-118.04,1
1.9354,35.0,2.7146984470928133,1.0693391115926327,5899.0,2.1303719754423978,34.1,-118.3,1
3.6382,25.0,7.772189349112426,1.1449704142011834,1059.0,3.133136094674556,34.66,-118.23,0
3.9702,36.0,5.297071129707113,0.9539748953974896,606.0,2.5355648535564854,37.7,-122.14,1
3.1205,16.0,3.728476821192053,1.1015452538631347,1260.0,2.781456953642384,33.87,-117.99,0
5.1356,10.0,5.144312393887946,0.9745331069609507,1623.0,2.7555178268251272,37.26,-121.82,1
1.4338,26.0,7.177215189873418,1.7721518987341771,329.0,2.0822784810126582,32.74,-116.0,0
1.7727,31.0,4.961937716262976,0.9792387543252595,811.0,2.8062283737024223,39.44,-121.55,0
2.7399,15.0,6.218905472636816,1.1459369817578773,1444.0,2.39469320066335,38.39,-120.62,0
4.5656,20.0,5.147410358565737,1.0610889774236387,1334.0,1.7715803452855245,34.15,-118.45,1
2.6696,19.0,4.099290780141844,1.1645390070921986,2203.0,3.124822695035461,34.19,-118.37,1
4.0878,22.0,4.3347921225382935,1.0328227571115973,1231.0,2.6936542669584247,33.91,-118.11,0
4.0536,34.0,5.455268389662028,1.0755467196819086,1333.0,2.650099403578529,33.96,-118.14,1
1.879,28.0,2.8479685452162515,1.073394495412844,2548.0,3.3394495412844036,34.09,-118.32,1
4.3125,34.0,5.535433070866142,1.0,369.0,2.905511811023622,34.19,-118.61,1
5.3508,25.0,5.39493670886076,1.0379746835443038,1132.0,2.8658227848101268,37.31,-122.03,1
5.5388,25.0,6.104536489151874,1.0138067061143985,1251.0,2.467455621301775,37.35,-122.03,1
3.2792,40.0,4.452975047984645,1.0786948176583493,1499.0,2.8771593090211134,37.76,-122.51,1
6.6143,16.0,7.3861386138613865,1.0132013201320131,1002.0,3.3069306930693068,32.67,-117.0,1
4.125,37.0,7.285714285714286,1.2142857142857142,29.0,2.0714285714285716,39.12,-121.52,0
2.0579,42.0,4.101604278074866,1.106951871657754,2114.0,3.768270944741533,33.8,-118.18,0
3.9,41.0,5.883720930232558,1.0852713178294573,408.0,3.1627906976744184,36.14,-119.19,0
3.7826,5.0,4.363207547169812,1.1709905660377358,1657.0,1.9540094339622642,33.79,-118.15,1
1.6023,32.0,3.878787878787879,1.0696969696969696,1335.0,4.045454545454546,32.7,-117.14,0
4.5461,33.0,5.0296495956873315,0.8814016172506739,1053.0,2.838274932614555,33.76,-117.85,1
2.2375,24.0,4.381736526946108,1.0538922155688624,2005.0,3.001497005988024,32.73,-117.1,0
7.0796,45.0,5.759013282732448,0.9791271347248577,1127.0,2.138519924098672,33.76,-118.12,1
1.275,46.0,3.7510917030567685,1.0232896652110626,2446.0,3.5604075691411934,33.99,-118.28,0
2.9474,37.0,4.869047619047619,1.0138888888888888,1165.0,2.3115079365079363,34.07,-117.66,0
5.1654,41.0,5.235714285714286,1.1071428571428572,652.0,4.6571428571428575,37.48,-122.2,1
2.3043,33.0,5.218274111675127,1.1472081218274113,658.0,3.3401015228426396,37.47,-120.68,0
3.3981,15.0,5.860279441117765,1.031936127744511,1182.0,2.3592814371257487,38.46,-122.58,1
3.2636,22.0,4.625,1.0554347826086956,2901.0,3.1532608695652176,33.78,-117.98,1
3.3661,31.0,5.58648111332008,1.0298210735586482,1640.0,3.2604373757455267,38.05,-121.98,0
4.5,16.0,4.895915678524374,1.2068511198945981,1551.0,2.0434782608695654,37.35,-122.01,1
2.5972,29.0,4.037974683544304,0.8955696202531646,1216.0,3.848101265822785,34.08,-117.71,0
5.532,47.0,6.345454545454546,0.9818181818181818,753.0,2.7381818181818183,34.16,-118.01,1
10.1357,24.0,7.564516129032258,0.9851116625310173,2248.0,2.7890818858560795,33.74,-118.32,1
3.7043,17.0,5.677966101694915,1.0554699537750385,1939.0,2.987673343605547,38.03,-121.97,0
12.0372,27.0,8.276283618581907,1.0440097799511003,1248.0,3.0513447432762835,37.39,-122.13,1
7.1997,13.0,19.468,2.872,780.0,3.12,34.28,-117.17,1
6.2558,16.0,6.140540540540541,1.0594594594594595,481.0,2.6,32.76,-115.39,0
2.0076,38.0,5.330561330561331,1.135135135135135,1301.0,2.7047817047817047,35.64,-120.69,0
4.0982,36.0,5.880769230769231,1.023076923076923,683.0,2.626923076923077,32.79,-117.09,0
3.4583,41.0,4.582945736434109,1.0852713178294573,1212.0,1.8790697674418604,34.02,-118.45,1
4.87,19.0,5.662109375,0.974609375,1356.0,2.6484375,33.03,-117.27,1
6.5234,18.0,7.292626728110599,1.228110599078341,1312.0,3.0230414746543777,36.52,-121.84,1
5.826,14.0,6.235995232419547,0.965435041716329,3041.0,3.6245530393325387,33.61,-117.64,1
3.8929,52.0,4.7301204819277105,1.036144578313253,1197.0,2.8843373493975903,33.79,-117.85,1
5.4639,35.0,6.057534246575343,0.958904109589041,1004.0,2.750684931506849,37.71,-122.08,1
2.6149,10.0,5.599269183922046,1.2289890377588306,2227.0,2.712545676004872,34.86,-118.15,0
5.5083,52.0,6.659090909090909,1.196969696969697,607.0,2.2992424242424243,37.98,-122.54,1
2.1513,8.0,8.117845117845118,1.5589225589225588,786.0,2.6464646464646466,40.61,-121.67,0
3.4091,14.0,3.9069148936170213,1.071808510638298,2676.0,2.372340425531915,34.23,-118.59,0
3.0043,18.0,5.745424292845258,1.108153078202995,1958.0,3.257903494176373,37.74,-120.95,0
1.7622,34.0,3.8434782608695652,1.0367149758454106,2725.0,2.632850241545894,34.02,-118.35,0
4.9429,28.0,5.839679358717435,0.9799599198396793,1500.0,3.006012024048096,33.8,-117.94,1
7.8061,2.0,11.110599078341014,1.631336405529954,703.0,3.23963133640553,33.58,-117.65,1
5.1412,18.0,6.429672447013488,1.0578034682080926,1449.0,2.791907514450867,37.05,-122.11,1
1.2404,26.0,3.045238095238095,1.042857142857143,1276.0,3.038095238095238,40.59,-122.39,0
5.8692,52.0,7.125,1.0731707317073171,981.0,2.9908536585365852,34.14,-118.12,1
5.8733,17.0,5.852331606217617,0.9922279792746114,1378.0,3.569948186528497,33.86,-118.08,1
3.1781,23.0,4.926391382405745,1.0556552962298025,1493.0,2.680430879712747,38.34,-122.71,0
4.9688,25.0,6.133159268929504,1.0287206266318538,1266.0,3.3054830287206265,37.23,-121.82,1
7.0516,37.0,5.375609756097561,1.0439024390243903,807.0,1.9682926829268292,33.62,-117.93,1
2.0278,46.0,5.189024390243903,1.1341463414634145,1740.0,3.5365853658536586,34.17,-118.15,0
4.2026,24.0,5.617543859649123,0.9894736842105263,731.0,2.5649122807017544,34.59,-120.14,1
5.7528,34.0,4.623376623376624,0.8571428571428571,757.0,3.277056277056277,33.91,-118.32,1
4.9583,28.0,6.759450171821306,1.0824742268041236,734.0,2.52233676975945,38.36,-122.01,0
5.6315,34.0,4.5405982905982905,1.064102564102564,1052.0,2.247863247863248,33.62,-117.93,1
3.152,21.0,4.4875,1.015,2246.0,5.615,33.71,-117.86,0
1.9891,26.0,4.6067039106145256,1.2793296089385475,1703.0,1.9027932960893854,33.19,-117.38,1
10.3048,36.0,8.134920634920634,1.1904761904761905,316.0,2.507936507936508,33.61,-117.92,1
2.5,42.0,4.9772727272727275,1.1136363636363635,526.0,3.984848484848485,33.93,-118.25,0
1.4113,52.0,4.295454545454546,1.1045454545454545,576.0,2.618181818181818,37.82,-122.28,0
10.6186,17.0,7.92147806004619,0.9815242494226328,1468.0,3.3903002309468824,33.01,-117.05,1
3.101,29.0,4.004744958481614,1.0462633451957295,1513.0,1.7947805456702255,32.8,-117.24,1
5.0827,18.0,5.503731343283582,0.996268656716418,1149.0,4.287313432835821,32.68,-117.07,0
3.1801,29.0,4.814814814814815,1.0916179337231968,1589.0,3.0974658869395713,33.79,-117.99,1
3.692,34.0,5.033088235294118,0.9926470588235294,1005.0,3.6948529411764706,33.99,-118.09,0
3.8317,9.0,4.732510288065844,1.1810699588477367,377.0,1.551440329218107,37.56,-122.32,1
4.1875,15.0,6.535471331389699,1.0796890184645287,3139.0,3.0505344995140913,35.41,-120.65,1
3.11,40.0,5.368085106382979,1.0382978723404255,976.0,2.076595744680851,32.76,-117.02,1
5.5184,25.0,6.03030303030303,1.0173160173160174,1669.0,3.6125541125541125,34.44,-119.89,1
7.9283,13.0,7.703016241299304,0.988399071925754,1432.0,3.3225058004640373,33.59,-117.69,1
2.7778,19.0,4.616847826086956,0.967391304347826,994.0,2.7010869565217392,36.81,-119.73,0
2.5625,26.0,4.769230769230769,1.2307692307692308,102.0,2.6153846153846154,33.51,-116.42,0
4.4033,15.0,6.885207100591716,1.093491124260355,2324.0,2.750295857988166,35.13,-120.56,1
2.7273,44.0,4.5625,1.02734375,509.0,1.98828125,32.73,-117.23,1
3.2806,45.0,4.30544747081712,1.0972762645914398,1920.0,3.735408560311284,37.32,-121.88,0
3.4083,36.0,5.43298969072165,0.9896907216494846,832.0,2.859106529209622,38.53,-121.42,0
4.7986,18.0,6.130890052356021,1.0523560209424083,1264.0,3.3089005235602094,34.03,-117.33,0
1.3333,30.0,8.571428571428571,2.1587301587301586,122.0,1.9365079365079365,34.22,-115.52,0
3.3304,16.0,4.462321792260693,1.0047522063815342,6161.0,4.182620502376103,34.28,-118.4,0
2.59,52.0,4.38996138996139,1.162162162162162,866.0,3.3436293436293436,37.77,-122.22,0
2.4464,33.0,4.183157894736842,0.9578947368421052,1369.0,2.8821052631578947,34.08,-117.64,0
4.8167,16.0,5.072727272727272,1.0493506493506493,798.0,2.0727272727272728,32.74,-117.23,0
1.9844,32.0,4.0,1.0375,991.0,6.19375,37.48,-122.2,1
3.2663,19.0,3.6049129989764586,1.060388945752303,1820.0,1.8628454452405323,34.04,-118.46,1
3.2386,52.0,5.58125,0.99375,367.0,2.29375,38.57,-121.46,1
7.6877,21.0,8.279737489745694,1.041017227235439,3645.0,2.9901558654634948,37.91,-122.01,1
6.07,52.0,6.329317269076305,0.9598393574297188,696.0,2.7951807228915664,34.16,-118.16,1
6.1601,26.0,6.395408163265306,1.0025510204081634,1333.0,3.4005102040816326,33.67,-117.9,1
3.5518,24.0,4.863275039745628,1.1589825119236883,2064.0,3.2813990461049283,33.83,-118.26,1
3.6466,21.0,5.769230769230769,1.0262237762237763,1896.0,3.3146853146853146,34.09,-117.41,0
8.7288,6.0,8.715841584158415,1.102970297029703,3385.0,3.3514851485148514,34.23,-118.83,1
2.29,50.0,3.6545454545454548,1.0415584415584416,1526.0,3.963636363636364,34.05,-118.2,0
10.6605,50.0,7.379464285714286,1.125,641.0,2.861607142857143,37.73,-122.47,1
3.875,27.0,3.6207729468599035,1.0289855072463767,755.0,1.8236714975845412,34.14,-118.15,1
7.9614,43.0,5.702517162471396,1.0274599542334095,1033.0,2.3638443935926774,33.88,-118.41,1
3.3043,35.0,4.43811394891945,0.9921414538310412,1561.0,3.0667976424361494,34.14,-117.9,0
5.0947,12.0,6.765853658536585,1.1886178861788619,1609.0,2.616260162601626,35.48,-120.56,1
6.5413,12.0,7.489655172413793,0.967816091954023,1464.0,3.3655172413793104,33.6,-117.69,1
4.1603,17.0,4.3907284768211925,0.9072847682119205,1401.0,3.0927152317880795,33.7,-117.98,0
3.2125,19.0,5.2075471698113205,1.2169811320754718,314.0,2.9622641509433962,34.68,-118.27,1
3.7201,18.0,4.602453987730061,1.0773006134969325,2281.0,2.798773006134969,33.81,-117.98,1
5.131,17.0,6.071104387291982,1.0181543116490166,2263.0,3.4236006051437218,32.84,-117.02,0
3.9485,23.0,5.2182410423452765,1.0488599348534202,2295.0,3.737785016286645,34.15,-119.16,1
3.1597,27.0,4.623529411764705,1.061764705882353,1510.0,2.2205882352941178,33.87,-118.3,1
9.0519,21.0,7.432291666666667,1.0104166666666667,1443.0,2.5052083333333335,33.6,-117.84,1
2.9452,17.0,5.12933025404157,1.0538876058506543,2840.0,2.1862971516551193,38.61,-121.27,0
3.7237,15.0,4.695906432748538,1.0964912280701755,784.0,2.2923976608187133,32.8,-117.13,0
4.0521,35.0,5.7531380753138075,1.0418410041841004,1015.0,4.2468619246861925,34.03,-117.94,0
1.2,35.0,3.9877300613496933,1.0920245398773005,1216.0,3.7300613496932513,33.93,-118.3,0
2.0817,43.0,3.3198924731182795,1.0349462365591398,1745.0,4.690860215053763,34.01,-118.27,0
3.1927,21.0,3.6355871886121,1.0747330960854093,3288.0,2.3402135231316725,37.66,-122.44,1
2.793,17.0,5.539449541284403,1.0605504587155963,1538.0,2.8220183486238533,40.42,-122.32,0
2.5202,52.0,4.644699140401146,1.1260744985673352,635.0,1.819484240687679,38.24,-122.64,1
2.214,27.0,4.6559070367979345,1.0367979341510651,4828.0,3.116849580374435,38.51,-121.44,0
3.7644,14.0,5.7569573283859,1.0556586270871986,1704.0,3.1614100185528757,33.26,-117.05,1
2.6827,17.0,5.376666666666667,1.0866666666666667,765.0,2.55,34.46,-117.12,0
2.4219,46.0,3.5641025641025643,0.9333333333333333,601.0,3.082051282051282,32.75,-117.11,0
7.4046,47.0,7.031347962382445,1.0626959247648904,911.0,2.8557993730407523,34.18,-118.28,1
3.6875,23.0,5.077010192525481,1.0124575311438277,2136.0,2.419026047565119,35.4,-118.95,0
3.2232,27.0,4.86737400530504,1.0954907161803713,1221.0,3.2387267904509285,33.43,-117.62,1
4.0347,34.0,5.311015118790497,1.0561555075593954,1139.0,2.4600431965442766,34.16,-118.43,1
3.1304,16.0,3.7909356725146197,1.1608187134502923,1235.0,1.8055555555555556,32.8,-117.19,0
4.3176,52.0,6.251417769376181,1.0453686200378072,1269.0,2.398865784499055,33.97,-117.39,0
2.0524,31.0,3.602094240837696,1.068062827225131,2461.0,4.294938917975567,33.97,-118.14,0
2.5909,43.0,5.147208121827411,1.215736040609137,1074.0,2.7258883248730963,33.99,-118.32,0
3.3438,19.0,6.963768115942029,1.5797101449275361,479.0,3.471014492753623,34.7,-119.31,0
4.0703,37.0,5.16010498687664,0.9133858267716536,875.0,2.2965879265091864,38.23,-122.63,1
3.3125,49.0,4.698581560283688,0.9822695035460993,764.0,2.7092198581560285,37.74,-122.15,0
3.1875,18.0,5.0482374768089056,1.033395176252319,1667.0,3.0927643784786643,38.62,-122.87,0
0.9379,34.0,4.38,1.16,263.0,2.63,38.61,-121.45,0
1.6784,16.0,4.904397705544933,1.1204588910133844,3126.0,2.988527724665392,34.43,-117.31,0
3.1364,18.0,3.629032258064516,1.2594086021505377,1042.0,1.4005376344086022,36.59,-121.89,0
4.5568,36.0,5.750561797752809,1.053932584269663,1358.0,3.051685393258427,34.2,-118.57,1
1.7212,39.0,4.584905660377358,1.030188679245283,1211.0,4.569811320754717,33.94,-118.24,0
2.6997,52.0,4.0627450980392155,1.0627450980392157,1623.0,2.1215686274509804,37.83,-122.28,0
0.9751,48.0,4.204761904761905,1.0095238095238095,1655.0,3.9404761904761907,33.95,-118.25,0
3.0233,26.0,3.2530813475760065,0.9827444535743632,1749.0,1.4371405094494658,37.82,-122.25,1
2.474,17.0,5.729681978798586,1.0936395759717314,1408.0,2.487632508833922,37.97,-120.3,0
5.6613,15.0,5.953051643192488,0.971830985915493,1400.0,3.2863849765258215,38.32,-122.69,0
2.6058,26.0,5.789156626506024,1.0210843373493976,1148.0,3.4578313253012047,36.62,-119.34,0
5.7705,25.0,6.494755244755245,1.0052447552447552,1640.0,2.867132867132867,33.78,-118.04,1
7.4185,35.0,6.518900343642612,0.9587628865979382,733.0,2.5189003436426116,34.13,-118.08,1
4.2813,33.0,6.340425531914893,1.1170212765957446,212.0,2.25531914893617,38.13,-121.84,0
6.6779,5.0,7.507177033492823,0.9521531100478469,713.0,3.411483253588517,38.3,-122.03,1
6.0132,25.0,6.675814751286449,0.9819897084048027,3445.0,2.9545454545454546,38.12,-122.59,1
1.5714,39.0,3.830357142857143,1.0178571428571428,1222.0,5.455357142857143,36.52,-119.29,0
2.2024,20.0,5.277777777777778,1.037037037037037,304.0,2.814814814814815,37.76,-120.9,0
4.6071,14.0,5.674698795180723,1.0271084337349397,1884.0,2.8373493975903616,35.28,-120.7,1
5.3245,39.0,6.508474576271187,1.3728813559322033,264.0,2.23728813559322,35.91,-120.51,1
2.2258,25.0,3.581589958158996,1.0271966527196652,1807.0,3.780334728033473,34.06,-117.78,0
1.8438,32.0,5.139817629179332,1.0729483282674772,1457.0,4.428571428571429,34.14,-117.32,0
8.0158,13.0,6.298550724637681,1.0115942028985507,891.0,2.582608695652174,37.33,-122.07,1
5.123,25.0,5.841509433962264,1.0528301886792453,732.0,2.762264150943396,33.82,-118.05,0
2.8167,35.0,6.459649122807018,1.0526315789473684,783.0,2.7473684210526317,38.0,-121.22,0
5.3107,35.0,6.252199413489736,1.0791788856304985,1128.0,3.30791788856305,34.28,-118.48,1
7.0151,23.0,9.691891891891892,1.2324324324324325,1826.0,3.2900900900900902,33.65,-117.96,1
3.7188,34.0,5.285302593659942,1.0864553314121037,1450.0,4.178674351585014,37.36,-121.82,0
4.0125,20.0,5.538226299694189,1.0764525993883791,1191.0,3.6422018348623855,37.81,-121.22,0
4.2121,14.0,5.14095744680851,0.9228723404255319,1443.0,3.8377659574468086,34.11,-117.4,0
3.0,24.0,4.626146788990826,0.9541284403669725,900.0,2.0642201834862384,33.92,-117.97,1
5.8311,37.0,5.8844537815126055,1.0441176470588236,1150.0,2.4159663865546217,34.43,-119.69,1
2.9,46.0,4.6394366197183095,1.0591549295774647,854.0,2.4056338028169013,37.88,-122.3,0
2.5921,20.0,6.024221453287197,1.1453287197231834,1466.0,5.072664359861592,36.52,-119.73,0
5.1457,35.0,6.958333333333333,1.2175925925925926,576.0,2.6666666666666665,34.14,-118.9,1
5.2741,7.0,6.855371900826446,0.9793388429752066,862.0,3.56198347107438,32.76,-116.92,1
5.2391,22.0,5.029007633587787,1.1358778625954198,1337.0,2.0412213740458016,37.43,-122.2,1
3.3625,47.0,4.632022471910112,0.9213483146067416,1183.0,3.3230337078651684,37.71,-122.4,1
6.8088,20.0,6.737878787878788,1.0015151515151515,2062.0,3.124242424242424,37.26,-121.9,1
5.7018,24.0,6.490225563909775,1.019548872180451,2286.0,3.437593984962406,33.83,-118.05,1
3.2632,8.0,5.466666666666667,1.0444444444444445,930.0,2.5833333333333335,35.12,-118.43,0
8.5938,43.0,7.559686888454012,1.050880626223092,1398.0,2.735812133072407,34.04,-118.4,1
7.7846,26.0,7.663646659116647,1.0226500566251415,2574.0,2.915062287655719,34.17,-118.64,1
3.7527,38.0,4.410596026490066,1.0364238410596027,1627.0,2.693708609271523,33.87,-118.18,0
1.2469,33.0,4.773255813953488,1.052325581395349,579.0,3.366279069767442,35.37,-119.01,0
5.0863,37.0,5.7680921052631575,0.9358552631578947,1663.0,2.7351973684210527,37.48,-122.25,1
4.1957,11.0,5.569587628865979,0.9561855670103093,1267.0,3.265463917525773,35.31,-119.04,0
3.1025,28.0,4.854460093896714,1.1486697965571204,1623.0,2.539906103286385,38.12,-122.26,0
5.5737,35.0,5.430379746835443,0.9873417721518988,914.0,2.892405063291139,37.56,-122.02,1
2.599,44.0,4.287390029325513,0.9912023460410557,821.0,2.407624633431085,34.0,-118.44,1
3.2917,30.0,5.608,1.048,356.0,2.848,33.87,-117.58,0
11.2979,24.0,8.321969696969697,1.0132575757575757,1443.0,2.7329545454545454,34.13,-118.49,1
2.6341,15.0,4.369281045751634,1.065359477124183,1172.0,3.8300653594771243,39.37,-121.03,0
3.7036,52.0,5.11353711790393,1.0,1170.0,2.554585152838428,37.77,-122.49,1
3.9766,14.0,6.58664546899841,1.0429252782193958,1569.0,2.494435612082671,38.44,-122.78,1
3.3661,45.0,4.897905759162303,0.9712041884816754,1315.0,3.4424083769633507,33.94,-118.19,0
1.8229,17.0,4.903345724907063,1.174721189591078,384.0,1.4275092936802973,37.99,-122.06,0
1.8061,5.0,3.0027624309392267,0.9337016574585635,623.0,1.7209944751381216,36.83,-119.71,0
4.4167,28.0,6.2840690978886755,1.0959692898272553,1424.0,2.7332053742802302,34.19,-118.64,1
1.6977,10.0,5.042962962962963,1.2666666666666666,1656.0,2.453333333333333,34.1,-117.37,0
2.625,16.0,4.0,0.5,39.0,2.7857142857142856,33.87,-117.22,1
3.7846,41.0,4.515202702702703,0.9763513513513513,2259.0,3.8158783783783785,34.12,-117.91,0
2.5575,12.0,5.202676864244742,1.0497131931166348,1294.0,2.4741873804971317,35.32,-119.03,0
4.6302,19.0,6.725124378109452,1.0422885572139304,1927.0,2.396766169154229,38.64,-121.31,1
8.401,26.0,7.530805687203792,1.0568720379146919,542.0,2.5687203791469195,37.83,-122.2,1
3.825,34.0,6.247058823529412,1.1098039215686275,872.0,3.4196078431372547,33.8,-117.85,1
2.6336,43.0,3.104404567699837,1.0358890701468189,1919.0,3.130505709624796,34.09,-118.25,0
2.7115,52.0,3.7417943107221006,1.052516411378556,849.0,1.8577680525164113,37.77,-122.27,1
2.0074,27.0,4.4,1.0577777777777777,592.0,2.631111111111111,39.15,-123.2,0
4.7891,19.0,4.693467336683417,1.3433835845896147,1159.0,1.9413735343383585,32.69,-117.17,1
4.3919,46.0,4.915032679738562,0.8823529411764706,814.0,2.6601307189542482,33.97,-118.32,0
3.8068,52.0,3.8260869565217392,1.0869565217391304,88.0,1.9130434782608696,37.88,-122.52,1
1.3615,43.0,3.7186858316221767,1.053388090349076,2123.0,4.359342915811088,34.02,-118.21,0
4.5486,32.0,5.525525525525525,0.9279279279279279,828.0,2.4864864864864864,34.63,-120.45,0
2.5363,16.0,5.279411764705882,1.0647058823529412,1642.0,4.829411764705882,37.07,-120.85,0
2.0549,52.0,4.242819843342037,1.0939947780678851,614.0,1.6031331592689295,38.57,-121.46,0
1.1522,24.0,6.433155080213904,1.6577540106951871,594.0,3.176470588235294,34.13,-117.24,0
1.3125,50.0,3.94,1.236,621.0,2.484,37.3,-120.49,0
2.8393,34.0,4.7823529411764705,1.0058823529411764,440.0,2.588235294117647,35.4,-118.98,0
3.6,48.0,4.988919667590028,0.9778393351800554,1071.0,2.966759002770083,36.92,-121.75,1
2.3333,45.0,5.157894736842105,1.0964912280701755,471.0,2.0657894736842106,34.16,-118.4,1
2.3973,10.0,4.718220338983051,1.1864406779661016,1140.0,2.4152542372881354,37.69,-122.12,0
2.4167,27.0,3.8775,1.16,880.0,2.2,32.75,-117.14,0
3.2788,29.0,5.2620689655172415,1.032183908045977,1215.0,2.793103448275862,38.01,-121.3,0
4.2188,17.0,6.024793388429752,1.1074380165289257,431.0,3.56198347107438,37.54,-120.72,0
5.2139,18.0,5.733333333333333,0.9614035087719298,899.0,3.1543859649122807,34.02,-117.31,0
2.3669,50.0,3.994891443167305,1.053639846743295,2535.0,3.2375478927203063,34.29,-119.3,0
1.5931,18.0,3.9296536796536796,0.9880952380952381,3565.0,3.8582251082251084,32.68,-115.5,0
4.95,43.0,5.695652173913044,1.0850661625708884,1525.0,2.8827977315689983,33.81,-118.2,1
4.0417,44.0,4.322695035460993,1.148936170212766,1036.0,3.673758865248227,34.12,-118.19,0
2.6103,2.0,7.30859375,1.59765625,707.0,2.76171875,37.52,-120.88,0
1.5455,13.0,5.822222222222222,1.4333333333333333,215.0,2.388888888888889,38.94,-122.62,0
4.7933,37.0,6.0,1.021543985637343,1635.0,2.9353680430879714,37.67,-122.14,1
6.7669,35.0,5.168560606060606,1.018939393939394,969.0,1.8352272727272727,37.86,-122.49,1
4.0121,19.0,4.951596292481978,1.0597322348094749,2422.0,2.494335736354274,33.71,-118.0,1
3.1667,34.0,4.644628099173554,1.012396694214876,717.0,2.9628099173553717,33.83,-118.27,1
3.9531,17.0,4.411526794742164,1.0525783619817999,1640.0,1.6582406471183013,37.89,-122.52,1
4.9219,35.0,6.930232558139535,1.1686046511627908,535.0,3.11046511627907,37.98,-122.0,1
2.1029,46.0,3.7325581395348837,1.1744186046511629,401.0,4.662790697674419,34.06,-118.2,0
3.2857,37.0,5.12,1.1511111111111112,981.0,4.36,33.89,-118.08,0
5.422,33.0,5.253787878787879,0.9015151515151515,890.0,3.371212121212121,33.77,-118.01,1
5.7078,17.0,5.395734597156398,1.014218009478673,1887.0,4.471563981042654,37.28,-121.81,1
4.3636,15.0,3.7943548387096775,1.0725806451612903,366.0,1.4758064516129032,33.72,-117.76,0
7.598,21.0,6.562162162162162,1.037837837837838,500.0,2.7027027027027026,37.27,-121.99,1
3.0,16.0,5.1470160116448325,1.1135371179039302,2007.0,2.921397379912664,33.38,-117.25,0
5.1857,18.0,6.274074074074074,1.0222222222222221,1276.0,3.1506172839506172,38.8,-121.18,1
1.6865,19.0,6.211699164345404,1.498607242339833,832.0,2.317548746518106,38.95,-122.62,0
6.1007,17.0,6.886426592797784,1.1551246537396123,876.0,2.4265927977839334,33.52,-117.71,1
10.9052,23.0,8.464163822525597,1.0102389078498293,1929.0,3.2918088737201363,34.26,-118.54,1
3.2,32.0,5.632958801498128,1.0449438202247192,749.0,2.805243445692884,37.99,-122.04,0
3.3824,48.0,5.027548209366391,1.1129476584022038,728.0,2.005509641873278,34.05,-118.36,1
4.4107,31.0,5.69164265129683,1.07492795389049,918.0,2.645533141210375,33.93,-117.97,1
2.7118,25.0,3.8410041841004183,1.2359832635983263,2723.0,2.2786610878661087,34.2,-118.47,1
5.6402,17.0,6.262458471760797,0.9700996677740864,771.0,2.5614617940199333,32.81,-117.05,1
2.3438,34.0,2.45625,1.065625,1239.0,3.871875,34.07,-118.27,0
4.8508,28.0,5.332576617480136,1.0238365493757093,3287.0,3.7309875141884223,33.8,-118.27,1
3.4187,26.0,5.230769230769231,0.9423076923076923,194.0,3.730769230769231,38.83,-122.0,0
1.0179,42.0,3.6607142857142856,1.0446428571428572,706.0,6.303571428571429,38.94,-121.1,0
4.7941,24.0,5.986111111111111,1.0527777777777778,1158.0,3.216666666666667,33.15,-117.06,0
2.3713,18.0,3.526605504587156,1.0293577981651376,1096.0,2.0110091743119267,37.35,-121.94,1
4.0179,42.0,5.13681592039801,1.0049751243781095,1313.0,3.2661691542288556,34.1,-118.05,1
4.4583,18.0,4.918309859154929,1.0169014084507042,3032.0,2.846948356807512,33.81,-118.01,1
2.4141,28.0,4.327169274537695,1.0369843527738265,1964.0,2.793741109530583,32.8,-116.94,0
2.7778,32.0,6.985074626865671,1.228855721393035,544.0,2.7064676616915424,39.61,-120.08,0
3.4559,44.0,5.884765625,1.099609375,1353.0,2.642578125,38.1,-122.22,0
1.6937,52.0,4.2368421052631575,1.0833333333333333,589.0,2.5833333333333335,37.74,-121.43,0
2.2946,18.0,6.100271002710027,1.3821138211382114,1032.0,2.796747967479675,39.17,-123.54,0
2.1944,33.0,4.567415730337078,1.0617977528089888,1062.0,2.9831460674157304,33.93,-117.93,0
5.1752,16.0,6.04578313253012,1.027710843373494,2524.0,3.040963855421687,34.26,-119.19,1
3.526,17.0,5.733606557377049,1.0956284153005464,1656.0,2.262295081967213,35.32,-120.84,1
6.8742,25.0,5.900479616306955,1.038369304556355,1913.0,2.2937649880095923,37.88,-122.53,1
5.3836,33.0,6.591666666666667,1.0666666666666667,771.0,3.2125,33.88,-117.89,1
4.744,48.0,7.117647058823529,1.088235294117647,610.0,2.563025210084034,37.8,-122.19,1
5.0261,33.0,5.640756302521009,0.9789915966386554,1359.0,2.8550420168067228,33.8,-118.04,1
3.494,31.0,4.508637236084453,1.034548944337812,2028.0,3.892514395393474,34.05,-117.95,0
1.0658,46.0,3.076923076923077,1.1846153846153846,180.0,2.769230769230769,32.69,-117.12,0
3.6429,33.0,6.253731343283582,1.1492537313432836,190.0,2.8358208955223883,39.65,-122.14,0
6.2654,17.0,6.570637119113574,1.005540166204986,3538.0,3.2668513388734994,34.16,-117.95,1
3.7083,10.0,5.703603603603604,1.063963963963964,3419.0,3.08018018018018,38.46,-121.82,0
2.075,40.0,4.02,1.0483333333333333,2119.0,3.5316666666666667,34.01,-118.13,0
2.7188,14.0,7.972746331236897,1.4444444444444444,1129.0,2.3668763102725365,38.05,-120.22,0
4.425,35.0,4.723958333333333,0.9505208333333334,1025.0,2.6692708333333335,37.67,-122.44,1
2.7321,33.0,5.467637540453074,0.9902912621359223,1565.0,2.5323624595469254,36.3,-119.13,0
5.409,16.0,8.151960784313726,1.2254901960784315,597.0,2.926470588235294,33.7,-117.78,1
2.5062,47.0,5.177777777777778,1.0793650793650793,847.0,2.688888888888889,35.36,-119.02,0
3.9803,35.0,5.201923076923077,1.060897435897436,1462.0,4.685897435897436,34.03,-117.96,0
3.2446,31.0,4.228956228956229,1.1043771043771045,785.0,2.643097643097643,37.63,-122.49,1
3.4028,17.0,5.938704028021016,1.0910683012259195,1529.0,2.677758318739054,40.29,-120.54,0
3.0938,7.0,4.966580976863753,1.077120822622108,1014.0,2.6066838046272496,36.79,-119.87,0
5.316,33.0,5.210862619808307,1.0670926517571886,1411.0,2.253993610223642,37.43,-122.12,1
6.2788,26.0,6.581047381546135,0.942643391521197,1191.0,2.970074812967581,34.25,-118.54,1
3.025,41.0,4.010282776349614,0.961439588688946,1668.0,4.287917737789203,34.22,-118.35,0
1.8047,29.0,4.693679092382496,0.965964343598055,1809.0,2.9319286871961103,39.48,-121.54,0
2.0,31.0,3.8943758573388205,1.0864197530864197,2390.0,3.2784636488340193,33.95,-118.29,0
0.8185,13.0,2.4988713318284423,1.0812641083521444,616.0,1.3905191873589164,34.15,-118.25,1
2.925,46.0,6.194805194805195,1.0454545454545454,429.0,2.7857142857142856,37.75,-122.16,0
1.7238,33.0,1.9268774703557312,1.034584980237154,3707.0,3.6630434782608696,34.06,-118.26,0
4.9219,7.0,6.090460526315789,1.1167763157894737,1375.0,2.2615131578947367,36.95,-121.87,1
5.0782,52.0,4.85377358490566,0.9669811320754716,461.0,2.1745283018867925,37.73,-122.43,1
3.5179,22.0,3.168085106382979,0.9276595744680851,662.0,1.4085106382978723,37.4,-122.09,1
1.7689,30.0,3.9565846599131693,1.096960926193922,2951.0,4.270622286541244,33.8,-118.18,0
2.0785,36.0,4.52,1.0466666666666666,1469.0,4.8966666666666665,33.92,-118.19,0
1.8144,19.0,4.3485576923076925,1.1466346153846154,2051.0,4.930288461538462,35.79,-119.1,0
2.2969,17.0,4.930163447251115,1.1277860326894502,2016.0,2.9955423476968797,33.79,-117.23,0
3.2955,19.0,5.479490806223479,0.9561527581329562,2441.0,3.4526166902404527,37.35,-120.6,0
5.866,52.0,5.19971870604782,1.1772151898734178,1446.0,2.0337552742616034,37.8,-122.41,1
1.6375,18.0,4.566009104704097,1.1229135053110775,2317.0,3.5159332321699543,34.13,-117.33,0
2.8514,52.0,3.8017543859649123,1.0912280701754387,1095.0,1.9210526315789473,33.99,-118.47,1
5.1149,39.0,5.878048780487805,1.0276422764227642,1571.0,2.5544715447154474,37.71,-122.48,1
3.4219,35.0,5.6157407407407405,0.9791666666666666,982.0,2.2731481481481484,40.78,-124.14,0
4.2625,37.0,5.925795053003534,0.950530035335689,689.0,2.4346289752650176,37.89,-122.05,1
3.4426,22.0,5.794594594594595,1.0162162162162163,1200.0,3.2432432432432434,39.15,-121.66,0
8.8115,34.0,6.99070385126162,1.0239043824701195,1738.0,2.308100929614874,34.14,-118.46,1
8.798,10.0,8.187074829931973,1.0935374149659864,1808.0,3.074829931972789,33.63,-117.64,1
2.1875,49.0,4.571428571428571,1.0,14.0,2.0,34.04,-118.44,1
2.67,30.0,3.9306666666666668,1.1026666666666667,1635.0,2.18,34.26,-119.25,1
7.9367,23.0,9.1768115942029,1.191304347826087,1092.0,3.1652173913043478,33.62,-117.86,1
2.3625,40.0,6.2727272727272725,1.1727272727272726,305.0,2.772727272727273,39.67,-120.24,0
1.4773,27.0,3.2086553323029365,1.052550231839258,1904.0,2.9428129829984546,34.15,-119.2,0
3.0465,43.0,4.528673835125448,1.1093189964157706,1332.0,2.3870967741935485,37.76,-122.51,1
5.3106,27.0,5.375722543352601,0.9884393063583815,1498.0,2.886319845857418,33.8,-118.3,1
2.1856,41.0,3.7189873417721517,1.0658227848101265,803.0,2.0329113924050635,32.76,-117.12,0
4.918,36.0,6.169491525423729,1.0610169491525423,899.0,3.047457627118644,33.83,-118.11,1
3.0125,40.0,3.8513513513513513,0.9369369369369369,745.0,3.355855855855856,34.09,-118.09,1
1.7344,24.0,3.298342541436464,1.0585635359116021,4042.0,4.466298342541436,33.51,-116.01,0
2.7863,19.0,5.668817204301075,1.124731182795699,1184.0,2.546236559139785,39.79,-121.58,0
4.2232,33.0,6.1896955503512885,1.0866510538641687,1015.0,2.377049180327869,37.46,-122.23,1
0.7235,19.0,2.839622641509434,0.9551886792452831,844.0,1.990566037735849,34.1,-117.29,0
3.301,27.0,4.439624853458382,1.0703399765533412,1992.0,2.335287221570926,34.13,-118.07,1
3.9575,24.0,5.065921787709497,1.0804469273743016,2547.0,2.845810055865922,33.93,-118.0,1
2.9861,17.0,5.376413570274637,1.0145395799676897,1580.0,2.5525040387722133,37.12,-120.27,0
2.4539,28.0,2.519327731092437,0.9647058823529412,3328.0,5.593277310924369,33.73,-117.85,0
3.55,36.0,4.654320987654321,0.9654320987654321,1049.0,2.5901234567901232,33.85,-118.13,1
1.6467,34.0,4.078431372549019,1.0823529411764705,1083.0,4.247058823529412,33.96,-118.27,0
3.35,23.0,5.582491582491582,1.0336700336700337,836.0,2.814814814814815,39.7,-122.18,0
4.375,28.0,6.656742556917688,1.0893169877408055,1654.0,2.8966725043782837,37.99,-122.28,1
5.1534,19.0,5.6280373831775705,1.0299065420560747,1665.0,3.1121495327102804,38.43,-121.95,1
2.1435,52.0,2.8095238095238093,1.0,1920.0,2.5396825396825395,34.06,-118.31,1
5.5402,20.0,6.56175972927242,1.125211505922166,1651.0,2.793570219966159,34.22,-118.89,1
7.7234,10.0,8.016901408450705,1.019718309859155,1221.0,3.4394366197183097,34.13,-117.67,1
3.0536,35.0,5.318435754189944,0.994413407821229,480.0,2.6815642458100557,40.62,-124.18,0
4.8836,16.0,6.5233644859813085,1.0186915887850467,1628.0,3.0429906542056075,33.06,-116.93,1
7.0778,26.0,7.3150984682713345,0.9956236323851203,1429.0,3.1269146608315097,33.99,-117.98,1
4.2222,24.0,5.323308270676692,1.0526315789473684,3118.0,3.907268170426065,33.74,-117.94,1
8.4704,52.0,7.012345679012346,0.9300411522633745,671.0,2.7613168724279835,37.58,-122.38,1
1.6652,34.0,3.8755244755244753,1.1216783216783217,2782.0,3.890909090909091,33.97,-118.28,0
4.0547,52.0,4.787878787878788,1.0212121212121212,1425.0,4.318181818181818,37.71,-122.46,1
5.7695,3.0,4.8262626262626265,1.0575757575757576,2522.0,2.5474747474747477,37.38,-121.89,1
3.9667,25.0,5.008988764044944,1.0359550561797752,2998.0,3.3685393258426966,37.53,-122.04,1
1.1185,52.0,2.60893098782138,1.1312584573748308,2124.0,2.8741542625169147,37.78,-122.41,0
3.8864,52.0,4.997014925373135,1.0328358208955224,734.0,2.191044776119403,37.74,-122.42,1
2.7797,15.0,5.343520782396088,1.1100244498777505,1842.0,2.251833740831296,38.66,-121.33,0
8.0113,18.0,7.233333333333333,0.9814814814814815,658.0,2.437037037037037,38.29,-122.18,1
2.2969,47.0,4.284722222222222,1.125,754.0,5.236111111111111,33.98,-118.25,0
4.9879,28.0,6.517985611510792,1.0575539568345325,853.0,3.068345323741007,37.67,-121.87,1
1.6098,52.0,5.021459227467811,1.0085836909871244,701.0,3.0085836909871246,37.82,-122.28,0
3.4609,35.0,5.234567901234568,1.017283950617284,1375.0,3.3950617283950617,34.1,-118.01,0
7.6166,16.0,7.210412147505423,1.0390455531453362,1470.0,3.188720173535792,37.96,-121.99,1
5.1586,29.0,5.357407407407408,1.0055555555555555,1636.0,3.0296296296296297,34.21,-118.42,1
2.8347,34.0,5.835365853658536,1.1097560975609757,1564.0,4.7682926829268295,34.04,-117.76,0
4.149,44.0,5.520361990950226,1.0972850678733033,1011.0,2.2873303167420813,34.43,-119.69,1
3.4345,37.0,4.486486486486487,1.0165165165165164,2354.0,3.5345345345345347,33.76,-117.88,1
4.3438,42.0,3.8598130841121496,1.0,349.0,3.2616822429906542,34.16,-118.29,1
2.9583,23.0,7.121951219512195,1.3658536585365855,92.0,2.2439024390243905,38.9,-122.6,0
2.6036,44.0,3.9505494505494507,1.0472527472527473,1831.0,2.012087912087912,37.97,-122.53,1
8.1871,18.0,10.581521739130435,1.358695652173913,605.0,3.2880434782608696,37.35,-121.75,1
3.1287,50.0,4.467576791808874,1.030716723549488,883.0,3.013651877133106,34.13,-118.19,1
15.0001,52.0,9.23728813559322,1.062953995157385,1266.0,3.0653753026634383,34.08,-118.4,1
2.6364,39.0,5.3486529318541995,1.0443740095087164,1388.0,2.1996830427892236,37.98,-121.3,0
1.9402,43.0,2.8190709046454767,1.0048899755501222,1667.0,4.075794621026895,34.05,-118.22,0
1.3922,23.0,5.07624633431085,1.064516129032258,1210.0,3.5483870967741935,36.7,-119.79,0
2.981,20.0,5.248502994011976,1.035928143712575,1977.0,2.9595808383233533,32.71,-117.01,0
4.0,32.0,5.5,1.033112582781457,1201.0,3.9768211920529803,33.92,-117.95,0
0.8056,48.0,4.382530120481928,1.0662650602409638,788.0,2.3734939759036147,37.81,-122.3,0
4.1058,30.0,6.368,1.048,1117.0,2.978666666666667,34.9,-120.43,0
4.056,35.0,4.246376811594203,1.1188405797101448,1104.0,3.2,34.0,-118.39,1
11.5706,36.0,7.68213058419244,1.0618556701030928,1315.0,2.259450171821306,37.87,-122.47,1
10.3329,22.0,7.898395721925134,1.0427807486631016,520.0,2.7807486631016043,37.37,-122.11,1
5.01,20.0,17.54609929078014,4.432624113475177,338.0,2.397163120567376,37.65,-118.99,1
6.5095,38.0,6.080882352941177,1.0588235294117647,368.0,2.7058823529411766,37.9,-122.1,1
4.0368,36.0,4.90084985835694,1.0963172804532577,1099.0,3.1133144475920678,34.23,-118.44,1
1.7402,34.0,4.370689655172414,1.125,1797.0,3.872844827586207,32.7,-117.11,0
6.5842,35.0,5.762658227848101,1.0601265822784811,727.0,2.300632911392405,33.62,-117.92,1
2.5357,33.0,5.585106382978723,1.1560283687943262,879.0,3.117021276595745,34.0,-117.06,0
2.7434,37.0,4.801204819277109,1.144578313253012,485.0,2.9216867469879517,33.89,-118.22,0
3.4013,35.0,5.303030303030303,0.987012987012987,720.0,3.116883116883117,34.23,-118.43,0
2.375,17.0,4.238095238095238,0.9047619047619048,79.0,3.761904761904762,33.69,-116.18,0
4.3125,46.0,6.135135135135135,0.963963963963964,531.0,2.391891891891892,33.83,-118.17,1
4.002,5.0,5.32306477093207,0.9881516587677726,4614.0,3.6445497630331753,34.63,-117.84,0
4.2321,17.0,6.3237971391417425,1.0988296488946685,2266.0,2.9466840052015604,32.85,-116.75,1
2.6726,32.0,5.005102040816326,1.0178571428571428,1005.0,2.563775510204082,36.77,-119.75,0
7.6889,11.0,6.813688212927756,0.9581749049429658,767.0,2.9163498098859315,38.12,-121.3,1
3.6007,10.0,5.548076923076923,0.9583333333333334,1056.0,3.3846153846153846,34.44,-117.31,0
1.4653,38.0,3.383495145631068,1.0097087378640777,749.0,3.6359223300970873,34.01,-118.26,0
2.7054,39.0,2.302919708029197,1.0875912408759123,744.0,2.7153284671532845,34.1,-118.29,0
4.2125,16.0,5.820253164556962,1.0202531645569621,1245.0,3.151898734177215,34.96,-120.41,0
2.9511,42.0,5.404907975460123,1.0429447852760736,464.0,2.8466257668711656,34.19,-118.52,1
4.025,21.0,5.478935698447893,1.048780487804878,1753.0,3.8869179600886916,36.89,-121.37,1
4.0556,37.0,8.833333333333334,1.5,27.0,2.25,34.01,-117.09,0
2.7266,45.0,4.763993948562784,0.9667170953101362,1160.0,1.7549167927382754,32.76,-117.17,1
2.2937,42.0,1.9865470852017937,1.0,582.0,2.609865470852018,34.05,-118.31,1
5.7393,9.0,5.792270531400966,0.9033816425120773,629.0,3.0386473429951693,34.03,-117.31,0
3.5,43.0,4.5078740157480315,0.905511811023622,586.0,2.3070866141732282,37.53,-122.27,1
2.4117,16.0,4.933656957928803,0.9854368932038835,1675.0,2.7103559870550162,38.35,-122.72,0
4.5625,35.0,6.0,1.0,706.0,2.824,33.96,-118.13,1
2.1889,29.0,4.548654244306419,1.0766045548654244,1374.0,2.8447204968944098,38.63,-121.47,0
6.4223,52.0,6.340163934426229,1.0635245901639345,1309.0,2.682377049180328,34.18,-118.13,1
5.215,6.0,6.337912087912088,1.0604395604395604,910.0,2.5,34.27,-119.18,1
4.105,16.0,6.035962877030163,1.0417633410672853,2515.0,2.917633410672854,32.83,-116.91,0
1.9405,36.0,4.925490196078432,1.0588235294117647,910.0,3.5686274509803924,36.86,-121.4,0
2.1444,27.0,3.1112299465240643,1.0919786096256685,2614.0,2.79572192513369,34.14,-118.24,1
3.0114,47.0,4.211594202898551,1.0318840579710145,787.0,2.281159420289855,34.16,-118.27,1
2.0943,28.0,5.51980198019802,1.020902090209021,6912.0,3.801980198019802,39.12,-121.39,0
1.9722,28.0,5.212435233160622,1.1813471502590673,738.0,3.8238341968911915,36.49,-121.48,1
2.8125,24.0,3.5046728971962615,1.0623052959501558,579.0,1.8037383177570094,34.15,-118.13,0
4.0625,31.0,5.50561797752809,1.0674157303370786,1356.0,3.808988764044944,33.82,-118.01,1
1.7411,17.0,4.223577235772358,1.0406504065040652,728.0,2.959349593495935,32.85,-115.57,0
1.4529,25.0,4.087478559176672,0.9879931389365352,1234.0,2.1166380789022297,37.49,-120.84,0
2.5595,18.0,5.44206008583691,1.1072961373390557,1196.0,2.5665236051502145,36.8,-119.86,0
4.5759,43.0,4.728476821192053,1.076158940397351,836.0,2.7682119205298013,34.23,-118.26,1
3.1538,39.0,5.072463768115942,1.0483091787439613,895.0,4.323671497584541,33.92,-118.2,0
8.2435,27.0,6.656652360515022,1.090128755364807,816.0,3.5021459227467813,34.14,-118.16,1
4.625,15.0,7.27,1.2033333333333334,1057.0,3.5233333333333334,34.72,-118.14,0
3.9261,23.0,5.44839255499154,1.0203045685279188,1299.0,2.197969543147208,38.46,-122.71,1
12.5915,8.0,10.511627906976743,1.186046511627907,140.0,3.255813953488372,37.74,-121.92,1
8.8281,25.0,7.586837294332724,1.0420475319926874,1424.0,2.603290676416819,33.71,-118.05,1
3.1071,24.0,5.132075471698113,1.0566037735849056,442.0,4.169811320754717,36.28,-119.81,0
3.3026,9.0,5.370542635658914,1.1612403100775195,1687.0,2.6155038759689924,32.75,-117.07,0
4.1544,19.0,4.791666666666667,1.153225806451613,1639.0,2.202956989247312,37.4,-122.08,1
6.2162,16.0,6.639658848614072,0.9872068230277186,1641.0,3.4989339019189765,33.71,-117.79,1
2.5568,35.0,3.9853372434017595,1.0527859237536656,655.0,1.9208211143695015,34.01,-118.34,1
4.9205,35.0,5.152,0.96,758.0,3.032,33.93,-118.0,0
7.0423,22.0,14.189349112426035,2.408284023668639,349.0,2.06508875739645,33.09,-117.26,1
5.1228,17.0,5.189822294022617,1.024232633279483,3934.0,3.1777059773828755,37.24,-121.85,1
1.7393,29.0,3.7823834196891193,1.2461139896373057,3580.0,4.637305699481865,33.78,-118.17,0
3.9688,52.0,4.877593360995851,1.0248962655601659,1126.0,2.336099585062241,37.56,-122.31,1
6.1395,3.0,5.72522159548751,1.1756647864625303,3068.0,2.4721998388396456,33.68,-117.82,1
2.1591,23.0,4.346938775510204,1.0087463556851313,1223.0,3.565597667638484,37.93,-121.28,0
7.3878,15.0,7.6875,1.15,962.0,3.00625,33.54,-117.71,1
2.0673,27.0,4.039660056657223,1.0311614730878187,792.0,2.2436260623229463,32.76,-117.12,0
4.18,23.0,4.936633663366337,1.0336633663366337,1488.0,2.9465346534653465,34.27,-118.74,1
3.3182,46.0,5.3875,1.075,239.0,2.9875,37.77,-120.69,1
2.3542,39.0,3.861635220125786,1.0943396226415094,538.0,3.3836477987421385,34.0,-118.46,1
4.6477,27.0,6.098214285714286,1.2410714285714286,1230.0,3.6607142857142856,36.92,-121.47,1
2.8917,33.0,4.699346405228758,1.0098039215686274,1378.0,4.503267973856209,34.2,-118.37,0
1.123,33.0,3.7364066193853427,1.1040189125295508,3530.0,4.1725768321513,36.75,-119.79,0
4.0125,46.0,4.484662576687117,1.0204498977505112,1814.0,3.7096114519427403,37.7,-122.45,1
7.7848,19.0,7.3584905660377355,1.2015646571560055,5175.0,2.381500230096641,34.02,-118.88,1
4.9792,35.0,4.9058441558441555,0.8896103896103896,853.0,2.7694805194805197,33.86,-118.3,1
3.0882,40.0,4.394673123486683,1.036319612590799,1807.0,4.375302663438257,33.81,-118.21,0
4.5187,16.0,4.605263157894737,1.0745614035087718,722.0,3.1666666666666665,37.38,-121.87,0
6.6536,9.0,6.961151079136691,1.0920863309352518,2090.0,3.0071942446043165,33.88,-117.76,1
3.7798,27.0,4.76962457337884,1.0341296928327646,1702.0,2.9044368600682593,34.22,-118.57,1
3.0139,32.0,5.651515151515151,1.0757575757575757,926.0,3.507575757575758,36.33,-119.61,0
3.7011,34.0,4.637931034482759,0.9137931034482759,834.0,2.8758620689655174,34.1,-117.43,0
2.5833,23.0,2.557640750670241,1.0455764075067024,804.0,2.155495978552279,33.81,-118.19,1
3.1875,13.0,7.216165413533835,1.343984962406015,1486.0,2.793233082706767,38.02,-120.27,0
3.6118,34.0,5.459363957597173,1.047703180212014,1588.0,2.8056537102473498,38.0,-121.79,0
3.2216,34.0,6.252615844544096,1.0493273542600896,1891.0,2.82660687593423,40.86,-124.06,0
3.0167,39.0,4.087234042553192,1.0276595744680852,2286.0,4.863829787234042,33.93,-118.22,0
5.7559,18.0,6.07223113964687,1.0497592295345104,1843.0,2.958266452648475,33.64,-117.69,1
10.3587,33.0,7.793388429752066,0.9917355371900827,1010.0,2.7823691460055096,34.15,-118.49,1
4.2321,9.0,6.357808857808858,1.027972027972028,3015.0,3.513986013986014,34.02,-117.42,0
0.8941,27.0,3.517467248908297,1.0458515283842795,1457.0,3.1812227074235806,34.0,-118.26,0
3.4838,30.0,7.206060606060606,1.5454545454545454,446.0,2.703030303030303,37.8,-120.2,0
1.976,15.0,5.190851735015773,1.2176656151419558,1738.0,2.7413249211356465,36.76,-119.83,0
3.5775,33.0,5.767857142857143,1.0482142857142858,1579.0,2.819642857142857,37.68,-121.01,0
4.9524,26.0,6.571753986332574,1.0842824601366743,1227.0,2.79498861047836,33.91,-117.9,1
3.9844,18.0,5.54983388704319,1.0149501661129567,1952.0,3.2425249169435215,32.74,-116.99,1
4.2096,37.0,5.58235294117647,1.0558823529411765,973.0,2.861764705882353,38.54,-122.48,1
7.1736,12.0,6.289002557544757,0.9974424552429667,1054.0,2.6956521739130435,33.55,-117.7,1
4.725,44.0,5.969945355191257,0.9754098360655737,943.0,2.5765027322404372,37.94,-122.08,1
4.1667,12.0,6.74171270718232,1.1091160220994476,2188.0,3.022099447513812,34.69,-118.17,0
4.221,11.0,6.640410958904109,1.0022831050228311,2538.0,2.8972602739726026,38.36,-122.7,1
3.2481,34.0,5.528225806451613,0.9899193548387096,1761.0,3.5504032258064515,34.08,-117.72,0
2.1324,36.0,3.671186440677966,1.159322033898305,1023.0,3.4677966101694917,34.03,-118.36,0
3.8117,14.0,5.018112488083889,1.0142993326978074,3278.0,3.124880838894185,35.33,-119.06,0
1.6047,10.0,4.8669950738916254,1.09688013136289,1853.0,3.0426929392446636,34.58,-117.41,0
2.5437,43.0,4.6626139817629175,1.1671732522796352,1231.0,3.7416413373860182,33.99,-118.3,0
2.25,50.0,4.20722891566265,1.1566265060240963,1149.0,2.7686746987951807,37.8,-122.23,0
5.5926,30.0,6.467236467236467,1.0227920227920229,974.0,2.774928774928775,37.92,-122.5,1
3.5667,28.0,4.616343490304709,1.0415512465373962,2026.0,2.806094182825485,33.88,-117.87,1
1.1912,22.0,52.69047619047619,8.857142857142858,98.0,2.3333333333333335,39.15,-120.06,0
4.0357,36.0,5.103448275862069,1.0344827586206897,946.0,4.077586206896552,33.96,-118.1,0
3.7647,32.0,5.650862068965517,1.165948275862069,1022.0,2.2025862068965516,37.92,-122.51,1
3.2174,15.0,7.370967741935484,1.4475806451612903,955.0,3.850806451612903,32.68,-117.05,0
10.3893,18.0,6.75,0.9722222222222222,316.0,2.925925925925926,33.62,-117.85,1
3.4836,27.0,3.5549412577747064,1.0234968901174843,2518.0,1.7401520387007603,37.58,-122.33,1
9.8708,24.0,8.377464788732395,1.0394366197183098,1997.0,2.812676056338028,37.83,-122.03,1
3.75,52.0,5.024793388429752,1.0688705234159779,799.0,2.201101928374656,37.77,-122.46,1
8.2737,7.0,7.364768683274021,0.9679715302491103,1843.0,3.2793594306049823,36.86,-119.77,1
4.485,10.0,6.4341290893015035,1.032714412024757,3507.0,3.1007957559681696,38.72,-121.25,0
3.7991,21.0,4.907407407407407,1.0061728395061729,414.0,2.5555555555555554,38.37,-122.78,0
2.5432,29.0,3.413572343149808,1.085787451984635,2030.0,2.5992317541613317,33.89,-118.12,1
4.0859,49.0,5.486363636363636,1.1590909090909092,658.0,2.9909090909090907,37.72,-122.46,1
6.7559,15.0,7.208173690932312,0.966794380587484,2659.0,3.395913154533844,34.22,-118.91,1
2.3903,52.0,4.466302367941712,1.1347905282331512,1932.0,3.519125683060109,37.75,-122.41,1
3.2404,39.0,5.080071174377224,1.0213523131672597,1217.0,2.1654804270462633,38.54,-121.44,0
5.1271,36.0,6.026706231454006,1.0059347181008902,817.0,2.4243323442136497,33.81,-118.37,1
5.2366,43.0,6.116,1.244,570.0,2.28,37.16,-121.9,1
3.725,34.0,5.492990654205608,1.02803738317757,1063.0,2.4836448598130842,36.62,-121.93,1
3.9079,52.0,4.8173515981735155,1.0365296803652968,816.0,1.8630136986301369,37.76,-122.44,1
1.3194,14.0,3.4556962025316458,1.0,827.0,3.4894514767932487,32.7,-117.12,0
1.655,23.0,5.95045045045045,1.1666666666666667,749.0,3.373873873873874,40.57,-122.4,0
7.6202,27.0,7.1220779220779225,0.987012987012987,2212.0,2.8727272727272726,37.86,-122.09,1
4.2917,44.0,4.97093023255814,0.9680232558139535,786.0,2.2848837209302326,33.83,-118.13,1
2.1875,28.0,1.9729064039408868,0.9827586206896551,936.0,2.3054187192118225,34.05,-118.45,1
3.2061,41.0,3.8682634730538923,1.1122754491017963,1058.0,1.5838323353293413,34.0,-118.48,1
5.25,35.0,5.788321167883212,0.9343065693430657,589.0,4.299270072992701,33.84,-117.97,1
2.6152,17.0,4.62483039348711,1.10719131614654,4526.0,3.0705563093622796,33.13,-117.07,0
4.4643,40.0,5.4787234042553195,0.9361702127659575,756.0,2.6808510638297873,37.62,-122.42,1
4.825,40.0,5.379647749510763,1.1350293542074363,1375.0,2.690802348336595,34.13,-118.22,1
5.7862,11.0,6.758558558558558,1.018018018018018,1949.0,3.511711711711712,38.01,-122.24,1
2.7656,17.0,12.7421875,2.6171875,285.0,2.2265625,37.78,-119.08,0
6.5576,38.0,7.601823708206687,1.0577507598784195,805.0,2.4468085106382977,37.91,-122.28,1
4.25,22.0,4.493387589013225,1.0722278738555442,2759.0,2.8067141403865716,33.79,-117.91,0
2.6673,38.0,5.042462845010616,1.048832271762208,1167.0,2.477707006369427,37.99,-121.3,0
3.0521,36.0,3.769547325102881,1.1090534979423867,934.0,1.9218106995884774,34.11,-118.27,1
2.6302,33.0,6.071428571428571,1.1071428571428572,717.0,3.6581632653061225,35.27,-118.83,0
2.8214,52.0,4.794797687861272,1.060693641618497,788.0,2.277456647398844,37.86,-122.28,0
3.1333,30.0,5.925531914893617,1.1312056737588652,966.0,3.425531914893617,36.51,-119.65,0
1.9167,52.0,4.262903225806451,1.0096774193548388,1212.0,1.9548387096774194,37.85,-122.26,0
2.3523,34.0,3.697802197802198,0.9505494505494505,539.0,2.9615384615384617,36.86,-120.45,0
1.2891,18.0,4.12289156626506,0.9228915662650602,1474.0,3.5518072289156626,34.16,-118.15,1
4.275,35.0,5.337175792507205,1.031700288184438,1414.0,4.07492795389049,34.08,-118.01,0
2.1974,51.0,4.23489932885906,1.0369127516778522,608.0,2.040268456375839,38.01,-122.13,0
2.0474,37.0,4.957446808510638,1.053191489361702,1505.0,3.202127659574468,39.36,-121.7,0
0.9948,48.0,3.5328467153284673,1.1313868613138687,706.0,2.576642335766423,38.55,-121.47,0
5.0062,30.0,5.715025906735751,1.116580310880829,2168.0,2.8082901554404147,37.27,-121.91,1
4.5833,35.0,5.269230769230769,0.9825174825174825,1025.0,3.5839160839160837,34.24,-118.42,0
5.083,4.0,6.968606932635709,1.1157619359058208,5391.0,3.525833878351864,34.57,-118.02,0
3.4265,52.0,4.703448275862069,1.0367816091954023,944.0,2.170114942528736,34.07,-118.36,1
4.0791,11.0,5.8789020452099034,1.0984930032292788,4773.0,2.568891280947255,33.17,-117.33,1
2.6198,18.0,4.052901023890785,1.1126279863481228,1252.0,2.136518771331058,37.53,-121.96,1
5.5,34.0,5.84472049689441,1.0351966873706004,1429.0,2.958592132505176,33.87,-118.35,1
4.0798,25.0,5.245136186770428,0.9649805447470817,1296.0,2.5214007782101167,38.45,-122.74,0
4.7147,12.0,5.251482799525504,0.9750889679715302,2400.0,2.8469750889679717,34.08,-117.61,0
1.7207,40.0,3.0656814449917897,1.0394088669950738,2223.0,3.6502463054187193,33.98,-118.25,0
3.1895,45.0,5.533333333333333,1.1666666666666667,302.0,5.033333333333333,34.04,-118.16,0
3.8529,17.0,4.9169675090252705,1.023465703971119,2213.0,3.9945848375451263,32.58,-117.06,0
4.5052,52.0,4.94228356336261,1.06900878293601,1737.0,2.179422835633626,37.77,-122.45,1
3.0958,25.0,4.310618066561014,1.0776545166402536,1559.0,2.4706814580031695,33.74,-117.82,0
3.8506,22.0,4.944845699277741,1.0302035456336178,5254.0,3.4497701904136573,33.76,-117.91,0
4.3456,19.0,4.7103825136612025,0.912568306010929,407.0,2.2240437158469946,37.66,-122.13,0
2.7019,33.0,4.03150912106136,1.086235489220564,1854.0,3.074626865671642,37.67,-122.09,0
1.5809,34.0,3.5180722891566263,1.0602409638554218,625.0,3.7650602409638556,33.68,-116.21,0
6.5143,29.0,5.995098039215686,1.053921568627451,633.0,3.1029411764705883,33.67,-117.59,1
4.2411,45.0,5.561594202898551,0.9927536231884058,591.0,2.141304347826087,33.83,-118.18,1
1.4524,41.0,4.2926490984743415,1.0624133148404993,1852.0,2.5686546463245494,36.33,-119.64,0
5.5121,34.0,6.024390243902439,1.0365853658536586,584.0,2.3739837398373984,37.26,-121.95,1
3.3724,16.0,5.740671641791045,1.171641791044776,1479.0,2.7593283582089554,35.94,-121.0,0
3.6719,45.0,4.177777777777778,0.8888888888888888,702.0,2.6,37.95,-122.34,0
1.6172,9.0,3.6578947368421053,0.9894736842105263,810.0,4.2631578947368425,37.29,-120.32,0
3.1053,12.0,3.9424460431654675,0.8633093525179856,1175.0,4.226618705035971,37.92,-121.29,0
3.8024,18.0,5.105882352941176,0.9949579831932773,1904.0,3.2,32.82,-116.95,0
4.0288,35.0,5.333333333333333,0.9868421052631579,893.0,3.9166666666666665,33.86,-117.93,1
2.5221,7.0,5.098591549295775,1.087323943661972,931.0,2.6225352112676057,33.74,-117.22,0
3.5056,23.0,3.720532319391635,0.9828897338403042,1454.0,2.76425855513308,33.75,-118.3,1
3.1442,50.0,4.507692307692308,1.0038461538461538,685.0,2.6346153846153846,34.02,-118.34,0
3.2792,32.0,4.657894736842105,1.0160183066361557,1900.0,2.1739130434782608,34.27,-119.24,1
3.8125,43.0,6.1521739130434785,1.059782608695652,931.0,2.529891304347826,37.73,-122.14,1
3.0047,9.0,4.008108108108108,1.0405405405405406,1430.0,1.9324324324324325,37.37,-122.03,1
2.6944,17.0,5.1475195822454305,1.1005221932114881,1995.0,2.60443864229765,32.74,-116.98,0
15.0001,52.0,9.867036011080332,1.0914127423822715,1163.0,3.221606648199446,34.07,-118.41,1
2.6364,36.0,4.02,1.1,1763.0,5.037142857142857,33.97,-118.14,0
5.5335,21.0,6.113924050632911,1.0886075949367089,417.0,2.6392405063291138,33.88,-118.37,1
4.4209,33.0,5.709864603481625,1.0928433268858802,1264.0,2.4448742746615086,36.49,-121.74,1
3.1513,10.0,6.096470588235294,1.143529411764706,1255.0,2.9529411764705884,33.71,-117.34,0
3.6413,15.0,5.487128712871288,1.0811881188118813,1423.0,2.8178217821782177,40.66,-122.25,0
2.6906,14.0,5.409276944065485,1.096862210095498,1945.0,2.6534788540245566,36.56,-119.38,0
5.0779,34.0,5.487179487179487,0.9901380670611439,1219.0,2.4043392504930967,37.93,-122.52,1
3.6333,7.0,4.094545454545455,1.0363636363636364,1576.0,2.8654545454545453,33.77,-117.98,0
1.8958,39.0,5.014409221902017,1.0115273775216138,1098.0,3.164265129682997,36.74,-119.75,0
4.375,45.0,5.413551401869159,1.0467289719626167,1057.0,2.4696261682242993,33.79,-118.13,1
3.0587,5.0,5.284007352941177,1.2729779411764706,2382.0,2.1893382352941178,34.08,-117.21,0
3.8108,23.0,5.4393162393162395,0.9623931623931624,1525.0,2.606837606837607,36.35,-119.64,0
4.6976,36.0,5.362612612612613,0.9436936936936937,1669.0,3.759009009009009,33.92,-118.09,0
6.148,34.0,6.218954248366013,0.9575163398692811,887.0,2.8986928104575163,33.97,-118.02,1
3.3409,8.0,3.849744711889132,1.148796498905908,2389.0,1.7425237053245806,33.68,-117.89,1
3.375,42.0,5.095541401273885,1.0907643312101911,1668.0,2.656050955414013,34.14,-118.07,1
3.1371,11.0,5.070222822417286,1.0155300472653612,7984.0,2.695476029709656,38.57,-121.76,1
3.1736,23.0,2.495145631067961,1.0194174757281553,367.0,1.7815533980582525,37.4,-122.1,1
5.0,28.0,5.434316353887399,0.9544235924932976,2164.0,2.900804289544236,34.25,-118.49,1
1.2171,33.0,5.084033613445378,1.2100840336134453,850.0,3.5714285714285716,34.11,-117.26,0
2.0246,16.0,5.302631578947368,1.199013157894737,1036.0,1.7039473684210527,33.22,-117.23,0
4.0229,18.0,4.765873015873016,1.1626984126984128,1549.0,2.048941798941799,33.65,-117.96,1
2.2106,35.0,4.521739130434782,1.0120772946859904,1017.0,2.4565217391304346,37.84,-122.29,0
1.4178,42.0,3.0417582417582416,1.0065934065934066,1825.0,4.010989010989011,34.02,-118.14,0
4.1172,37.0,5.256613756613756,1.0555555555555556,1279.0,3.3835978835978837,34.07,-117.95,0
3.8654,27.0,5.500881834215168,1.1199294532627866,1887.0,3.328042328042328,33.88,-118.09,1
2.6071,26.0,5.606694560669456,1.0669456066945606,662.0,2.7698744769874475,39.44,-121.53,0
6.1074,26.0,6.304093567251462,1.0077972709551657,1597.0,3.1130604288499026,34.21,-118.62,1
5.7295,25.0,6.032040472175379,0.9797639123102867,1753.0,2.9561551433389543,38.0,-122.03,0
8.1611,4.0,8.394871794871795,0.982051282051282,1312.0,3.364102564102564,33.59,-117.64,1
3.5833,32.0,5.829479768786127,1.0375722543352601,855.0,2.4710982658959537,40.79,-124.13,0
3.1477,52.0,5.58869395711501,0.9668615984405458,978.0,1.9064327485380117,34.1,-117.72,1
5.2578,39.0,5.820754716981132,0.8962264150943396,236.0,2.2264150943396226,37.79,-122.18,1
1.9408,42.0,4.707259953161593,1.1569086651053864,1203.0,2.8173302107728335,34.04,-118.34,0
6.8462,32.0,6.273764258555133,0.935361216730038,768.0,2.920152091254753,37.38,-121.82,1
3.7262,52.0,5.631578947368421,1.0157894736842106,555.0,2.9210526315789473,37.78,-122.19,0
3.625,22.0,5.8545454545454545,1.1045454545454545,593.0,2.6954545454545453,38.39,-122.82,1
4.1023,45.0,5.95575221238938,1.0707964601769913,880.0,2.5958702064896757,33.83,-118.17,1
3.7344,47.0,6.219101123595506,1.1179775280898876,437.0,2.455056179775281,33.99,-118.34,0
1.7396,34.0,3.9581589958158996,1.0627615062761506,1101.0,4.606694560669456,33.96,-118.24,0
1.8485,48.0,4.754385964912281,1.3157894736842106,571.0,5.008771929824562,34.02,-118.24,0
3.7321,36.0,5.235807860262009,1.0131004366812226,551.0,2.406113537117904,38.01,-122.64,1
2.3598,23.0,5.461928934010152,1.0964467005076142,724.0,3.6751269035532994,39.08,-121.54,0
6.083,46.0,6.310077519379845,1.003875968992248,500.0,1.937984496124031,34.15,-118.41,1
3.4423,6.0,2.359154929577465,1.0598591549295775,655.0,2.306338028169014,37.79,-122.42,0
2.7028,29.0,4.828326180257511,1.1373390557939915,1760.0,2.5178826895565094,34.03,-117.04,0
4.3553,42.0,6.449685534591195,1.050314465408805,878.0,2.761006289308176,38.15,-121.36,1
4.7332,22.0,5.669527896995708,1.053648068669528,2613.0,2.8036480686695278,33.99,-117.97,1
1.2235,52.0,5.144963144963145,1.1375921375921376,1364.0,3.3513513513513513,38.55,-121.46,0
2.4925,28.0,3.6754491017964073,1.0347305389221557,1932.0,2.31377245508982,33.92,-118.13,0
3.4861,52.0,4.984419263456091,1.0070821529745042,1883.0,2.6671388101983005,37.8,-122.21,1
5.7457,24.0,6.732793522267206,1.0182186234817814,1616.0,3.2712550607287447,33.89,-117.85,1
2.2396,44.0,4.670967741935484,1.0129032258064516,861.0,2.7774193548387096,33.98,-118.32,0
2.9375,35.0,5.167904903417534,1.0846953937592867,1885.0,2.800891530460624,33.9,-118.12,1
1.75,25.0,3.9125,1.0291666666666666,1003.0,4.179166666666666,32.71,-117.1,0
9.3845,26.0,7.92225201072386,1.0107238605898123,1074.0,2.8793565683646114,33.75,-117.79,1
1.6838,14.0,4.745856353591161,1.171270718232044,541.0,2.9889502762430937,34.58,-117.41,0
2.0134,35.0,3.81728045325779,1.0594900849858357,2935.0,4.157223796033994,33.91,-118.19,0
3.4598,11.0,5.588410104011887,1.0029717682020802,2374.0,3.527488855869242,37.0,-120.09,0
1.7716,29.0,4.131616595135909,1.0772532188841202,2949.0,4.218884120171674,35.24,-118.91,0
3.305,35.0,3.630952380952381,0.9563492063492064,1153.0,4.575396825396825,33.92,-118.19,0
2.7072,29.0,3.2546201232032854,1.1129363449691991,1019.0,2.0924024640657084,34.02,-118.48,1
1.8854,30.0,3.7984790874524714,1.0038022813688212,1011.0,3.844106463878327,37.79,-122.23,0
6.2726,22.0,6.827586206896552,1.0034482758620689,861.0,2.9689655172413794,37.73,-121.94,1
4.1674,10.0,3.9686323713927227,1.0439146800501882,1537.0,1.9284818067754077,37.28,-121.93,1
3.6908,23.0,7.406474820143885,1.2733812949640289,636.0,2.287769784172662,35.4,-120.92,1
3.2841,15.0,5.4788461538461535,1.0326923076923078,878.0,1.6884615384615385,33.71,-117.75,0
3.1755,15.0,5.332579185520362,1.0950226244343892,1110.0,2.51131221719457,35.65,-117.74,0
2.6991,30.0,4.336448598130841,1.074766355140187,913.0,4.266355140186916,33.96,-118.07,0
3.2241,28.0,4.188376753507014,1.139612558450234,2549.0,1.702738810955244,34.15,-118.43,1
2.875,37.0,4.400749063670412,0.9737827715355806,951.0,3.561797752808989,37.96,-121.24,0
2.892,30.0,5.701357466063349,1.248868778280543,707.0,3.1990950226244346,37.94,-122.07,1
2.5278,35.0,5.01,1.03,842.0,2.8066666666666666,34.71,-118.15,0
5.7951,24.0,6.63575042158516,1.0539629005059021,1912.0,3.224283305227656,33.89,-117.84,1
2.8977,35.0,4.6223776223776225,0.993006993006993,720.0,5.034965034965035,34.02,-118.18,0
3.7891,33.0,5.917525773195877,1.063573883161512,1884.0,3.2371134020618557,32.73,-117.06,0
3.525,39.0,4.61875,1.0125,1127.0,3.521875,33.93,-118.08,0
1.3039,22.0,4.538834951456311,1.171116504854369,2011.0,2.4405339805825244,33.75,-116.97,0
6.6288,7.0,6.802554027504912,1.0262770137524557,15037.0,3.692779960707269,34.04,-117.87,1
5.0524,17.0,6.879003558718861,1.092526690391459,2630.0,3.1198102016607354,32.87,-116.86,1
9.337,52.0,7.285714285714286,1.2142857142857142,1154.0,41.214285714285715,34.06,-118.45,1
4.775,52.0,6.535603715170279,0.9597523219814241,772.0,2.390092879256966,38.11,-122.24,0
1.5565,35.0,2.056890012642225,1.0594184576485461,3013.0,3.809102402022756,34.05,-118.28,0
2.4342,27.0,4.477642276422764,1.0020325203252032,1158.0,2.3536585365853657,38.64,-121.33,0
3.3322,35.0,4.330316742081448,0.8778280542986425,804.0,3.6380090497737556,34.12,-117.9,0
2.9375,44.0,4.532846715328467,0.9854014598540146,811.0,2.95985401459854,33.98,-118.3,0
1.3571,26.0,4.492647058823529,1.0343137254901962,939.0,2.301470588235294,40.39,-122.27,0
2.837,38.0,4.57089552238806,1.0149253731343284,1823.0,3.4011194029850746,34.07,-117.64,0
3.3409,18.0,4.646983311938382,1.0937098844672657,3171.0,4.070603337612323,34.2,-119.19,1
1.5506,24.0,4.8459214501510575,1.0438066465256797,1986.0,3.0,36.05,-119.0,0
10.6868,30.0,7.986215538847118,1.0701754385964912,2149.0,2.692982456140351,37.41,-122.29,1
2.2024,9.0,3.4922279792746114,1.2538860103626943,575.0,2.9792746113989637,37.95,-121.3,0
3.1528,23.0,5.652985074626866,1.0867537313432836,2920.0,2.7238805970149254,34.88,-116.99,0
2.6178,52.0,3.304289544235925,1.0361930294906165,2328.0,3.1206434316353886,34.08,-118.28,1
3.125,39.0,4.380281690140845,0.9964788732394366,886.0,3.119718309859155,34.03,-118.46,1
2.1587,43.0,4.319648093841642,1.0879765395894427,1231.0,3.6099706744868034,37.73,-122.17,0
3.5655,52.0,4.094462540716612,1.1042345276872965,1575.0,1.710097719869707,37.76,-122.43,1
4.1417,52.0,4.864406779661017,1.0783898305084745,1039.0,2.2012711864406778,37.77,-122.45,1
2.1458,22.0,3.0782608695652174,1.0521739130434782,530.0,4.608695652173913,36.72,-119.78,0
3.0313,45.0,4.249329758713137,0.8820375335120644,981.0,2.6300268096514747,37.95,-122.33,0
2.1429,43.0,3.2742382271468142,1.0969529085872576,1359.0,1.8822714681440442,37.8,-122.25,1
1.2762,17.0,3.4323308270676693,1.0225563909774436,1325.0,2.4906015037593985,34.42,-119.69,1
1.375,49.0,5.0303951367781155,1.1124620060790273,754.0,2.291793313069909,37.83,-122.27,0
2.3357,48.0,4.064935064935065,0.9902597402597403,673.0,2.185064935064935,37.67,-122.09,0
5.7942,36.0,6.008108108108108,1.0,1039.0,2.808108108108108,33.79,-118.11,1
3.4038,8.0,5.680952380952381,1.0666666666666667,2216.0,3.5174603174603174,34.39,-117.34,0
3.1193,21.0,20.033333333333335,3.8266666666666667,385.0,2.566666666666667,39.24,-120.11,0
4.1947,16.0,6.384803921568627,1.0784313725490196,1352.0,3.3137254901960786,38.0,-121.88,0
4.2935,18.0,4.456544502617801,1.0335078534031414,3401.0,3.561256544502618,34.29,-118.47,1
4.625,19.0,5.037037037037037,1.0449735449735449,1776.0,2.3492063492063493,33.67,-117.99,1
5.0796,36.0,6.025125628140704,0.9949748743718593,485.0,2.437185929648241,37.38,-122.08,1
4.3077,23.0,3.4683794466403164,1.0039525691699605,1374.0,2.7154150197628457,37.4,-122.1,1
8.0837,25.0,7.587242026266416,1.0337711069418387,1699.0,3.1876172607879925,37.3,-122.01,1
4.5781,52.0,4.646907216494846,1.1262886597938144,787.0,2.0283505154639174,34.11,-118.28,1
3.2215,8.0,6.2686711930164885,1.0620756547041708,3213.0,3.1163918525703203,34.45,-117.27,0
3.8403,21.0,4.886842105263158,1.05,881.0,2.318421052631579,33.47,-117.7,1
4.8173,22.0,5.536231884057971,0.9449275362318841,1001.0,2.9014492753623187,38.15,-121.74,0
3.4231,6.0,4.711428571428572,1.0542857142857143,732.0,2.0914285714285716,38.0,-121.35,0
2.6833,52.0,4.139013452914798,1.0560538116591929,827.0,1.8542600896860986,37.76,-122.24,1
4.0217,46.0,4.817610062893082,0.9580712788259959,1429.0,2.9958071278825997,37.75,-122.5,1
4.6458,18.0,5.719266055045871,1.0697247706422017,2079.0,3.8146788990825686,34.22,-119.04,1
6.3111,42.0,5.1068376068376065,0.9871794871794872,1146.0,2.448717948717949,37.44,-122.13,1
2.625,21.0,4.801204819277109,0.9759036144578314,484.0,2.9156626506024095,34.03,-117.98,1
8.1356,25.0,7.8704,1.0576,2183.0,3.4928,34.27,-118.55,1
4.5648,36.0,4.864468864468864,1.0512820512820513,823.0,3.0146520146520146,34.21,-118.52,1
3.5536,52.0,4.116959064327485,1.0292397660818713,1227.0,2.391812865497076,37.75,-122.42,1
3.5302,52.0,5.586056644880174,1.093681917211329,1092.0,2.3790849673202614,37.76,-122.49,1
5.1637,36.0,5.291161178509532,1.10051993067591,1234.0,2.1386481802426345,34.03,-118.41,1
0.4999,16.0,21.63157894736842,6.0,26.0,1.368421052631579,39.42,-122.89,0
4.556,23.0,6.115591397849462,1.0241935483870968,2301.0,3.092741935483871,34.27,-118.73,1
3.1607,28.0,3.587336244541485,1.0676855895196506,1142.0,2.493449781659389,34.26,-118.3,1
0.536,36.0,12.25,3.5,18.0,2.25,40.31,-123.17,0
6.7644,19.0,6.825454545454545,1.069090909090909,1692.0,3.076363636363636,37.0,-121.68,1
5.1205,42.0,5.727959697732998,1.0806045340050379,1255.0,3.1612090680100757,37.67,-122.42,1
1.6302,32.0,3.1828703703703702,1.037037037037037,1698.0,3.9305555555555554,34.02,-118.25,0
5.2128,49.0,5.781021897810219,0.9927007299270073,331.0,2.4160583941605838,36.97,-122.04,1
4.0742,46.0,5.305439330543933,1.00418410041841,661.0,2.7656903765690375,34.17,-118.36,1
2.7083,19.0,6.475,1.35,216.0,2.7,40.34,-123.48,0
5.0509,5.0,5.333333333333333,1.0029498525073746,825.0,2.433628318584071,37.26,-121.84,1
8.003,18.0,7.812339331619537,1.069408740359897,3280.0,2.810625535561268,37.82,-121.98,1
1.7306,28.0,2.837096774193548,1.1548387096774193,1463.0,2.359677419354839,34.1,-118.32,1
9.7037,8.0,8.94675925925926,1.0717592592592593,1548.0,3.5833333333333335,37.76,-121.96,1
2.0,44.0,5.053333333333334,1.0444444444444445,747.0,3.32,33.92,-118.25,0
3.567,28.0,6.074468085106383,1.070921985815603,663.0,2.351063829787234,36.81,-119.77,0
2.5444,35.0,3.3746223564954683,1.040785498489426,1334.0,2.015105740181269,34.09,-118.35,1
3.625,6.0,4.618012422360248,1.124223602484472,810.0,2.515527950310559,33.17,-117.22,0
3.4338,28.0,5.208771929824562,1.1368421052631579,1644.0,2.8842105263157896,35.03,-117.68,0
4.8015,30.0,5.549295774647887,0.9929577464788732,1004.0,3.535211267605634,34.27,-118.46,1
4.7755,36.0,5.956331877729258,1.0109170305676856,2761.0,3.0141921397379914,37.66,-122.45,1
5.5266,12.0,7.1404682274247495,1.0936454849498327,1624.0,2.7157190635451505,38.41,-122.21,1
4.5427,16.0,3.8632580261593343,1.1260404280618312,1637.0,1.9464922711058263,37.35,-121.99,1
3.5112,19.0,5.336225596529284,1.1843817787418656,1807.0,1.9598698481561823,36.97,-121.91,1
4.0221,20.0,6.441025641025641,1.0717948717948718,566.0,2.9025641025641025,36.3,-119.31,0
1.9483,16.0,4.21669341894061,0.9839486356340289,1054.0,1.6918138041733548,36.82,-119.72,0
5.1602,16.0,4.280487804878049,1.0,674.0,1.6439024390243901,37.34,-122.03,1
1.8542,22.0,4.789115646258503,1.1938775510204083,636.0,2.163265306122449,37.26,-121.96,1
5.102,8.0,5.681818181818182,0.9896694214876033,1526.0,3.152892561983471,38.02,-121.92,0
2.6812,34.0,4.77972027972028,1.006993006993007,1183.0,4.136363636363637,33.89,-118.25,0
2.1607,17.0,5.746951219512195,1.0670731707317074,953.0,2.9054878048780486,41.66,-122.26,0
5.0855,26.0,6.685121107266436,0.9688581314878892,886.0,3.065743944636678,34.22,-118.86,1
3.335,11.0,5.379073756432247,1.0634648370497428,2013.0,3.452830188679245,36.19,-119.32,0
2.7069,18.0,5.065918653576437,1.0336605890603086,1864.0,2.6143057503506313,32.84,-116.9,0
3.0375,42.0,5.652298850574713,1.0862068965517242,1459.0,4.192528735632184,34.03,-117.73,0
4.3118,20.0,5.764849471114728,0.9943043124491456,3455.0,2.8112286411716845,38.68,-121.35,0
2.0995,15.0,3.430830039525692,0.9644268774703557,1133.0,4.478260869565218,34.93,-120.44,0
4.2386,33.0,4.573770491803279,1.105263157894737,2243.0,1.9352890422778257,34.07,-118.39,1
3.4934,25.0,4.791549295774648,1.0676056338028168,1645.0,2.316901408450704,37.7,-122.08,1
1.8417,33.0,3.7804878048780486,0.9817073170731707,420.0,2.5609756097560976,32.63,-117.09,0
1.8214,10.0,5.838983050847458,1.271186440677966,845.0,2.3870056497175143,36.76,-119.85,0
3.1554,36.0,5.735562310030395,1.1246200607902737,1006.0,3.0577507598784193,33.97,-118.07,0
3.5164,47.0,5.970639032815199,1.0742659758203799,1700.0,2.936096718480138,34.18,-118.14,1
2.2264,11.0,2.8994152046783626,1.0526315789473684,2466.0,2.8842105263157896,34.19,-118.45,1
3.4051,45.0,5.9459227467811155,1.0798283261802575,4715.0,4.047210300429184,37.81,-122.47,1
3.775,14.0,5.519572953736655,1.0569395017793595,785.0,2.793594306049822,38.1,-121.29,0
0.9817,32.0,3.227146814404432,0.9916897506925207,997.0,2.7617728531855956,34.0,-118.08,0
1.4679,26.0,5.90566037735849,1.3342318059299192,679.0,1.830188679245283,39.09,-122.83,0
2.3068,24.0,5.622710622710622,1.010989010989011,664.0,2.432234432234432,39.77,-121.59,0
7.2494,6.0,7.60075329566855,0.9887005649717514,3386.0,3.1883239171374766,37.71,-121.96,1
2.8333,15.0,3.708955223880597,1.1074626865671642,1994.0,2.976119402985075,34.23,-118.36,1
2.7219,15.0,6.724137931034483,1.3653962492437992,4122.0,2.4936479128856623,33.82,-116.39,0
6.8219,16.0,6.678832116788321,1.0875912408759123,1429.0,3.4768856447688563,33.69,-117.8,1
2.0368,37.0,5.662650602409639,1.2650602409638554,522.0,6.289156626506024,34.17,-119.11,1
4.2731,34.0,5.451117318435754,1.0013966480446927,2054.0,2.868715083798883,33.8,-117.93,1
6.6603,52.0,6.6573426573426575,1.0384615384615385,797.0,2.7867132867132867,34.16,-118.24,1
2.2261,23.0,3.63914373088685,1.0611620795107033,965.0,2.9510703363914375,34.06,-118.12,1
2.2755,21.0,4.064606741573034,0.9620786516853933,2109.0,2.962078651685393,32.58,-117.11,0
4.3281,49.0,5.825622775800712,1.0818505338078293,729.0,2.5943060498220643,37.76,-122.49,1
2.315,52.0,5.135135135135135,1.2378378378378379,429.0,2.3189189189189188,33.87,-117.93,1
1.2056,23.0,3.398843930635838,0.9075144508670521,716.0,4.138728323699422,34.0,-118.24,0
4.1612,15.0,4.187111801242236,1.1040372670807452,2133.0,1.656055900621118,37.91,-122.06,1
2.0064,52.0,4.618037135278515,1.063660477453581,753.0,1.9973474801061009,39.73,-121.83,0
3.5684,7.0,4.670715249662618,1.1592442645074224,1518.0,2.048582995951417,38.03,-121.36,0
5.6345,35.0,5.47008547008547,0.9423076923076923,1428.0,3.051282051282051,34.22,-118.58,1
3.588,32.0,5.803757828810021,0.9812108559498957,1281.0,2.674321503131524,39.43,-123.37,0
3.7188,21.0,4.147378832838774,1.056379821958457,2487.0,2.459940652818991,37.3,-121.95,1
1.5208,52.0,3.9080459770114944,1.1149425287356323,200.0,2.2988505747126435,37.81,-122.28,0
5.0555,4.0,6.751677852348993,1.0546500479386385,2936.0,2.8149568552253115,38.58,-122.72,1
2.8418,26.0,3.5008,1.1152,2435.0,1.948,34.03,-118.41,1
3.1441,33.0,4.827285921625545,1.0449927431059507,2533.0,3.676342525399129,33.9,-118.09,0
2.9896,12.0,5.016863406408095,1.0590219224283306,1440.0,2.4283305227655987,38.56,-121.34,0
4.025,34.0,5.152985074626866,0.9888059701492538,1020.0,3.8059701492537314,34.04,-117.96,0
2.9219,37.0,4.5995670995671,1.0584415584415585,912.0,1.974025974025974,37.9,-122.3,1
4.2679,44.0,4.3887043189368775,1.0066445182724253,471.0,1.564784053156146,34.15,-118.33,1
2.7708,30.0,3.619389587073609,1.1166965888689409,1359.0,2.4398563734290843,34.17,-118.38,1
1.9038,39.0,3.77734375,1.0,903.0,3.52734375,33.91,-118.26,0
3.5859,17.0,4.0,1.0094562647754137,903.0,2.1347517730496453,33.67,-117.99,1
3.9,36.0,5.2727272727272725,0.922077922077922,268.0,3.4805194805194803,33.89,-118.25,0
6.6004,17.0,6.087649402390438,1.051792828685259,606.0,2.414342629482072,38.48,-122.6,1
4.511,22.0,5.631067961165049,1.0446601941747573,1445.0,2.8058252427184467,38.4,-122.89,1
4.0536,26.0,3.7,0.9454545454545454,807.0,2.4454545454545453,33.88,-118.3,1
2.4912,29.0,3.7248,1.1312,2304.0,1.8432,37.81,-122.25,1
3.1989,37.0,3.943820224719101,0.9962546816479401,939.0,3.5168539325842696,37.47,-122.2,1
4.9803,29.0,5.33378196500673,1.0390309555854644,2104.0,2.831763122476447,33.83,-118.01,1
2.1,51.0,3.1818181818181817,0.7818181818181819,228.0,4.1454545454545455,37.79,-122.25,0
7.4734,26.0,7.465076660988075,1.0528109028960817,1728.0,2.9437819420783646,34.47,-119.81,1
2.5742,25.0,4.721374045801527,0.9790076335877863,1947.0,3.7156488549618323,38.03,-121.32,0
1.9939,38.0,5.0588235294117645,1.053475935828877,1175.0,3.141711229946524,32.82,-115.38,0
3.4583,31.0,4.4674556213017755,1.0591715976331362,1617.0,3.1893491124260356,33.84,-117.96,1
3.319,32.0,5.265033407572383,0.977728285077951,1331.0,2.964365256124722,38.5,-121.49,0
2.1449,27.0,3.375698324022346,1.066340782122905,3847.0,2.6864525139664805,34.18,-118.38,0
2.4866,37.0,4.518779342723005,1.0046948356807512,1344.0,3.1549295774647885,32.62,-117.09,0
3.2813,46.0,4.392523364485982,1.0233644859813085,599.0,2.7990654205607477,33.89,-118.16,1
2.5592,16.0,5.554,1.006,1432.0,2.864,40.57,-122.33,0
8.1548,52.0,7.868421052631579,1.2105263157894737,459.0,2.4157894736842107,32.75,-117.19,1
6.7418,23.0,6.952461799660441,0.9813242784380306,1766.0,2.99830220713073,33.73,-118.01,1
1.7929,14.0,4.085653104925053,1.0364025695931478,1195.0,2.558886509635974,39.16,-123.2,0
2.6065,18.0,5.534883720930233,0.9767441860465116,859.0,2.8538205980066444,36.29,-119.11,0
2.4234,28.0,3.0234798314268514,1.053582179409994,2558.0,1.5400361228175798,37.83,-122.25,1
1.6348,15.0,3.404320987654321,1.0,2511.0,3.875,32.55,-117.04,0
1.6757,34.0,6.540094339622642,1.6014150943396226,1066.0,2.5141509433962264,41.26,-123.08,0
1.75,30.0,3.727272727272727,1.0822510822510822,1062.0,4.597402597402597,33.98,-118.24,0
2.5686,25.0,3.5396634615384617,1.0985576923076923,2313.0,2.780048076923077,33.97,-118.04,0
2.7875,49.0,3.571608040201005,1.1055276381909547,2004.0,2.5175879396984926,34.1,-118.28,1
2.0114,20.0,3.6439716312056736,1.0453900709219859,2341.0,3.3205673758865246,32.68,-117.09,0
4.6694,28.0,6.181425485961123,1.0323974082073435,1384.0,2.9892008639308854,34.89,-120.43,0
2.8077,31.0,4.17910447761194,1.1044776119402986,1718.0,6.41044776119403,33.74,-117.88,0
2.375,20.0,3.69811320754717,1.0817610062893082,864.0,2.7169811320754715,34.22,-118.38,0
2.4777,34.0,5.092503987240829,1.059011164274322,1434.0,2.287081339712919,34.44,-119.23,1
3.0694,6.0,5.791666666666667,1.2407407407407407,544.0,2.5185185185185186,33.46,-116.76,0
3.125,33.0,7.238095238095238,1.183673469387755,434.0,2.9523809523809526,39.15,-122.2,0
8.3792,15.0,8.10074074074074,1.0014814814814814,2221.0,3.29037037037037,37.21,-121.84,1
3.0625,8.0,5.283194057567316,1.1039925719591457,2887.0,2.680594243268338,39.73,-121.79,0
4.1429,12.0,5.308550185873606,1.1263940520446096,528.0,1.962825278810409,32.87,-117.21,1
2.3833,24.0,5.643382352941177,1.025735294117647,726.0,2.6691176470588234,39.59,-121.74,0
4.3533,35.0,4.9877622377622375,1.027972027972028,1761.0,3.0786713286713288,37.69,-121.78,0
5.4533,33.0,5.837628865979381,0.9432989690721649,986.0,2.5412371134020617,33.73,-118.31,1
5.2668,32.0,6.31024531024531,0.9855699855699855,2040.0,2.9437229437229435,34.23,-118.49,1
2.4919,17.0,5.6078125,1.0953125,1746.0,2.728125,35.37,-118.92,0
3.069,35.0,5.317280453257791,0.9291784702549575,1155.0,3.271954674220963,36.81,-119.79,0
4.3723,19.0,5.956030150753769,1.0489949748743719,2903.0,3.6469849246231156,33.93,-117.5,0
4.2083,40.0,5.164133738601824,1.0516717325227964,1188.0,3.6109422492401215,33.88,-118.2,0
2.503,17.0,6.935960591133005,1.5738916256157636,1027.0,2.5295566502463056,40.77,-121.86,0
2.25,24.0,4.0894308943089435,1.1260162601626016,610.0,2.4796747967479673,33.16,-117.34,1
9.1373,52.0,7.443478260869565,1.0,1102.0,3.1942028985507247,34.11,-118.13,1
8.5957,8.0,8.105882352941176,1.0088235294117647,1045.0,3.073529411764706,33.07,-117.07,1
8.058,25.0,6.815950920245399,0.9923312883435583,1922.0,2.9478527607361964,34.1,-118.17,1
6.4678,21.0,7.325490196078431,1.0509803921568628,522.0,2.0470588235294116,34.71,-120.45,1
4.3426,11.0,4.505763688760807,1.0172910662824208,1594.0,2.2968299711815563,33.92,-117.95,0
3.0341,27.0,4.541554959785523,1.0536193029490617,1890.0,5.067024128686327,33.91,-118.23,0
1.7813,28.0,3.3793774319066148,1.0136186770428015,1764.0,3.431906614785992,35.77,-119.24,0
3.4612,36.0,4.80241935483871,1.0725806451612903,718.0,2.8951612903225805,34.22,-118.44,0
2.4297,33.0,3.9565972222222223,1.0260416666666667,1250.0,2.170138888888889,32.76,-117.12,0
8.9083,15.0,6.947712418300654,1.0130718954248366,905.0,2.957516339869281,37.54,-122.27,1
5.296,35.0,6.806083650190114,1.0228136882129277,924.0,3.5133079847908744,33.84,-118.1,1
1.9792,22.0,4.553072625698324,1.1284916201117319,4402.0,12.296089385474861,37.72,-121.29,0
4.6042,21.0,5.359523809523809,1.0761904761904761,913.0,2.1738095238095236,33.82,-118.2,1
3.8068,19.0,3.8009049773755654,1.0950226244343892,964.0,1.453996983408748,33.98,-118.46,1
2.575,15.0,5.828196347031963,1.1386986301369864,5656.0,3.228310502283105,38.49,-121.46,0
9.5862,27.0,7.935611038107753,1.0249671484888305,2181.0,2.865965834428384,37.85,-122.04,1
5.0672,24.0,5.919776119402985,1.0223880597014925,1351.0,2.5205223880597014,37.95,-122.08,1
2.8237,34.0,5.203821656050955,1.019108280254777,1906.0,3.035031847133758,38.12,-121.28,0
4.6111,45.0,5.355437665782493,1.0450928381962865,1549.0,4.108753315649867,33.84,-117.92,1
2.2216,19.0,4.975186104218363,1.0049627791563276,972.0,2.411910669975186,37.93,-121.7,0
3.5066,52.0,5.013921113689095,1.2621809744779582,904.0,2.097447795823666,37.79,-122.41,1
3.413,37.0,3.581453634085213,1.0726817042606516,2089.0,5.235588972431078,33.72,-117.86,0
12.4237,44.0,7.4591439688715955,1.0311284046692606,754.0,2.933852140077821,34.13,-118.1,1
1.3269,18.0,4.012195121951219,1.048780487804878,1221.0,2.978048780487805,32.69,-117.09,0
5.7251,28.0,5.948387096774193,1.020967741935484,1877.0,3.0274193548387096,37.28,-121.98,1
7.3463,22.0,7.482439926062846,1.0388170055452866,1637.0,3.0258780036968576,33.78,-118.06,1
3.6361,17.0,5.690134529147982,1.0878923766816144,7343.0,3.2928251121076233,34.02,-117.71,0
1.8403,47.0,4.723463687150838,1.1229050279329609,913.0,2.5502793296089385,35.42,-119.04,0
7.6281,14.0,13.408082408874803,2.2480190174326466,2524.0,2.0,33.76,-116.42,1
4.9102,32.0,5.995994659546062,1.0881174899866488,1696.0,2.2643524699599467,34.15,-118.61,1
3.4191,52.0,4.530612244897959,0.8163265306122449,1107.0,11.295918367346939,39.73,-121.85,0
6.7287,16.0,7.192792792792793,0.972972972972973,2097.0,3.7783783783783784,37.22,-121.77,1
3.6875,47.0,5.97741935483871,1.1129032258064515,757.0,2.4419354838709677,34.18,-118.23,1
2.3783,18.0,4.262443438914027,1.0,1915.0,4.332579185520362,33.74,-117.9,0
5.5351,4.0,8.584269662921349,1.25,2088.0,2.932584269662921,33.55,-117.27,1
3.6531,18.0,5.642638036809816,1.0644171779141105,1820.0,2.791411042944785,33.79,-118.0,0
2.7958,32.0,5.0632603406326036,1.1484184914841848,1342.0,3.265206812652068,37.95,-121.23,0
1.3894,16.0,2.508298755186722,0.9896265560165975,627.0,1.3008298755186722,37.98,-122.03,0
4.7333,33.0,6.796143250688705,1.0385674931129476,1052.0,2.8980716253443526,34.28,-119.22,1
2.8068,24.0,4.391203703703703,0.9814814814814815,2225.0,2.5752314814814814,38.68,-121.79,0
1.837,27.0,4.152487961476726,1.1701444622792938,1500.0,2.407704654895666,37.96,-122.04,0
4.7422,23.0,5.406844106463878,0.9885931558935361,1092.0,4.152091254752852,33.71,-117.89,1
3.4868,27.0,3.139963167587477,1.0644567219152854,2314.0,2.130755064456722,37.4,-122.1,0
2.5469,38.0,5.1440677966101696,1.076271186440678,723.0,3.0635593220338984,34.0,-117.35,0
1.223,30.0,4.02076124567474,1.1003460207612457,1207.0,4.176470588235294,33.98,-118.29,0
4.275,36.0,5.576923076923077,0.9615384615384616,768.0,3.282051282051282,37.66,-122.1,1
6.4651,25.0,5.481953290870488,1.0509554140127388,1088.0,2.3099787685774946,32.97,-117.26,1
3.9784,18.0,4.718954248366013,1.0091503267973856,2899.0,3.7895424836601306,34.07,-117.78,0
2.7,43.0,4.778947368421052,1.0736842105263158,2340.0,4.105263157894737,33.94,-118.18,0
4.835,28.0,5.941908713692946,1.0269709543568464,1364.0,2.8298755186721993,34.44,-119.78,1
6.431,30.0,7.06390977443609,0.849624060150376,740.0,2.781954887218045,34.0,-118.35,1
3.7552,45.0,5.178362573099415,1.0204678362573099,1098.0,3.210526315789474,37.74,-122.5,1
3.275,48.0,4.5,1.08984375,1273.0,2.486328125,37.76,-122.48,1
3.5268,33.0,4.022964509394572,1.0062630480167014,1623.0,3.3883089770354906,33.98,-118.1,0
3.0441,20.0,4.049079754601227,1.0501022494887526,1729.0,1.7678936605316973,34.15,-118.25,1
3.0417,41.0,6.0092879256965945,1.1362229102167183,1204.0,3.7275541795665634,33.88,-118.23,0
2.8833,45.0,4.7153846153846155,1.073076923076923,590.0,2.269230769230769,37.94,-122.33,0
3.0729,23.0,4.866766467065868,1.031437125748503,1890.0,2.8293413173652695,38.02,-121.32,0
5.2987,18.0,6.159325210871603,1.035613870665417,3473.0,3.254920337394564,34.32,-118.41,1
2.2652,24.0,3.7652542372881355,1.0872881355932202,2421.0,2.051694915254237,34.17,-118.4,1
6.5214,16.0,7.053726169844021,1.0814558058925476,1543.0,2.6741767764298094,37.67,-121.88,1
6.7578,20.0,6.211573236889692,1.0723327305605788,1293.0,2.338155515370705,37.34,-122.06,1
2.7813,36.0,4.65034965034965,0.9545454545454546,761.0,2.660839160839161,39.44,-123.79,0
4.1587,32.0,5.58080808080808,1.0757575757575757,1082.0,2.7323232323232323,37.0,-121.94,1
3.1859,26.0,5.838323353293413,1.1477045908183632,1921.0,3.834331337325349,33.94,-117.6,0
4.1375,16.0,6.214452214452215,1.048951048951049,1203.0,2.804195804195804,35.49,-120.69,1
3.1497,26.0,4.404384896467723,1.0864799025578562,2257.0,2.749086479902558,33.83,-118.02,1
4.0328,16.0,6.844783715012722,1.16793893129771,1253.0,3.188295165394402,33.2,-117.15,1
2.7917,40.0,4.173333333333333,1.0933333333333333,337.0,2.2466666666666666,36.6,-121.89,1
2.6715,35.0,5.06993006993007,0.8951048951048951,930.0,3.2517482517482517,32.57,-117.12,0
4.2829,30.0,4.186813186813187,1.0952380952380953,776.0,2.8424908424908426,33.89,-118.35,1
7.4219,31.0,4.806569343065694,1.0364963503649636,523.0,1.9087591240875912,34.06,-118.43,1
11.0124,19.0,8.291079812206572,0.9436619718309859,1200.0,2.816901408450704,33.76,-117.77,1
5.2949,33.0,5.641952983725136,1.0886075949367089,1155.0,2.088607594936709,33.6,-117.87,1
4.7341,4.0,5.274753758424054,1.130637636080871,4762.0,2.468636599274235,33.66,-117.67,1
3.13,18.0,5.829457364341085,1.3837209302325582,660.0,2.558139534883721,41.88,-123.83,0
5.0309,29.0,6.239690721649485,1.0360824742268042,1120.0,2.88659793814433,34.2,-118.62,1
3.1546,34.0,4.669576059850374,1.1945137157107233,1622.0,2.0224438902743143,36.98,-121.95,1
5.7057,27.0,6.019108280254777,0.964968152866242,889.0,2.8312101910828025,37.53,-122.01,1
3.5208,48.0,6.203557312252965,1.1600790513833992,1319.0,2.6067193675889326,33.97,-118.29,0
5.7619,17.0,5.635404454865181,0.9824150058616647,3059.0,3.586166471277843,33.88,-118.04,1
2.5195,23.0,3.331476323119777,1.0041782729805013,3074.0,4.281337047353761,36.9,-121.73,0
4.5375,18.0,8.629807692307692,2.0,483.0,2.3221153846153846,37.65,-118.98,0
2.9018,22.0,4.753346080305928,1.1625239005736139,709.0,1.355640535372849,34.23,-119.29,1
1.5449,17.0,4.5315985130111525,1.1115241635687731,1563.0,2.9052044609665426,36.74,-119.69,0
3.425,36.0,4.789699570815451,0.9828326180257511,719.0,3.0858369098712446,33.96,-118.09,0
5.7653,21.0,6.196926032660903,1.0172910662824208,6160.0,2.9586935638808836,37.59,-122.46,1
5.4378,52.0,4.6234132581100145,1.0930888575458393,1279.0,1.8039492242595205,37.8,-122.41,1
3.5094,11.0,3.6559485530546625,0.9919614147909968,1897.0,3.04983922829582,33.84,-118.29,0
5.8096,20.0,8.16588785046729,1.0490654205607477,1629.0,3.80607476635514,34.27,-118.75,1
3.5066,24.0,5.648471615720524,1.0720524017467248,1617.0,3.53056768558952,32.66,-117.06,0
3.2891,28.0,5.781818181818182,1.1772727272727272,519.0,2.359090909090909,40.93,-123.88,0
3.5341,52.0,4.929203539823009,1.0508849557522124,1311.0,2.900442477876106,34.13,-118.18,1
2.3542,43.0,4.921428571428572,1.0,708.0,2.5285714285714285,38.53,-121.48,0
2.5896,27.0,4.598930481283422,1.0521390374331552,2085.0,2.787433155080214,38.26,-122.02,0
6.1091,13.0,7.133079847908745,1.0874524714828897,1581.0,3.005703422053232,37.42,-121.82,1
1.7301,5.0,3.1649122807017545,1.0818713450292399,3148.0,3.68187134502924,32.56,-117.06,0
6.0573,24.0,5.261956521739131,0.9717391304347827,2656.0,2.8869565217391306,37.36,-121.97,1
2.3475,34.0,5.27437641723356,1.0680272108843538,1356.0,3.074829931972789,37.93,-122.33,0
2.0133,33.0,4.5974576271186445,1.0593220338983051,1425.0,3.0190677966101696,34.11,-117.23,0
4.3977,31.0,7.441520467836257,1.090643274853801,956.0,2.7953216374269005,32.76,-117.0,1
2.6458,26.0,5.416666666666667,1.1018518518518519,830.0,3.8425925925925926,37.82,-121.27,0
2.1979,52.0,4.804444444444444,1.1422222222222222,437.0,1.9422222222222223,38.13,-121.27,0
1.8008,48.0,3.8636363636363638,1.3636363636363635,545.0,4.128787878787879,32.7,-117.14,0
4.2386,44.0,5.959488272921109,1.0575692963752665,1235.0,2.633262260127932,34.16,-118.1,1
7.4351,18.0,8.44836956521739,1.361413043478261,949.0,2.578804347826087,32.83,-117.24,1
4.0156,48.0,3.63680387409201,1.0831315577078289,1980.0,1.5980629539951574,37.79,-122.42,1
3.1821,9.0,5.675156174915906,1.0480538202787122,6716.0,3.2272945699183087,34.44,-117.35,0
2.7019,22.0,5.5109375,1.1109375,1483.0,2.3171875,34.44,-119.27,1
2.2024,5.0,4.098984771573604,0.9822335025380711,1094.0,2.7766497461928936,32.72,-117.1,0
5.791,36.0,5.275,0.95625,373.0,2.33125,37.34,-121.96,1
5.1782,23.0,6.564476885644769,0.9975669099756691,1094.0,2.661800486618005,32.8,-117.07,1
2.3333,33.0,5.782828282828283,0.9949494949494949,508.0,2.5656565656565657,36.78,-119.75,0
3.5644,32.0,4.124361158432709,1.1431005110732537,1491.0,2.5400340715502554,33.88,-118.31,1
3.5729,17.0,5.563008130081301,1.329268292682927,910.0,1.8495934959349594,33.4,-117.65,1
2.3696,17.0,5.765743073047859,1.1335012594458438,1182.0,2.977329974811083,39.04,-120.99,0
2.6136,35.0,4.598159509202454,1.0429447852760736,1141.0,3.5,33.82,-118.3,1
1.7562,30.0,3.4423076923076925,1.0692307692307692,1827.0,3.5134615384615384,33.97,-118.19,1
3.5481,35.0,4.547511312217194,1.0135746606334841,742.0,3.3574660633484164,34.13,-118.0,0
4.1917,26.0,5.435051546391753,0.9649484536082474,1416.0,2.9195876288659792,35.77,-119.23,0
6.3521,45.0,5.616438356164384,0.9178082191780822,565.0,2.5799086757990866,34.02,-118.45,1
4.7404,29.0,5.553225806451613,1.0241935483870968,2257.0,3.640322580645161,33.74,-117.98,1
3.3906,35.0,4.88,1.0552380952380953,1398.0,2.662857142857143,37.7,-122.18,0
1.9119,43.0,3.3110687022900764,1.0209923664122138,2288.0,4.366412213740458,33.97,-118.25,0
4.05,35.0,4.074742268041237,1.0876288659793814,580.0,1.4948453608247423,37.76,-122.44,1
4.0185,22.0,4.910979228486647,1.0207715133531157,1807.0,2.6810089020771515,33.83,-117.97,1
2.3304,26.0,1.8247191011235955,1.1393258426966293,628.0,1.4112359550561797,37.78,-122.42,1
5.9088,5.0,5.880597014925373,1.1009657594381037,2834.0,2.4881474978050924,33.53,-117.7,1
2.9073,35.0,4.691558441558442,1.0032467532467533,795.0,2.581168831168831,38.46,-122.72,0
4.25,49.0,5.652509652509653,1.166023166023166,636.0,2.4555984555984556,37.62,-122.41,1
4.0125,52.0,4.375621890547263,0.9626865671641791,980.0,2.4378109452736316,34.42,-119.72,1
2.6179,35.0,2.96900826446281,0.9793388429752066,2113.0,4.365702479338843,33.96,-118.22,0
5.1271,22.0,6.018867924528302,1.044811320754717,1066.0,2.5141509433962264,34.43,-119.77,1
4.0132,5.0,26.511415525114156,4.703196347031963,569.0,2.598173515981735,34.25,-116.85,0
3.1667,14.0,4.784386617100372,1.0817843866171004,737.0,2.7397769516728623,36.31,-119.78,0
3.212,33.0,5.684073107049608,1.0548302872062663,891.0,2.3263707571801566,38.0,-120.39,0
2.3421,35.0,3.356299212598425,1.029527559055118,2252.0,4.433070866141732,33.99,-118.2,0
6.0677,32.0,6.421824104234528,0.9853420195439739,1524.0,2.482084690553746,37.92,-122.3,1
6.8879,44.0,8.717171717171718,1.1515151515151516,281.0,2.8383838383838382,37.47,-122.28,1
2.2115,20.0,7.768115942028985,1.736231884057971,918.0,2.6608695652173915,40.88,-123.53,0
4.3646,42.0,5.212765957446808,1.066193853427896,1392.0,3.2907801418439715,34.04,-118.13,1
2.6406,32.0,3.8786610878661087,0.9853556485355649,1363.0,2.8514644351464433,33.87,-118.16,0
1.8818,35.0,3.6591639871382635,0.977491961414791,1128.0,3.627009646302251,33.99,-118.28,0
4.747,12.0,5.636563876651983,1.0341409691629957,5674.0,3.1244493392070485,37.24,-121.77,1
7.2423,52.0,7.875,1.5,47.0,5.875,33.89,-118.17,1
2.9,27.0,7.409836065573771,1.6885245901639345,258.0,4.229508196721311,33.09,-115.73,0
5.31,15.0,7.1680851063829785,1.0617021276595744,1733.0,3.6872340425531913,38.57,-121.32,0
5.7376,17.0,6.163636363636364,1.02020202020202,1705.0,3.4444444444444446,34.28,-118.72,1
1.725,44.0,4.475409836065574,1.005464480874317,677.0,3.699453551912568,37.95,-121.26,0
1.7572,18.0,4.732142857142857,1.0816326530612246,1839.0,4.691326530612245,35.89,-119.27,0
6.1025,26.0,6.566666666666666,1.095,1180.0,1.9666666666666666,32.84,-117.27,1
1.165,27.0,5.670588235294118,1.2901960784313726,594.0,2.3294117647058825,39.03,-122.66,0
7.0173,16.0,8.073783359497645,1.0235478806907379,2209.0,3.467817896389325,33.67,-117.96,1
1.8015,26.0,3.5408163265306123,1.0433673469387754,515.0,1.3137755102040816,33.77,-118.09,0
6.0777,35.0,5.918681318681319,1.0835164835164834,1343.0,2.951648351648352,37.36,-122.06,1
3.3081,14.0,5.365195027861123,1.0741534504929275,6389.0,2.738534076296614,32.83,-116.95,0
3.1115,46.0,5.167577413479052,1.0783242258652095,1453.0,2.6466302367941714,34.17,-118.11,1
6.0553,29.0,6.218274111675127,1.0372250423011844,1457.0,2.4653130287648053,33.8,-118.08,1
4.0234,38.0,4.9245283018867925,1.0,981.0,3.0849056603773586,33.9,-118.26,0
4.1471,32.0,4.702702702702703,0.9864864864864865,567.0,2.554054054054054,33.96,-118.41,1
12.5381,29.0,6.888888888888889,1.2222222222222223,50.0,2.7777777777777777,33.96,-117.44,0
4.9384,28.0,5.005649717514125,1.048587570621469,2131.0,2.407909604519774,33.85,-118.38,1
5.0468,5.0,6.530330882352941,1.0505514705882353,3523.0,3.2380514705882355,37.98,-121.72,0
2.1006,19.0,4.938718662952646,1.0564066852367688,4101.0,2.855849582172702,35.31,-119.01,0
4.2083,9.0,5.026352288488211,1.1262135922330097,1856.0,2.574202496532594,37.27,-121.84,1
3.1875,33.0,5.2844827586206895,1.0603448275862069,343.0,2.956896551724138,37.5,-121.04,0
6.2323,17.0,7.097183098591549,1.1732394366197183,1678.0,2.363380281690141,36.59,-121.91,1
4.3909,52.0,5.60091743119266,1.0298165137614679,1188.0,2.7247706422018347,37.74,-122.49,1
3.7941,37.0,4.771543086172345,1.1523046092184368,1235.0,2.4749498997995993,34.16,-118.33,1
3.9243,44.0,4.2764423076923075,1.0084134615384615,1779.0,2.1382211538461537,37.42,-122.15,1
6.0873,19.0,6.586142322097379,1.0664794007490637,2824.0,2.644194756554307,33.46,-117.65,1
1.63,12.0,3.3986013986013988,0.9405594405594405,1134.0,3.965034965034965,35.87,-119.27,0
2.6065,19.0,5.648175182481752,1.294890510948905,2086.0,3.0452554744525546,38.74,-121.27,0
3.0,36.0,5.210659898477157,0.9796954314720813,1023.0,2.5964467005076144,33.91,-118.12,1
4.3008,33.0,6.314159292035399,1.081858407079646,1109.0,2.4535398230088497,38.02,-121.33,0
3.8323,16.0,5.9978213507625275,1.0762527233115469,1414.0,3.0806100217864922,40.6,-122.25,0
4.7094,14.0,5.2707296849087895,1.060530679933665,4741.0,1.9655887230514095,37.92,-122.05,1
4.0417,14.0,3.6955903271692745,1.0796586059743956,1584.0,2.2532005689900427,33.65,-117.91,1
3.6969,35.0,4.474820143884892,1.223021582733813,278.0,2.0,34.39,-119.59,1
3.3438,50.0,5.3428571428571425,0.9428571428571428,130.0,3.7142857142857144,34.27,-118.85,1
2.6403,31.0,3.7816711590296497,1.045822102425876,724.0,1.9514824797843666,32.8,-117.23,1
0.7714,16.0,2.698581560283688,1.0851063829787233,438.0,1.553191489361702,37.95,-121.29,0
5.0114,18.0,5.810623556581986,1.120092378752887,1128.0,2.605080831408776,33.87,-118.37,1
2.1759,16.0,4.904958677685951,1.078512396694215,1115.0,4.607438016528926,33.62,-114.61,0
15.0001,36.0,9.368263473053892,1.1736526946107784,862.0,2.5808383233532934,34.09,-118.44,1
3.2723,39.0,4.474226804123711,1.041237113402062,800.0,2.7491408934707904,34.14,-118.0,0
3.7159,52.0,5.325342465753424,0.9897260273972602,620.0,2.1232876712328768,37.73,-122.17,1
1.2041,50.0,3.862604540023895,1.1565113500597373,1223.0,1.4611708482676224,38.57,-121.47,0
4.3646,42.0,5.336170212765958,0.9574468085106383,929.0,3.953191489361702,33.89,-118.21,0
10.7372,18.0,9.016112789526687,1.081570996978852,3011.0,3.0322255790533736,37.86,-122.0,1
2.0048,36.0,4.734375,0.99609375,569.0,2.22265625,38.34,-121.5,0
3.3892,20.0,4.195493704440026,1.0185553346587144,2957.0,1.9595758780649437,34.25,-118.53,1
5.623,34.0,6.239754098360656,1.1680327868852458,1002.0,2.05327868852459,34.43,-119.64,1
4.5317,26.0,6.135399673735726,1.0163132137030995,1776.0,2.897226753670473,37.52,-121.97,1
3.5265,11.0,5.285115303983228,1.0922431865828093,1390.0,2.9140461215932913,38.8,-121.22,0
3.5417,17.0,6.150943396226415,1.1617250673854447,974.0,2.6253369272237195,39.3,-120.89,0
3.5214,15.0,3.0499445061043287,1.106548279689234,1447.0,1.6059933407325193,37.63,-122.43,0
4.0862,44.0,5.295373665480427,0.9217081850533808,667.0,2.373665480427046,32.74,-117.24,1
7.2821,27.0,7.7607361963190185,1.4386503067484662,594.0,1.822085889570552,32.86,-117.25,1
4.1678,11.0,5.1171228516868235,1.0929344366645448,3445.0,2.192870782940802,33.59,-117.7,1
2.4167,22.0,3.618361153262519,1.0364188163884673,5534.0,4.198786039453718,34.15,-119.18,1
1.7176,34.0,4.501915708812261,0.9616858237547893,683.0,2.6168582375478926,36.43,-119.86,0
3.3067,17.0,4.849181360201511,1.0327455919395465,7302.0,2.2991183879093198,32.83,-117.01,0
2.7907,29.0,5.097259062776304,1.0344827586206897,3266.0,2.887709991158267,38.02,-121.94,0
2.3784,15.0,3.882147024504084,1.1796966161026838,2683.0,3.1306884480746793,34.17,-118.37,1
3.4063,39.0,4.726943942133816,1.0289330922242315,1665.0,3.0108499095840866,34.04,-118.38,1
2.8385,42.0,4.514344262295082,0.9569672131147541,1470.0,3.012295081967213,34.03,-118.13,1
3.6362,6.0,4.871772805507745,1.1075731497418244,2943.0,2.5327022375215145,34.17,-117.32,0
2.9449,17.0,5.624801271860095,1.1542130365659777,1603.0,2.548489666136725,37.21,-119.45,0
3.3482,30.0,5.680412371134021,0.979381443298969,800.0,2.7491408934707904,37.67,-121.09,1
2.1111,33.0,4.927272727272728,0.9818181818181818,888.0,2.3064935064935064,39.16,-121.58,0
4.3542,36.0,6.3112033195020745,1.049792531120332,736.0,3.0539419087136928,37.59,-122.5,1
3.375,36.0,4.9411764705882355,0.7058823529411765,29.0,1.7058823529411764,34.47,-118.48,1
5.6204,36.0,6.110738255033557,0.9798657718120806,742.0,2.48993288590604,37.73,-122.49,1
3.0909,30.0,4.447368421052632,1.105263157894737,1314.0,3.1435406698564594,33.75,-117.99,1
3.1359,27.0,4.925566343042071,1.0695792880258899,1229.0,1.9886731391585761,36.61,-121.92,1
4.3438,16.0,5.9411764705882355,0.9584775086505191,903.0,3.124567474048443,36.3,-119.79,0
1.8319,36.0,4.217008797653959,1.0205278592375366,1054.0,3.090909090909091,35.39,-118.99,0
2.1111,44.0,4.029411764705882,0.875,435.0,3.198529411764706,37.73,-122.18,0
3.8269,31.0,6.255892255892256,1.2356902356902357,701.0,2.3602693602693603,38.07,-122.84,1
5.0662,46.0,6.224056603773585,1.0566037735849056,938.0,2.2122641509433962,37.3,-121.89,1
5.1923,44.0,6.403614457831325,1.2740963855421688,745.0,2.2439759036144578,33.61,-117.89,1
2.2054,45.0,3.7241379310344827,0.9540229885057471,1288.0,4.934865900383142,33.98,-118.24,0
1.6346,18.0,5.467532467532467,1.0805194805194804,974.0,2.52987012987013,39.5,-121.62,0
2.3256,24.0,5.959550561797752,1.2764044943820225,1532.0,3.4426966292134833,36.32,-119.66,0
3.2448,52.0,5.487804878048781,0.9796747967479674,752.0,3.0569105691056913,37.73,-122.45,1
1.2545,41.0,4.306010928961749,1.139344262295082,1567.0,4.281420765027322,36.75,-119.76,0
6.7181,15.0,7.199438202247191,0.9410112359550562,1080.0,3.033707865168539,36.83,-119.85,0
3.0755,32.0,4.623067776456599,0.9833531510107015,3868.0,4.599286563614744,32.77,-117.06,0
9.7449,20.0,7.095962938451357,1.0701522170747848,3731.0,2.4692256783587028,34.12,-118.45,1
2.7344,18.0,7.085158150851582,1.6131386861313868,999.0,2.4306569343065694,38.42,-120.42,0
2.875,18.0,4.796565389696169,1.2509907529722588,2357.0,3.1136063408190227,37.26,-121.8,1
3.5223,8.0,8.591549295774648,1.7195902688860436,2069.0,2.649167733674776,33.81,-116.43,0
3.267,21.0,5.230379746835443,0.9949367088607595,919.0,2.3265822784810126,38.48,-122.66,0
2.1773,17.0,4.04,1.068,1529.0,3.058,32.59,-117.11,0
3.6006,34.0,4.617710583153348,1.0583153347732182,1682.0,3.632829373650108,33.86,-117.97,0
3.87,26.0,6.048843187660668,1.0,1420.0,3.6503856041131106,34.7,-120.43,0
2.7813,19.0,4.545673076923077,1.1177884615384615,1693.0,4.069711538461538,33.94,-117.48,0
3.1553,17.0,5.900990099009901,1.0673267326732674,1531.0,3.0316831683168317,33.2,-116.99,1
7.9213,44.0,6.44811320754717,0.9787735849056604,1057.0,2.4929245283018866,34.13,-118.18,1
2.9315,46.0,5.1352657004830915,0.9879227053140096,1292.0,3.1207729468599035,33.98,-118.34,0
5.2396,26.0,5.737057220708447,1.0095367847411445,2352.0,3.204359673024523,37.52,-121.96,1
3.4784,36.0,4.974317817014446,0.971107544141252,1322.0,2.1219903691813804,38.61,-121.41,0
2.4554,20.0,5.5964912280701755,1.0802005012531328,1024.0,2.5664160401002505,33.74,-116.95,0
1.2292,36.0,4.833333333333333,1.0555555555555556,285.0,3.1666666666666665,38.59,-121.55,0
2.6328,31.0,4.468978102189781,1.0857664233576643,1801.0,3.2864963503649633,37.95,-122.35,0
2.0875,17.0,3.9014778325123154,1.0714285714285714,904.0,2.226600985221675,33.78,-118.15,1
4.7574,10.0,4.978978978978979,0.9309309309309309,1053.0,3.1621621621621623,34.27,-118.77,1
4.3397,21.0,5.373239436619718,1.0985915492957747,1588.0,2.795774647887324,33.86,-118.1,1
2.0,52.0,5.303030303030303,1.0822510822510822,725.0,3.1385281385281387,38.03,-121.88,0
10.959,52.0,7.153310104529616,0.9790940766550522,791.0,2.7560975609756095,37.74,-122.46,1
3.7772,26.0,5.412413793103449,1.0772413793103448,2332.0,3.216551724137931,33.85,-117.88,1
6.3824,41.0,5.42483660130719,0.8888888888888888,353.0,2.30718954248366,37.45,-122.27,1
4.1,21.0,5.816031537450723,1.038107752956636,1856.0,2.4388961892247045,38.49,-121.51,0
7.2628,21.0,6.1063829787234045,0.9297872340425531,1671.0,3.5553191489361704,33.86,-118.04,1
6.1872,19.0,7.415686274509804,1.0431372549019609,678.0,2.6588235294117646,38.66,-121.27,1
4.337,34.0,5.953727506426735,0.9383033419023136,956.0,2.4575835475578405,33.97,-117.41,0
2.3152,10.0,3.4055944055944054,1.1048951048951048,631.0,2.2062937062937062,37.97,-122.04,0
2.2544,24.0,3.9936974789915967,1.0294117647058822,1334.0,2.802521008403361,32.6,-117.08,0
3.5909,38.0,4.2630662020905925,1.10801393728223,1312.0,2.2857142857142856,34.02,-118.39,1
2.1442,35.0,3.4133858267716537,0.9704724409448819,2053.0,4.041338582677166,34.02,-118.16,0
3.2305,35.0,5.2272727272727275,0.9393939393939394,730.0,2.765151515151515,34.08,-117.34,0
2.5577,24.0,3.690533015115354,1.0930787589498807,3093.0,2.460620525059666,33.83,-118.01,1
3.4861,32.0,5.11139896373057,1.038860103626943,1322.0,3.4248704663212437,34.01,-118.08,0
4.9271,14.0,5.977346278317152,1.051779935275081,1030.0,3.3333333333333335,37.82,-121.23,0
2.3508,37.0,5.094138543516874,1.019538188277087,2055.0,3.650088809946714,34.12,-117.32,0
2.4032,18.0,5.07981220657277,0.9483568075117371,793.0,3.723004694835681,36.21,-119.36,0
0.9166,42.0,5.035714285714286,1.2357142857142858,739.0,5.2785714285714285,33.95,-118.23,0
3.5455,31.0,5.084615384615384,1.0743589743589743,1157.0,2.966666666666667,33.92,-118.09,0
3.6,37.0,4.3497267759562845,0.9562841530054644,740.0,4.043715846994536,33.9,-118.1,0
1.6838,19.0,4.350746268656716,0.8432835820895522,531.0,3.962686567164179,32.7,-115.4,0
2.5969,47.0,4.843866171003717,1.033457249070632,694.0,2.579925650557621,38.1,-122.23,0
2.3155,14.0,4.29014598540146,1.1313868613138687,1215.0,2.2171532846715327,39.76,-121.84,0
4.5938,18.0,6.153664302600473,1.1300236406619386,1158.0,2.7375886524822697,36.33,-119.32,0
3.5349,52.0,4.646118721461187,1.047945205479452,2589.0,5.910958904109589,34.13,-118.2,1
5.1645,11.0,5.358267716535433,1.0905511811023623,1565.0,3.0807086614173227,33.64,-117.67,0
2.875,24.0,5.344827586206897,1.1422413793103448,1035.0,4.461206896551724,36.72,-119.76,0
3.3906,20.0,4.504118616144975,1.0840197693574958,1562.0,2.57331136738056,34.15,-118.24,1
1.6667,50.0,4.711678832116788,1.010948905109489,864.0,3.153284671532847,32.79,-115.57,0
6.4469,29.0,5.536585365853658,1.0975609756097562,112.0,2.731707317073171,36.99,-122.01,1
3.5789,40.0,4.880681818181818,1.1136363636363635,427.0,2.4261363636363638,37.74,-121.43,0
2.1507,21.0,4.800582241630276,1.042212518195051,1862.0,2.710334788937409,35.26,-120.64,1
3.6042,21.0,5.619883040935672,1.0058479532163742,1051.0,3.073099415204678,38.33,-122.31,1
3.5333,36.0,5.185483870967742,0.9758064516129032,788.0,3.1774193548387095,34.21,-118.56,1
3.4375,26.0,3.910909090909091,1.0227272727272727,3320.0,3.018181818181818,37.69,-122.46,1
7.8521,52.0,7.794392523364486,1.0514018691588785,517.0,2.4158878504672896,37.86,-122.24,1
4.7721,52.0,5.772388059701493,1.0932835820895523,706.0,2.6343283582089554,37.8,-122.2,1
4.1146,28.0,4.842271293375394,1.0410094637223974,1937.0,6.110410094637224,37.33,-121.84,0
2.7652,19.0,4.031775700934579,1.0355140186915888,1349.0,2.5214953271028038,32.81,-117.13,0
6.6712,14.0,7.454308093994778,0.9921671018276762,1420.0,3.7075718015665795,37.27,-121.83,1
3.7639,37.0,4.57429718875502,1.0200803212851406,1257.0,2.5240963855421685,33.89,-118.31,1
4.0588,45.0,5.822274881516588,1.0545023696682465,1129.0,2.675355450236967,37.68,-122.13,1
5.0867,24.0,4.703868103994927,1.1128725428027901,2713.0,1.7203551046290424,34.02,-118.52,1
5.1377,45.0,4.738636363636363,1.0113636363636365,187.0,2.125,34.14,-118.4,1
2.1484,19.0,5.235973597359736,1.118811881188119,2204.0,3.636963696369637,33.75,-117.31,0
5.6931,18.0,6.696594427244582,1.0139318885448916,1753.0,2.7136222910216716,37.97,-122.1,1
4.625,36.0,5.479591836734694,0.9591836734693877,496.0,2.5306122448979593,33.84,-118.11,1
3.055,37.0,5.152777777777778,1.0486111111111112,729.0,5.0625,33.92,-118.28,0
3.0273,12.0,4.706422018348624,1.0403669724770641,1785.0,3.2752293577981653,32.58,-117.09,0
3.4583,28.0,4.28125,1.0677083333333333,627.0,3.265625,33.84,-118.21,0
4.3585,34.0,5.768976897689769,0.9372937293729373,783.0,2.5841584158415842,38.27,-122.31,1
2.9228,35.0,3.953083109919571,1.064343163538874,2106.0,2.8230563002680964,34.18,-118.37,0
5.1508,15.0,5.3171728971962615,1.078855140186916,3333.0,1.9468457943925233,33.77,-118.11,1
5.3922,26.0,7.085858585858586,0.946969696969697,1617.0,4.083333333333333,37.64,-122.46,1
5.6392,18.0,5.951644100580271,1.0348162475822051,3010.0,2.9110251450676983,34.26,-118.6,1
3.7222,30.0,5.484154929577465,1.1003521126760563,1444.0,2.5422535211267605,37.69,-122.1,1
2.5417,33.0,4.95575221238938,0.7964601769911505,310.0,2.743362831858407,36.61,-119.26,0
4.375,35.0,5.961672473867596,1.0470383275261324,1690.0,2.9442508710801394,34.23,-118.54,1
4.1779,10.0,5.817850637522769,1.0546448087431695,2088.0,3.80327868852459,34.03,-117.64,0
5.2522,16.0,6.464088397790055,0.9834254143646409,566.0,3.1270718232044197,37.32,-120.43,0
4.4038,33.0,5.975929978118162,1.0415754923413567,3527.0,3.858862144420131,34.0,-117.96,1
3.5388,32.0,5.031390134529148,1.0448430493273542,557.0,2.497757847533632,33.63,-117.91,1
2.5495,27.0,5.445026178010472,1.0785340314136125,1082.0,2.832460732984293,39.19,-121.53,0
4.4958,19.0,5.8997668997669,1.0745920745920745,1206.0,2.8111888111888113,38.92,-121.22,1
3.0241,38.0,4.561538461538461,1.023076923076923,2128.0,3.273846153846154,34.07,-118.19,0
3.2664,29.0,5.057899901864573,1.0637880274779195,2459.0,2.4131501472031402,38.13,-122.23,0
3.6231,15.0,4.366741573033708,1.0728089887640448,4992.0,2.2435955056179777,34.25,-118.59,1
5.2131,48.0,6.658307210031348,1.0,785.0,2.4608150470219434,34.11,-118.12,1
1.8584,44.0,3.437847866419295,1.0315398886827458,2090.0,3.877551020408163,33.74,-118.28,1
3.8125,38.0,5.758720930232558,0.997093023255814,796.0,2.313953488372093,34.15,-117.28,0
2.2679,30.0,4.426086956521739,1.0,275.0,2.391304347826087,37.54,-120.89,1
5.4618,13.0,36.06060606060606,7.106060606060606,309.0,2.340909090909091,34.23,-116.86,0
7.7785,13.0,7.96969696969697,1.025974025974026,833.0,3.606060606060606,34.25,-118.78,1
3.2156,10.0,5.3905013192612135,1.096306068601583,2111.0,2.7849604221635884,39.46,-123.4,0
1.8495,23.0,2.1724941724941726,1.092074592074592,2795.0,3.257575757575758,34.08,-118.29,1
3.15,16.0,29.852941176470587,5.323529411764706,202.0,1.9803921568627452,38.52,-120.0,0
4.8646,36.0,5.488970588235294,1.0477941176470589,766.0,2.8161764705882355,34.22,-118.51,1
4.0231,41.0,4.330561330561331,1.0977130977130978,993.0,2.0644490644490645,34.03,-118.45,1
15.0001,32.0,8.00286944045911,1.0803443328550932,1567.0,2.248206599713056,34.11,-118.4,1
1.2065,39.0,4.585754451733833,1.134020618556701,4749.0,4.450796626054358,36.74,-119.74,0
1.7696,18.0,3.7222222222222223,1.1245210727969348,1329.0,2.545977011494253,32.75,-117.11,0
3.1146,36.0,4.091047040971168,1.0819423368740515,905.0,1.3732928679817906,34.15,-118.39,1
8.3252,41.0,6.984126984126984,1.0238095238095237,322.0,2.5555555555555554,37.88,-122.23,1
3.9844,26.0,4.946043165467626,1.0287769784172662,829.0,2.9820143884892087,33.88,-118.36,1
3.6667,3.0,3.104575163398693,1.0130718954248366,236.0,1.542483660130719,33.98,-118.42,1
2.2364,28.0,2.6420581655480984,1.0615212527964206,2759.0,3.086129753914989,34.07,-118.31,1
3.0469,32.0,5.5625,1.0,1038.0,3.8161764705882355,36.56,-119.73,0
3.1989,52.0,4.295049504950495,1.0336633663366337,1220.0,2.4158415841584158,37.78,-122.47,1
3.6287,4.0,3.9006226053639845,1.09794061302682,7604.0,1.8208812260536398,32.86,-117.22,1
3.7477,8.0,5.227138643067847,1.019174041297935,2118.0,3.1238938053097347,38.69,-121.8,0
1.2455,41.0,4.065217391304348,1.0869565217391304,1805.0,3.567193675889328,33.95,-118.3,0
0.8351,29.0,3.237715803452855,1.151394422310757,2114.0,2.807436918990704,34.03,-118.31,0
2.4263,32.0,3.25207756232687,1.0332409972299168,1758.0,4.869806094182826,33.97,-118.15,0
3.0927,23.0,4.791181364392679,1.0465890183028286,3108.0,2.5856905158069883,32.79,-116.93,0
3.1369,14.0,4.974666666666667,1.0293333333333334,1679.0,2.2386666666666666,38.0,-121.33,0
5.749,36.0,5.822368421052632,0.9736842105263158,938.0,3.085526315789474,34.26,-118.48,1
4.6042,31.0,5.539823008849558,0.995575221238938,714.0,3.15929203539823,33.84,-117.98,1
4.6833,17.0,5.235831809872029,0.8903107861060329,1482.0,2.709323583180987,38.26,-122.61,1
4.6821,8.0,5.393305439330544,0.9832635983263598,867.0,3.6276150627615062,37.82,-121.23,0
3.4583,52.0,5.211904761904762,1.0309523809523808,1147.0,2.730952380952381,37.74,-122.49,1
1.4828,24.0,4.248322147651007,0.9228187919463087,1083.0,3.634228187919463,32.67,-115.49,0
1.9732,47.0,4.961038961038961,1.0746753246753247,864.0,2.8051948051948052,33.98,-118.32,0
1.7348,43.0,3.9802371541501977,1.233201581027668,558.0,2.205533596837945,37.82,-122.27,0
1.0714,36.0,2.7995495495495497,1.0585585585585586,1668.0,3.7567567567567566,34.05,-118.22,0
2.5333,5.0,3.7142857142857144,1.3928571428571428,132.0,2.357142857142857,35.23,-115.75,0
3.4398,35.0,5.505119453924915,1.0170648464163823,911.0,3.1092150170648463,34.08,-117.74,0
3.3611,46.0,5.701421800947867,1.037914691943128,637.0,3.018957345971564,33.99,-118.06,0
3.5491,41.0,4.423076923076923,0.9576923076923077,729.0,2.8038461538461537,37.35,-121.98,1
3.1734,38.0,6.0602409638554215,1.0451807228915662,880.0,2.6506024096385543,37.67,-122.13,1
1.6178,21.0,3.487562189054726,1.2056384742951907,1064.0,1.7645107794361525,33.77,-118.19,0
3.9375,10.0,5.629107981220657,1.0344287949921753,1132.0,1.7715179968701096,38.43,-122.58,1
4.0682,35.0,4.831775700934579,1.0093457943925233,391.0,3.6542056074766354,37.63,-122.08,0
4.6458,17.0,4.901960784313726,1.0196078431372548,141.0,2.764705882352941,37.26,-121.76,1
6.3735,8.0,5.339130434782609,1.0260869565217392,278.0,2.417391304347826,38.09,-122.19,0
5.2017,24.0,6.21978021978022,1.0879120879120878,676.0,2.4761904761904763,33.91,-117.93,1
2.6429,24.0,3.981958762886598,1.0077319587628866,1807.0,4.657216494845361,33.91,-118.21,0
3.6641,17.0,5.577142857142857,1.1542857142857144,511.0,2.92,40.85,-121.07,0
1.6632,27.0,4.864457831325301,1.069277108433735,1380.0,4.156626506024097,35.35,-118.99,0
2.9087,27.0,4.2582236842105265,1.082236842105263,1386.0,2.2796052631578947,37.63,-122.53,1
4.2045,16.0,7.266129032258065,1.1155913978494623,1106.0,2.9731182795698925,36.52,-119.54,0
5.6428,43.0,4.980582524271845,0.9514563106796117,266.0,2.5825242718446604,34.01,-118.46,1
1.8814,43.0,3.8662207357859533,0.9732441471571907,1074.0,3.591973244147157,33.95,-118.27,0
6.0302,52.0,5.8203125,0.9296875,634.0,2.4765625,37.81,-122.24,1
4.6,28.0,5.238888888888889,1.048148148148148,1610.0,2.9814814814814814,37.53,-121.98,1
2.2429,15.0,5.539156626506024,1.4728915662650603,887.0,2.6716867469879517,39.66,-123.58,0
5.6358,29.0,6.2837684449489215,0.978433598183882,2651.0,3.0090805902383657,37.27,-121.92,1
4.1484,19.0,4.655352480417754,1.08355091383812,1025.0,2.6762402088772848,33.74,-117.96,1
2.0332,33.0,2.2481549815498156,1.183579335793358,3906.0,3.603321033210332,34.06,-118.3,1
1.2292,52.0,2.3401360544217686,1.2040816326530612,460.0,3.129251700680272,32.72,-117.15,0
1.901,32.0,3.667779632721202,1.0400667779632722,1784.0,2.978297161936561,32.72,-117.13,0
4.8516,13.0,6.15014164305949,0.9603399433427762,951.0,2.6940509915014164,40.75,-124.17,0
4.088,27.0,6.089156626506024,1.0578313253012048,1089.0,2.6240963855421686,38.5,-121.44,0
1.9063,52.0,1.553030303030303,0.9015151515151515,228.0,1.7272727272727273,37.97,-122.53,1
6.6632,29.0,6.372159090909091,1.0255681818181819,1051.0,2.9857954545454546,33.86,-118.31,1
3.915,28.0,5.652941176470589,1.1235294117647059,1565.0,4.602941176470588,34.08,-117.48,0
5.5968,23.0,5.783870967741936,1.0290322580645161,1145.0,3.693548387096774,37.4,-121.85,1
3.5875,39.0,4.921052631578948,1.093984962406015,1314.0,2.469924812030075,34.11,-118.15,1
5.7143,40.0,6.102409638554217,0.9036144578313253,449.0,2.7048192771084336,34.18,-118.42,1
1.9485,48.0,4.705639614855571,1.0096286107290233,1441.0,1.9821182943603852,38.54,-121.45,0
4.4625,32.0,5.3743409490333915,0.9876977152899824,1475.0,2.5922671353251316,33.67,-117.91,1
4.9485,11.0,5.9948914431673055,1.0523627075351214,2223.0,2.839080459770115,32.95,-117.11,1
4.0819,14.0,39.75590551181102,6.082677165354331,701.0,2.7598425196850394,39.28,-120.18,0
1.375,26.0,3.6758104738154613,1.0399002493765586,1065.0,2.655860349127182,39.13,-123.2,0
4.875,42.0,4.728280961182994,1.0314232902033271,1328.0,2.454713493530499,33.99,-118.43,1
2.7051,26.0,5.602179836512262,1.125340599455041,933.0,2.542234332425068,38.37,-121.92,1
2.5,32.0,4.4869281045751634,1.0196078431372548,872.0,2.849673202614379,40.8,-124.14,0
5.753,5.0,6.386243386243386,1.1146384479717812,1546.0,2.72663139329806,33.52,-117.68,1
4.4259,6.0,4.114130434782608,1.0570652173913044,1531.0,2.0801630434782608,37.56,-122.01,0
2.4688,16.0,4.789968652037618,1.1003134796238245,729.0,2.2852664576802506,39.19,-121.18,0
2.7697,38.0,5.473684210526316,1.0210526315789474,995.0,2.6184210526315788,38.52,-121.44,0
5.0492,35.0,6.6525423728813555,1.0310734463276836,993.0,2.805084745762712,38.61,-121.36,0
3.0469,25.0,6.386666666666667,1.1493333333333333,983.0,2.6213333333333333,40.66,-123.74,0
4.9327,8.0,6.083870967741936,1.2193548387096773,475.0,3.064516129032258,36.83,-119.69,0
1.24,24.0,2.967984934086629,1.0922787193973635,1630.0,3.0696798493408664,34.41,-119.86,1
5.0311,14.0,5.872817955112219,1.0124688279301746,1883.0,4.695760598503741,32.58,-117.04,0
3.0952,23.0,5.801324503311259,1.1015452538631347,1210.0,2.671081677704194,38.65,-121.32,0
2.9877,5.0,4.46780303030303,1.0795454545454546,2564.0,2.428030303030303,34.17,-117.33,0
2.125,37.0,4.596,1.12,1016.0,4.064,33.88,-118.22,0
5.8721,16.0,6.410187667560321,0.9892761394101877,1419.0,3.804289544235925,37.4,-121.86,1
3.2015,42.0,4.949781659388647,1.0436681222707425,1083.0,2.3646288209606987,34.16,-118.35,1
2.712,38.0,4.5895196506550215,1.0873362445414847,799.0,3.489082969432314,34.1,-118.23,0
6.8323,33.0,6.603960396039604,0.9900990099009901,579.0,2.866336633663366,37.75,-122.14,1
5.2557,25.0,5.343373493975903,0.9623493975903614,2653.0,3.9954819277108435,34.02,-118.06,1
3.4539,43.0,4.561068702290076,0.9770992366412213,1251.0,4.7748091603053435,33.92,-118.22,0
4.9079,23.0,5.707509881422925,1.0276679841897234,792.0,3.130434782608696,33.63,-117.69,1
2.2989,26.0,4.48411214953271,1.1682242990654206,2654.0,4.960747663551402,33.7,-116.2,0
2.9357,52.0,4.327669902912621,0.9587378640776699,1659.0,4.026699029126213,37.79,-122.23,0
8.0595,17.0,8.18840579710145,1.0579710144927537,1052.0,3.0492753623188404,37.22,-121.87,1
4.8359,18.0,6.557591623036649,0.9842931937172775,1162.0,3.0418848167539267,34.87,-120.42,1
2.875,42.0,4.284263959390863,1.0609137055837563,2038.0,3.44839255499154,33.95,-118.36,0
4.8036,45.0,5.344748858447488,1.052511415525114,1092.0,2.493150684931507,37.75,-122.49,1
5.3119,6.0,6.971671388101983,1.0339943342776203,3415.0,3.2247403210576016,35.37,-119.2,0
4.0776,13.0,6.1172638436482085,1.0553745928338762,1767.0,2.8778501628664497,33.23,-117.24,1
2.9148,15.0,4.285957446808511,1.1055319148936171,3164.0,2.6927659574468086,34.16,-118.27,1
2.6729,22.0,4.037433155080214,1.1354723707664884,1684.0,3.001782531194296,34.15,-118.27,1
2.2708,18.0,2.5711354309165526,1.1087551299589604,3296.0,2.2544459644322847,34.07,-118.3,0
5.0976,34.0,4.325997248968363,1.0811554332874829,1352.0,1.8596973865199449,33.87,-118.4,1
1.6654,15.0,4.90625,1.115625,1645.0,2.5703125,41.78,-124.19,0
1.9667,2.0,5.715976331360947,1.5976331360946745,233.0,1.378698224852071,34.42,-118.56,1
4.4004,24.0,5.706373292867982,1.0349013657056145,3970.0,3.0121396054628224,37.24,-121.9,1
2.9063,31.0,5.508710801393728,1.0418118466898956,776.0,2.7038327526132404,40.87,-121.67,0
2.1591,52.0,6.122137404580153,1.2213740458015268,564.0,4.305343511450381,34.06,-117.32,0
4.0658,44.0,4.523456790123457,0.9901234567901235,1056.0,2.6074074074074076,33.87,-118.18,0
4.0077,17.0,4.465478841870824,1.086859688195991,3056.0,2.268745360059391,34.22,-118.59,1
15.0001,37.0,8.761061946902656,1.0,697.0,3.084070796460177,34.15,-118.06,1
2.57,52.0,4.202185792349726,1.1256830601092895,612.0,3.3442622950819674,37.77,-122.23,0
1.7656,26.0,4.149367088607595,0.8911392405063291,1222.0,3.0936708860759494,35.23,-118.85,0
4.9783,15.0,7.083601286173633,1.0032154340836013,1051.0,3.379421221864952,37.99,-121.87,0
1.5227,39.0,4.205882352941177,1.0849673202614378,1386.0,4.529411764705882,36.75,-119.77,0
2.8125,33.0,5.099514563106796,1.1359223300970873,1997.0,4.847087378640777,34.06,-117.16,0
6.196,25.0,6.741935483870968,1.0120967741935485,1483.0,2.9899193548387095,34.25,-119.03,1
4.3698,26.0,5.184275184275184,1.0049140049140048,1146.0,2.8157248157248156,33.76,-117.84,1
1.5,45.0,2.7683397683397684,1.2104247104247103,735.0,1.4189189189189189,33.77,-118.18,0
5.2449,22.0,5.9309927360774815,1.0254237288135593,1701.0,2.059322033898305,38.57,-121.37,1
3.4937,44.0,5.522556390977444,1.1729323308270676,507.0,1.906015037593985,33.61,-117.9,1
1.6821,18.0,4.93569844789357,1.0864745011086474,859.0,1.9046563192904655,40.57,-122.35,0
5.7512,26.0,7.241758241758242,0.967032967032967,817.0,2.9926739926739927,37.97,-121.97,1
2.6014,36.0,3.8026315789473686,1.0164473684210527,521.0,1.7138157894736843,34.43,-119.72,1
11.9666,28.0,7.139240506329114,0.9113924050632911,191.0,2.4177215189873418,37.42,-122.21,1
6.0192,33.0,7.046228710462287,1.1070559610705597,1116.0,2.7153284671532845,34.16,-118.63,1
2.8661,36.0,4.645468998410175,1.0365659777424483,2392.0,3.8028616852146264,34.07,-117.77,0
6.1349,33.0,6.893416927899686,0.9780564263322884,827.0,2.592476489028213,37.55,-122.33,1
1.8783,45.0,4.445333333333333,1.064,928.0,2.474666666666667,34.02,-118.33,0
2.9891,26.0,4.651394422310757,1.00398406374502,1121.0,2.233067729083665,33.82,-117.97,1
2.8569,52.0,4.703315881326352,1.1465968586387434,1243.0,2.169284467713787,37.78,-122.44,1
2.1524,36.0,3.653120464441219,1.2220609579100146,2446.0,3.5500725689404935,34.09,-118.31,1
3.375,19.0,3.67984693877551,1.0956632653061225,1520.0,1.9387755102040816,37.31,-122.03,1
8.7059,13.0,7.419354838709677,0.9124423963133641,703.0,3.23963133640553,37.93,-121.91,1
5.3368,28.0,7.241558441558442,0.961038961038961,1140.0,2.961038961038961,34.11,-117.65,1
3.5,14.0,6.191082802547771,1.0509554140127388,822.0,2.6178343949044587,38.0,-120.33,0
3.0893,42.0,4.686609686609686,1.056980056980057,1161.0,3.3076923076923075,33.88,-118.17,0
8.0069,52.0,7.224032586558045,1.030549898167006,1276.0,2.5987780040733197,37.73,-122.46,1
2.8298,37.0,5.3497267759562845,1.0027322404371584,1171.0,3.199453551912568,38.53,-121.42,0
1.4712,12.0,5.251937984496124,1.1143410852713178,1724.0,3.3410852713178296,36.98,-120.06,0
5.7907,20.0,6.408260524225576,0.9666401906274821,3489.0,2.7712470214455918,37.67,-121.77,1
3.1672,8.0,5.524832214765101,1.0281879194630872,1785.0,2.3959731543624163,34.04,-117.61,0
3.5694,31.0,4.305019305019305,1.0347490347490347,1369.0,5.285714285714286,33.73,-117.86,0
4.3782,23.0,5.204761904761905,1.0269841269841269,2582.0,4.098412698412698,37.33,-121.82,0
4.6518,24.0,6.5764272559852675,1.3296500920810312,1409.0,2.5948434622467773,33.46,-117.67,1
3.0417,44.0,4.333333333333333,1.104417670682731,1249.0,5.016064257028113,34.04,-118.18,0
3.4291,6.0,4.8041575492341355,1.0656455142231946,1982.0,2.1684901531728666,38.61,-121.49,0
3.415,52.0,4.627639155470249,1.0095969289827256,2165.0,4.155470249520153,33.74,-117.87,0
5.1129,14.0,5.706484641638225,1.006825938566553,704.0,2.4027303754266214,33.53,-117.72,1
3.2699,34.0,4.828859060402684,1.0973154362416107,708.0,2.3758389261744965,34.69,-118.14,0
8.4375,47.0,8.03448275862069,1.4396551724137931,295.0,2.543103448275862,37.42,-122.19,1
6.015,41.0,6.794964028776978,1.0827338129496402,802.0,2.884892086330935,33.81,-118.38,1
5.422,13.0,6.287610619469026,1.0587863463969658,4071.0,2.5733249051833123,33.69,-117.9,1
2.976,52.0,4.743589743589744,1.0293040293040292,578.0,2.1172161172161172,34.1,-118.36,1
4.4896,35.0,5.540425531914893,1.053191489361702,1465.0,3.117021276595745,33.9,-118.11,1
1.3029,52.0,4.813063063063063,1.009009009009009,1194.0,2.689189189189189,36.74,-119.76,0
2.6424,18.0,5.405479452054794,1.1136986301369862,1899.0,2.6013698630136988,39.37,-123.38,0
2.6673,38.0,4.608365019011407,1.0342205323193916,1129.0,4.2927756653992395,33.99,-118.19,0
5.0,32.0,6.511392405063291,1.0278481012658227,1128.0,2.8556962025316457,37.54,-122.01,1
4.0893,16.0,4.6104651162790695,1.0959302325581395,625.0,1.816860465116279,34.15,-118.34,1
5.2773,21.0,6.303262955854127,0.9347408829174664,1832.0,3.5163147792706333,34.23,-119.03,1
2.9519,43.0,4.189655172413793,0.9885057471264368,935.0,5.373563218390805,34.26,-118.43,0
4.9732,34.0,5.57277628032345,0.9258760107816711,2154.0,2.9029649595687332,37.63,-122.43,1
4.2589,20.0,5.06140350877193,1.0109649122807018,2223.0,4.875,37.29,-121.83,1
3.0391,20.0,5.59877800407332,1.1710794297352343,1195.0,2.433808553971487,36.41,-118.86,0
2.679,41.0,4.66,1.0493333333333332,1849.0,2.465333333333333,37.7,-122.12,0
4.5913,49.0,5.7482993197278915,1.0442176870748299,770.0,2.619047619047619,37.72,-122.47,1
2.1403,30.0,2.8998272884283245,1.1778929188255614,1445.0,2.4956822107081176,34.09,-118.33,1
7.8287,8.0,7.290032154340836,1.0655948553054662,4089.0,2.629581993569132,37.8,-121.94,1
5.0,37.0,4.368876080691643,0.9913544668587896,983.0,2.8328530259365996,34.19,-118.44,1
4.9643,11.0,12.1,2.2,230.0,2.5555555555555554,34.25,-116.88,0
6.9501,5.0,5.880886426592798,0.9542936288088643,1933.0,2.677285318559557,33.66,-117.69,1
2.5809,32.0,5.479704797047971,0.992619926199262,867.0,3.199261992619926,36.7,-119.89,0
2.6016,14.0,4.6989733059548255,1.104722792607803,6068.0,2.4919917864476386,38.68,-121.28,0
7.4001,25.0,5.900166389351082,0.9717138103161398,1530.0,2.545757071547421,34.06,-118.62,1
2.8214,8.0,4.443228454172367,1.158686730506156,2608.0,3.567715458276334,34.27,-118.38,0
3.8929,19.0,4.974293059125964,1.025706940874036,1126.0,2.8946015424164524,34.1,-117.81,0
4.5,36.0,6.332185886402754,1.0550774526678142,1366.0,2.351118760757315,37.66,-121.01,0
8.4889,40.0,6.8785529715762275,0.979328165374677,1151.0,2.9741602067183464,34.14,-118.06,1
2.1782,34.0,4.535037878787879,1.112689393939394,3134.0,2.9678030303030303,33.61,-114.59,0
2.3804,37.0,6.238970588235294,1.2279411764705883,740.0,2.7205882352941178,34.64,-120.46,0
10.5941,18.0,7.537037037037037,0.9481481481481482,1580.0,2.925925925925926,35.34,-119.08,1
0.9,52.0,2.237474262182567,1.0535346602608098,3260.0,2.237474262182567,37.8,-122.41,1
4.1179,4.0,6.42707240293809,1.1154249737670514,3077.0,3.228751311647429,38.26,-121.32,0
6.3088,6.0,7.038608400509122,1.1438268985999152,6223.0,2.6402206194314806,33.48,-117.7,1
3.6369,16.0,5.271186440677966,1.0254237288135593,696.0,2.9491525423728815,38.33,-122.7,0
5.3028,35.0,6.026128266033254,0.9928741092636579,1161.0,2.7577197149643706,34.19,-118.51,1
1.4133,15.0,4.303605313092979,1.0524984187223276,4737.0,2.9962049335863377,37.73,-122.38,1
3.1403,30.0,3.5417558886509637,0.9293361884368309,1843.0,3.9464668094218416,33.74,-117.93,0
3.0817,20.0,5.437037037037037,1.048148148148148,721.0,2.6703703703703705,37.25,-118.45,0
2.7083,16.0,5.1187845303867405,1.0773480662983426,1013.0,2.798342541436464,37.79,-121.27,0
3.7419,52.0,5.121890547263682,1.0348258706467661,999.0,2.485074626865672,37.79,-122.46,1
4.7731,34.0,5.837777777777778,1.04,1409.0,3.131111111111111,33.78,-117.94,1
3.0222,17.0,4.576470588235294,1.2823529411764707,1392.0,2.0470588235294116,37.68,-121.78,0
4.1667,46.0,2.7142857142857144,0.5714285714285714,66.0,4.714285714285714,33.81,-117.99,0
4.0846,36.0,5.602434077079107,0.9574036511156186,1576.0,3.1967545638945234,33.94,-118.09,1
4.4444,16.0,6.2555555555555555,0.9407407407407408,921.0,3.411111111111111,38.35,-122.69,1
1.867,23.0,4.701587301587302,1.0888888888888888,1079.0,3.425396825396825,38.64,-121.45,0
4.1167,18.0,5.466666666666667,1.1333333333333333,391.0,6.516666666666667,33.73,-117.74,0
5.8408,52.0,5.411764705882353,1.0024509803921569,791.0,1.9387254901960784,33.77,-118.14,1
7.8392,36.0,7.762773722627737,1.083941605839416,761.0,2.7773722627737225,34.17,-118.55,1
4.6369,44.0,4.553133514986376,1.0626702997275204,871.0,2.3732970027247955,33.74,-118.09,1
6.0436,46.0,5.131736526946108,1.001996007984032,1225.0,2.4451097804391217,34.02,-118.46,1
3.7102,34.0,5.729508196721311,0.9098360655737705,532.0,2.180327868852459,32.8,-117.21,1
1.2171,52.0,4.5625,1.1217105263157894,1074.0,3.5328947368421053,37.82,-122.28,0
3.9028,52.0,7.4728260869565215,1.75,287.0,1.559782608695652,37.81,-122.45,1
3.7125,31.0,5.336349924585218,0.9924585218702866,1715.0,2.5867269984917045,34.16,-117.26,0
3.1711,39.0,5.683982683982684,1.3246753246753247,575.0,2.4891774891774894,38.01,-122.11,0
2.9936,12.0,5.5,1.0742971887550201,1859.0,3.7329317269076303,36.31,-119.68,0
4.0433,13.0,6.996116504854369,1.112621359223301,1644.0,3.1922330097087377,33.73,-116.93,0
8.3924,37.0,7.2155172413793105,1.0172413793103448,945.0,2.7155172413793105,37.37,-122.1,1
3.8958,20.0,5.940625,0.978125,1258.0,3.93125,37.51,-120.84,0
2.7679,33.0,4.827433628318584,1.0309734513274336,890.0,3.938053097345133,34.01,-118.08,0
3.0682,14.0,5.4930693069306935,1.120792079207921,1530.0,3.0297029702970297,33.73,-116.24,0
3.0409,52.0,3.7452991452991453,1.0717948717948718,1100.0,1.8803418803418803,37.77,-122.45,1
3.1538,43.0,3.506726457399103,0.9282511210762332,827.0,3.708520179372197,34.01,-118.13,0
4.5461,42.0,5.629032258064516,1.0725806451612903,1713.0,2.7629032258064514,34.16,-118.08,1
6.1278,29.0,6.894736842105263,0.9868421052631579,455.0,2.9934210526315788,37.71,-122.48,1
5.4834,22.0,6.622324159021407,0.9740061162079511,1952.0,2.984709480122324,32.81,-116.91,1
3.1384,46.0,5.627249357326479,1.0874035989717223,866.0,2.2262210796915167,33.95,-117.4,0
4.2685,38.0,5.835051546391752,1.1855670103092784,1124.0,2.8969072164948453,34.26,-118.31,1
2.3506,50.0,4.878411910669975,1.0248138957816377,985.0,2.444168734491315,34.95,-120.43,0
3.5781,49.0,4.419437340153452,0.8951406649616368,1146.0,2.9309462915601023,37.35,-121.88,1
5.3016,33.0,6.123393316195373,1.038560411311054,1339.0,3.442159383033419,33.94,-118.02,1
5.0275,36.0,5.469387755102041,0.9846938775510204,639.0,3.260204081632653,33.83,-117.92,0
3.0943,17.0,3.9572133845309927,1.0938014262205156,4100.0,2.249040043883708,34.18,-118.54,0
1.2188,40.0,3.882911392405063,1.0443037974683544,1199.0,3.7943037974683542,32.7,-117.14,0
3.8611,18.0,5.974763406940063,1.0063091482649842,846.0,2.668769716088328,35.4,-119.05,0
4.7411,35.0,4.759643916913946,0.9910979228486647,904.0,2.6824925816023737,34.36,-119.7,1
1.8158,33.0,5.690721649484536,1.2371134020618557,347.0,3.577319587628866,34.75,-117.14,0
3.3882,17.0,6.155778894472362,1.1256281407035176,1693.0,2.835845896147404,33.22,-117.22,1
5.0362,29.0,6.110112359550562,0.9786516853932584,2310.0,2.595505617977528,37.91,-122.03,1
4.9688,36.0,5.456852791878172,1.0,509.0,2.583756345177665,33.92,-118.37,1
2.5441,41.0,5.333333333333333,1.178030303030303,793.0,3.003787878787879,34.37,-119.29,0
4.4083,17.0,6.551181102362205,0.9960629921259843,736.0,2.8976377952755907,37.51,-120.82,0
3.0625,17.0,4.680555555555555,0.9940476190476191,884.0,1.753968253968254,37.69,-122.45,0
3.5938,44.0,5.047970479704797,1.022140221402214,899.0,3.3173431734317345,33.92,-118.16,0
2.5392,17.0,3.7939481268011526,1.0259365994236311,1487.0,2.142651296829971,32.65,-117.08,0
2.1602,13.0,3.2527985074626864,1.055037313432836,3749.0,3.4972014925373136,34.14,-118.25,1
3.9241,16.0,5.298245614035087,0.9373433583959899,1463.0,3.6666666666666665,34.11,-117.54,0
2.7473,32.0,4.739413680781759,1.0439739413680782,2011.0,3.275244299674267,34.11,-117.25,0
5.6754,12.0,5.380697050938338,1.064343163538874,1033.0,2.7694369973190347,33.48,-117.64,1
7.4353,7.0,7.762408462164362,1.0528885272579334,3926.0,3.1944670463791702,37.67,-121.9,1
4.3864,15.0,5.691449814126394,1.0855018587360594,1624.0,3.0185873605947955,37.67,-120.95,0
2.9958,37.0,3.857657657657658,0.963963963963964,1093.0,1.9693693693693695,37.69,-122.14,0
3.7614,52.0,5.440217391304348,1.0380434782608696,425.0,2.3097826086956523,36.62,-121.92,1
1.9286,38.0,2.7142857142857144,0.9285714285714286,445.0,3.1785714285714284,34.08,-118.29,0
5.0731,9.0,5.071698113207547,1.0528301886792453,530.0,2.0,33.88,-117.97,1
5.9191,36.0,6.812807881773399,1.019704433497537,531.0,2.6157635467980294,38.01,-121.33,0
4.0,49.0,6.866295264623956,1.0362116991643453,1018.0,2.8356545961002784,34.0,-118.34,1
1.3125,10.0,4.438356164383562,0.9680365296803652,773.0,3.529680365296804,33.94,-117.28,0
2.4122,12.0,4.637051039697543,1.1323251417769375,1251.0,2.3648393194706996,33.12,-117.07,0
2.875,16.0,4.808344198174707,1.0651890482398958,1969.0,2.5671447196870925,32.82,-116.77,1
1.7829,45.0,4.7,1.0478260869565217,821.0,3.5695652173913044,36.73,-119.77,0
3.9423,39.0,5.5096525096525095,1.1833976833976834,1338.0,2.583011583011583,37.15,-122.13,1
2.3725,30.0,4.803059273422562,1.1414913957934991,1390.0,2.6577437858508604,34.12,-117.22,0
1.832,39.0,5.115151515151515,0.9757575757575757,535.0,3.242424242424242,39.45,-121.94,0
3.7912,6.0,4.4686315789473685,1.0463157894736843,7249.0,3.0522105263157893,36.69,-121.66,0
5.5,26.0,5.735384615384615,1.0184615384615385,956.0,2.9415384615384617,37.26,-121.89,1
2.75,27.0,3.296979865771812,1.058724832214765,1042.0,1.7483221476510067,34.03,-118.46,1
3.0132,44.0,4.90566037735849,1.0943396226415094,392.0,3.69811320754717,33.93,-118.36,1
4.5278,26.0,7.636363636363637,1.069377990430622,1132.0,2.708133971291866,38.65,-121.3,0
3.5562,16.0,3.411602209944751,1.1464088397790055,1170.0,1.6160220994475138,32.78,-117.11,0
2.1746,20.0,4.711111111111111,1.0464646464646465,1856.0,3.7494949494949497,39.74,-122.01,0
1.2746,36.0,3.910138248847926,1.2672811059907834,1379.0,3.1774193548387095,33.78,-118.18,0
3.162,26.0,3.576452599388379,1.0764525993883791,1283.0,1.9617737003058104,37.56,-122.32,1
5.8325,26.0,5.350140056022409,1.0392156862745099,852.0,2.3865546218487395,37.54,-122.0,1
4.125,52.0,5.792857142857143,1.0809523809523809,1070.0,2.5476190476190474,37.77,-122.5,1
5.1985,30.0,6.334128878281623,1.0190930787589498,2114.0,2.522673031026253,34.0,-118.04,1
3.4375,30.0,4.290322580645161,0.96415770609319,695.0,2.4910394265232974,37.69,-122.12,0
2.1964,30.0,2.3439153439153437,0.8994708994708994,903.0,4.777777777777778,33.93,-118.22,0
3.1853,16.0,4.636363636363637,1.0397387044093631,4508.0,2.4540010887316277,38.27,-122.04,0
2.625,47.0,3.6556016597510372,1.0290456431535269,753.0,3.12448132780083,37.78,-122.21,0
2.6458,10.0,4.360526315789474,0.9447368421052632,958.0,2.5210526315789474,36.71,-119.57,0
3.5562,32.0,5.052777777777778,1.0722222222222222,1679.0,4.663888888888889,33.89,-118.07,0
6.0424,4.0,5.431554524361949,0.9466357308584686,1235.0,2.8654292343387473,38.03,-122.0,0
1.767,15.0,4.436893203883495,0.9902912621359223,1266.0,4.097087378640777,36.59,-119.43,0
4.1875,45.0,4.6414342629482075,0.9402390438247012,845.0,3.366533864541833,37.57,-122.31,1
3.4028,27.0,3.7062068965517243,1.0593103448275862,1362.0,1.8786206896551725,37.37,-122.05,1
2.569,10.0,4.7011795543905635,1.0144167758846658,1398.0,1.8322411533420708,35.4,-118.91,0
2.871,31.0,3.552677029360967,1.0379965457685665,2397.0,4.139896373056994,34.22,-118.46,1
5.6936,5.0,4.586206896551724,1.0987884436160298,1810.0,1.6868592730661696,37.56,-122.27,1
4.1865,25.0,6.03139534883721,1.086046511627907,2725.0,3.1686046511627906,33.93,-117.55,0
3.117,37.0,4.87603305785124,1.0578512396694215,614.0,2.5371900826446283,33.96,-118.03,0
1.7756,19.0,5.009708737864078,1.0323624595469256,1227.0,3.970873786407767,37.28,-120.47,0
3.6898,15.0,5.98292220113852,1.191650853889943,1633.0,3.098671726755218,32.86,-116.91,0
5.1519,15.0,5.067019400352733,0.9647266313932981,1582.0,2.7901234567901234,37.01,-121.58,1
2.4741,8.0,3.447460595446585,1.2294220665499125,2691.0,2.3563922942206657,33.91,-118.34,1
1.4792,22.0,4.1531165311653115,0.983739837398374,2165.0,2.9336043360433606,36.21,-119.34,0
0.7025,19.0,2.425196850393701,1.125984251968504,1799.0,2.8330708661417323,35.3,-120.67,1
3.7039,39.0,4.9070967741935485,1.04,1567.0,2.0219354838709678,32.74,-117.17,1
6.0791,23.0,6.119909502262443,1.0158371040723981,1180.0,2.669683257918552,37.25,-121.89,1
1.0208,25.0,3.5,0.9230769230769231,71.0,1.3653846153846154,38.38,-121.94,0
1.6321,20.0,3.376689189189189,1.099662162162162,1302.0,2.199324324324324,32.64,-117.09,0
5.7912,52.0,7.291666666666667,1.005952380952381,412.0,2.4523809523809526,37.89,-122.28,1
2.4375,49.0,4.024390243902439,0.9420731707317073,1405.0,4.283536585365853,34.08,-118.2,0
7.309,8.0,7.745454545454545,1.1090909090909091,241.0,4.381818181818182,37.44,-121.85,1
3.33,15.0,4.90979381443299,1.0721649484536082,1258.0,3.2422680412371134,33.23,-117.33,0
2.0375,26.0,7.12,1.6,55.0,2.2,41.21,-122.34,0
4.5208,33.0,5.510548523206751,1.0928270042194093,762.0,3.2151898734177213,37.26,-121.92,1
3.4792,34.0,4.624338624338624,1.0211640211640212,917.0,2.425925925925926,33.94,-118.03,0
6.1966,16.0,6.356495468277946,0.9516616314199395,2592.0,3.915407854984894,33.71,-117.9,1
6.3967,36.0,6.666666666666667,1.0481927710843373,655.0,2.6305220883534135,37.39,-122.11,1
3.875,18.0,5.3578947368421055,1.0894736842105264,1292.0,3.4,33.85,-117.89,1
3.55,20.0,6.138823529411765,1.128235294117647,2302.0,2.708235294117647,34.12,-118.05,1
3.67,14.0,5.93950177935943,1.0818505338078293,1373.0,2.4430604982206408,39.27,-120.83,0
2.5,18.0,4.136363636363637,1.0,996.0,5.03030303030303,36.72,-120.67,0
3.5242,18.0,5.2898550724637685,1.0072463768115942,1068.0,1.934782608695652,35.11,-120.57,0
2.3387,25.0,4.603975535168196,1.091743119266055,893.0,1.3654434250764527,33.6,-117.71,0
2.7983,16.0,5.77725674091442,1.1254396248534584,2132.0,2.499413833528722,33.72,-117.07,0
2.3462,16.0,4.676724137931035,0.9353448275862069,356.0,1.5344827586206897,38.0,-122.05,0
1.5208,19.0,4.517799352750809,1.087378640776699,940.0,3.042071197411003,39.15,-121.6,0
4.5909,16.0,5.475877192982456,1.0964912280701755,1357.0,2.9758771929824563,33.63,-117.71,1
2.2794,42.0,5.0,0.9700374531835206,1548.0,2.898876404494382,38.67,-121.77,0
3.5167,46.0,5.850340136054422,0.8843537414965986,496.0,3.3741496598639458,37.4,-120.69,0
4.3696,7.0,6.5279307631786,1.1274586939417781,4189.0,3.2958300550747444,37.71,-121.42,0
3.5711,32.0,4.707964601769912,1.13653603034134,1912.0,2.4171934260429837,34.18,-118.4,1
13.499,42.0,8.928358208955224,1.0,1018.0,3.038805970149254,37.82,-122.22,1
2.5284,44.0,3.896039603960396,0.9653465346534653,1323.0,3.2747524752475248,34.05,-118.33,1
8.9955,39.0,6.976228209191759,0.9793977812995246,1616.0,2.561014263074485,37.44,-122.19,1
2.75,27.0,4.018672199170124,1.1141078838174274,1211.0,2.512448132780083,32.8,-117.15,0
3.7261,7.0,5.717532467532467,1.0032467532467533,974.0,3.1623376623376624,36.7,-119.57,0
3.5761,43.0,5.4880239520958085,1.062874251497006,786.0,2.3532934131736525,34.1,-118.06,1
2.9663,39.0,4.813708260105448,1.0070298769771528,1223.0,2.149384885764499,38.45,-122.71,1
8.5403,23.0,7.851528384279476,0.9847161572052402,1292.0,2.8209606986899565,33.77,-117.79,1
2.3958,33.0,4.941309255079007,1.1218961625282167,1459.0,3.293453724604966,34.6,-118.12,0
5.3224,17.0,6.103633916554509,1.0255720053835802,1562.0,2.1022880215343203,38.0,-121.36,1
4.5337,31.0,5.524390243902439,1.0528455284552845,2544.0,3.4471544715447155,37.68,-122.47,1
3.9537,17.0,6.013461538461539,1.0365384615384616,1390.0,2.673076923076923,39.25,-121.06,0
1.7214,11.0,19.96212121212121,5.053030303030303,280.0,2.121212121212121,40.65,-120.77,0
2.1406,41.0,3.67027027027027,0.9945945945945946,788.0,4.2594594594594595,33.95,-118.2,0
6.0194,44.0,5.735343383584589,1.0,1358.0,2.274706867671692,37.84,-122.21,1
6.0829,17.0,6.506079027355623,1.0265957446808511,3822.0,2.904255319148936,33.88,-117.79,1
2.2148,38.0,3.5160965794768613,1.1066398390342052,1939.0,1.9507042253521127,34.11,-118.33,1
2.5562,22.0,9.39864864864865,1.7184684684684686,1086.0,2.445945945945946,38.04,-120.25,0
2.625,32.0,5.320284697508897,1.1850533807829182,905.0,3.2206405693950177,38.25,-121.76,1
3.2599,47.0,4.750825082508251,1.0412541254125414,2229.0,3.6782178217821784,37.35,-121.89,1
3.0453,25.0,4.141382868937049,1.1320949432404541,2297.0,2.370485036119711,33.79,-118.15,1
2.585,19.0,3.7225563909774437,1.0578947368421052,7307.0,2.7469924812030073,34.23,-118.46,0
8.7991,10.0,9.287153652392947,1.4571788413098237,1900.0,2.392947103274559,32.63,-117.13,1
3.3942,4.0,5.412186379928316,1.2783751493428912,1804.0,2.15531660692951,36.81,-119.86,0
3.055,33.0,3.775413711583924,0.9598108747044918,1888.0,4.463356973995272,33.87,-117.92,0
3.4773,29.0,5.473815461346633,1.032418952618454,1360.0,3.3915211970074814,34.21,-118.85,1
3.7895,52.0,5.95,1.0727272727272728,943.0,2.143181818181818,33.82,-118.18,1
1.8007,37.0,4.93705035971223,1.0575539568345325,1607.0,2.8902877697841727,38.53,-121.46,0
6.3017,16.0,5.704491725768322,1.3215130023640662,656.0,1.5508274231678487,33.61,-117.89,1
2.8042,19.0,3.9358490566037734,1.0849056603773586,1701.0,3.209433962264151,34.41,-119.7,1
4.4464,29.0,5.9535655058043115,1.2802653399668324,1070.0,1.7744610281923714,33.51,-117.77,1
3.5625,31.0,4.386904761904762,0.8690476190476191,1436.0,8.547619047619047,34.25,-119.12,1
1.7841,34.0,5.171348314606742,0.9943820224719101,1019.0,2.8623595505617976,37.03,-120.61,0
4.665,14.0,7.4921875,1.109375,2047.0,3.1984375,36.92,-119.81,0
1.5156,52.0,2.75,1.0810810810810811,227.0,1.5337837837837838,34.15,-118.14,1
2.4375,15.0,4.851926977687627,1.0537525354969575,1810.0,1.8356997971602433,33.22,-117.32,0
6.6049,16.0,8.853061224489796,1.0693877551020408,877.0,3.5795918367346937,37.93,-121.93,1
4.1449,37.0,5.769230769230769,1.0532544378698225,1183.0,3.5,33.93,-118.09,0
8.0448,35.0,7.672176308539945,0.9972451790633609,1001.0,2.757575757575758,37.88,-122.12,1
3.3636,43.0,4.397394136807818,0.9348534201954397,811.0,2.6416938110749184,34.03,-118.37,0
3.2813,36.0,3.943127962085308,1.0,545.0,2.5829383886255926,37.35,-121.95,1
5.0049,25.0,4.319261213720317,1.0395778364116095,649.0,1.712401055408971,37.79,-122.43,1
3.6849,33.0,5.529610829103215,1.0846023688663282,1704.0,2.883248730964467,33.79,-117.97,1
4.4063,9.0,4.564426877470356,1.0434782608695652,3086.0,2.439525691699605,33.63,-117.67,1
4.0938,35.0,5.293532338308458,1.0099502487562189,608.0,3.0248756218905473,34.04,-118.12,1
6.9935,22.0,6.9826451226810295,1.0353081986834232,4054.0,2.4260921603830043,34.14,-118.82,1
2.5955,35.0,4.150442477876106,1.0743362831858407,2042.0,3.6141592920353984,34.04,-118.34,0
3.1625,24.0,6.572972972972973,1.5621621621621622,421.0,2.2756756756756755,38.94,-119.99,0
2.8424,30.0,3.9277504105090313,1.0755336617405582,1987.0,3.2627257799671594,34.2,-118.4,1
2.0437,31.0,4.047817047817047,1.0571725571725572,3590.0,3.731808731808732,33.93,-118.29,0
2.5795,42.0,3.933333333333333,1.1333333333333333,54.0,1.8,38.03,-122.14,1
2.6934,17.0,3.6148491879350346,1.111368909512761,803.0,1.863109048723898,32.8,-117.01,0
8.944,30.0,7.170454545454546,1.0875,1776.0,2.018181818181818,34.1,-118.39,1
8.8386,35.0,6.680965147453083,1.096514745308311,812.0,2.1769436997319036,37.88,-122.46,1
3.1087,39.0,3.7934426229508196,0.8950819672131147,877.0,2.875409836065574,33.91,-118.17,0
2.0467,35.0,2.4100877192982457,1.094298245614035,3441.0,3.773026315789474,34.09,-118.29,0
5.0091,33.0,5.883771929824562,0.956140350877193,1520.0,3.3333333333333335,33.77,-118.02,1
6.2957,25.0,6.627831715210356,1.0080906148867315,2128.0,3.44336569579288,37.25,-121.81,1
2.9118,38.0,4.376358695652174,1.0638586956521738,2792.0,3.7934782608695654,34.18,-119.17,0
5.8002,19.0,6.610859728506787,0.9434389140271493,1221.0,2.762443438914027,38.32,-122.32,1
7.5552,39.0,5.811965811965812,0.9572649572649573,926.0,2.6381766381766383,33.9,-118.41,1
2.9422,38.0,4.582048957388939,1.0589301903898458,2366.0,2.1450589301903897,32.74,-117.17,1
6.6264,25.0,7.226993865030675,1.0122699386503067,937.0,2.874233128834356,33.78,-118.05,1
3.6125,36.0,4.969957081545064,0.9356223175965666,619.0,2.6566523605150216,32.73,-117.08,0
1.7159,25.0,4.56283185840708,1.1221238938053097,2082.0,3.6849557522123892,32.99,-115.53,0
2.2794,52.0,4.023076923076923,0.9538461538461539,317.0,2.4384615384615387,34.03,-118.46,1
4.0938,37.0,5.979591836734694,1.0463821892393321,1325.0,2.458256029684601,38.13,-122.24,0
2.5374,11.0,5.828267477203648,1.1048632218844985,1456.0,2.2127659574468086,39.79,-121.62,0
5.1437,4.0,4.96480743691899,1.046480743691899,2937.0,1.950199203187251,37.72,-121.92,1
2.4937,31.0,5.278026905829597,0.9910313901345291,744.0,3.336322869955157,36.65,-120.25,0
2.5556,42.0,5.3004587155963305,1.0068807339449541,1347.0,3.0894495412844036,36.57,-119.6,0
2.5882,33.0,4.376146788990826,1.1055045871559632,655.0,3.0045871559633026,33.91,-118.26,0
3.0687,37.0,3.1531531531531534,1.0360360360360361,342.0,3.081081081081081,34.17,-118.3,1
7.5845,25.0,7.1193415637860085,0.9300411522633745,721.0,2.9670781893004117,37.27,-121.87,1
5.1677,18.0,4.1448109412711185,1.0981496379726468,2286.0,1.839098954143202,33.86,-118.4,1
2.2604,17.0,6.016,1.432,661.0,2.644,38.35,-120.57,0
3.8952,17.0,6.2388059701492535,1.0634328358208955,1624.0,3.029850746268657,36.96,-120.11,0
2.4196,52.0,3.936619718309859,0.9823943661971831,514.0,1.8098591549295775,37.78,-122.44,1
7.9611,31.0,6.147058823529412,1.0336134453781514,1149.0,2.4138655462184873,33.89,-118.4,1
2.125,39.0,4.096153846153846,0.8461538461538461,138.0,2.6538461538461537,34.03,-118.37,1
3.7433,25.0,5.025122121423587,1.0614096301465457,3264.0,2.277739009071877,37.93,-122.07,1
6.131,32.0,5.878048780487805,1.008130081300813,1193.0,2.4247967479674797,37.25,-121.97,1
2.4814,20.0,5.389972144846797,1.011142061281337,1319.0,3.6740947075208914,36.58,-119.9,0
4.023,35.0,5.217798594847775,1.0843091334894615,1558.0,3.648711943793911,33.91,-118.07,0
2.4757,26.0,5.9,1.1178571428571429,762.0,2.7214285714285715,40.38,-120.42,0
3.4167,36.0,5.220238095238095,1.0416666666666667,349.0,2.0773809523809526,36.63,-121.92,1
5.3377,40.0,5.768656716417911,1.0242537313432836,1457.0,2.718283582089552,34.14,-118.09,1
4.5189,45.0,5.637010676156583,1.0640569395017794,1341.0,2.386120996441281,32.69,-117.17,1
9.1531,25.0,5.811764705882353,0.9529411764705882,254.0,2.988235294117647,37.74,-121.77,1
3.4835,17.0,3.825242718446602,1.1530993278566095,2966.0,2.2150858849887975,33.7,-117.88,0
4.8854,30.0,5.280632411067193,0.9446640316205533,905.0,3.5770750988142295,34.04,-117.93,0
2.4286,34.0,3.7728494623655915,1.032258064516129,2217.0,2.9798387096774195,33.82,-118.2,1
3.9688,35.0,4.981981981981982,1.0337837837837838,2101.0,2.365990990990991,34.01,-118.39,1
3.6389,42.0,3.994296577946768,0.9961977186311787,1212.0,2.3041825095057034,37.34,-121.92,1
1.4833,23.0,4.799307958477509,1.1245674740484428,640.0,2.2145328719723185,39.53,-121.65,0
3.4583,34.0,5.50187265917603,1.0,1031.0,3.8614232209737827,32.69,-117.09,0
7.1221,34.0,6.930417495029821,1.0079522862823063,1311.0,2.606361829025845,33.8,-118.07,1
3.1875,11.0,5.286178861788618,1.0130081300813008,1700.0,2.7642276422764227,38.67,-121.8,0
5.2043,15.0,5.551194539249146,0.9778156996587031,1408.0,2.4027303754266214,35.64,-117.68,0
2.2625,48.0,4.427038626609442,1.03862660944206,1054.0,2.2618025751072963,37.85,-122.28,0
4.7386,21.0,5.7405405405405405,0.9675675675675676,631.0,3.4108108108108106,37.16,-121.72,1
2.0742,31.0,4.212014134275618,1.0848056537102473,1013.0,3.579505300353357,34.0,-117.4,0
3.1897,36.0,4.380753138075314,0.9497907949790795,975.0,4.079497907949791,33.9,-118.05,0
5.2586,17.0,6.945035460992908,1.1312056737588652,1809.0,3.2074468085106385,38.69,-121.26,0
4.516,32.0,4.120396600566572,1.0594900849858357,1310.0,1.8555240793201133,34.04,-118.47,1
2.3319,13.0,5.456121343445287,1.1202600216684724,2243.0,2.43011917659805,38.7,-120.79,0
4.9135,52.0,6.67654986522911,1.0377358490566038,993.0,2.6765498652291106,34.16,-118.25,1
2.5403,52.0,3.6639427987742597,1.052093973442288,2259.0,2.307456588355465,37.76,-122.42,1
5.253,35.0,6.208092485549133,1.0404624277456647,442.0,2.554913294797688,32.82,-117.19,1
1.631,34.0,4.516312056737589,1.0950354609929078,2474.0,3.5092198581560283,34.02,-118.3,0
4.25,43.0,6.0814814814814815,1.1037037037037036,370.0,2.740740740740741,37.37,-121.83,1
6.323,19.0,6.813953488372093,0.9953488372093023,1481.0,3.444186046511628,33.51,-117.68,1
2.6983,49.0,4.586894586894587,1.0541310541310542,961.0,2.737891737891738,34.42,-119.72,1
3.1691,45.0,4.96068796068796,0.9680589680589681,1104.0,2.7125307125307123,38.9,-121.29,0
7.6107,14.0,6.775132275132275,1.0687830687830688,1172.0,3.1005291005291005,37.26,-122.01,1
4.8068,44.0,4.554817275747508,0.8737541528239202,589.0,1.956810631229236,37.47,-122.19,1
6.6361,17.0,7.557562076749436,1.0857787810383748,1222.0,2.7584650112866815,32.82,-116.75,1
1.8594,12.0,3.755403868031854,1.0955631399317407,2000.0,2.2753128555176336,32.74,-117.02,0
2.5363,30.0,4.505235602094241,1.044502617801047,1878.0,4.9162303664921465,37.62,-121.02,0
5.6254,35.0,5.639810426540285,0.957345971563981,1212.0,2.8720379146919433,33.87,-118.32,1
2.025,46.0,4.565126050420168,1.0714285714285714,1343.0,2.8214285714285716,34.03,-118.31,0
5.5677,16.0,6.2719665271966525,0.9707112970711297,918.0,3.8410041841004183,34.03,-117.6,0
2.225,21.0,4.68561872909699,1.1070234113712374,651.0,2.177257525083612,40.17,-122.23,0
1.5844,31.0,3.6061269146608317,1.0590809628008753,898.0,1.9649890590809629,33.78,-118.19,0
6.7694,29.0,6.654605263157895,1.0855263157894737,747.0,2.4572368421052633,34.15,-118.59,1
4.5938,39.0,6.205882352941177,0.9411764705882353,635.0,2.3345588235294117,32.73,-117.25,1
5.0877,17.0,6.91869918699187,0.959349593495935,370.0,3.008130081300813,38.33,-122.32,1
8.3818,13.0,7.533066132264529,0.9799599198396793,1496.0,2.997995991983968,33.83,-117.83,1
2.7045,36.0,4.949367088607595,0.9367088607594937,171.0,2.1645569620253164,38.01,-121.32,0
10.1454,26.0,8.171220400728597,1.0091074681238617,1598.0,2.9107468123861566,33.63,-117.9,1
5.5184,35.0,5.624624624624625,1.054054054054054,945.0,2.8378378378378377,37.56,-122.3,1
5.3994,23.0,5.019157088122605,1.0229885057471264,910.0,3.4865900383141764,37.44,-121.88,1
2.0446,9.0,4.035335689045937,1.1095406360424027,620.0,2.1908127208480566,36.77,-119.85,0
3.6227,33.0,5.633136094674557,1.014792899408284,1366.0,4.041420118343195,34.1,-117.36,0
3.7222,49.0,5.846689895470384,0.9651567944250871,737.0,2.56794425087108,34.19,-118.14,1
2.1957,33.0,3.254368932038835,1.0194174757281553,2564.0,4.978640776699029,34.02,-118.25,0
3.8156,13.0,6.522340425531915,1.1063829787234043,4049.0,4.3074468085106385,33.28,-117.28,0
3.5,7.0,3.8897196261682243,1.2280373831775702,1456.0,2.721495327102804,34.21,-118.46,1
1.939,21.0,4.735632183908046,0.9118773946360154,601.0,2.3026819923371646,39.06,-122.91,0
2.7303,22.0,6.388513513513513,1.1486486486486487,1023.0,3.456081081081081,39.01,-121.56,0
1.7019,26.0,4.326315789473684,1.2,448.0,4.71578947368421,33.75,-117.87,1
3.4306,18.0,4.826996197718631,1.1711026615969582,964.0,1.832699619771863,32.79,-117.24,1
2.8971,50.0,5.507462686567164,1.0417910447761194,1109.0,3.31044776119403,34.03,-118.32,0
2.9973,19.0,4.914330218068536,0.8909657320872274,2482.0,3.866043613707165,34.07,-117.46,0
1.55,36.0,2.701046337817638,0.9417040358744395,2118.0,3.1659192825112106,34.04,-118.18,0
3.6625,33.0,5.224719101123595,1.0157303370786517,1170.0,2.6292134831460676,34.08,-117.91,1
3.2462,33.0,3.9744582043343653,1.1222910216718267,2404.0,1.8606811145510835,34.11,-118.32,1
3.9934,41.0,5.004830917874396,1.1859903381642511,742.0,1.7922705314009661,33.75,-118.12,1
3.6474,26.0,3.923076923076923,0.998211091234347,1186.0,2.1216457960644006,34.15,-118.11,1
3.1729,45.0,5.2196428571428575,1.0785714285714285,1903.0,3.398214285714286,34.14,-118.08,1
8.4411,2.0,10.296296296296296,1.1666666666666667,179.0,3.314814814814815,33.97,-117.78,1
5.2336,34.0,6.382758620689655,1.0034482758620689,784.0,2.703448275862069,33.88,-117.91,1
4.0,52.0,5.269035532994923,1.077834179357022,1144.0,1.9357021996615906,37.75,-122.44,1
2.8608,30.0,3.641340782122905,1.0525139664804468,2744.0,3.065921787709497,33.91,-118.08,0
3.05,20.0,4.216216216216216,1.054054054054054,171.0,4.621621621621622,36.02,-119.8,1
5.2134,13.0,7.564102564102564,1.0897435897435896,1055.0,3.3814102564102564,36.36,-119.64,0
3.6731,16.0,3.9663526244952894,1.0794078061911172,1385.0,1.864064602960969,37.93,-122.48,1
1.8185,23.0,4.026785714285714,1.0267857142857142,1322.0,3.9345238095238093,34.97,-120.54,0
2.5172,31.0,4.895774647887324,1.1887323943661972,746.0,2.101408450704225,36.97,-121.94,1
8.5621,23.0,7.329861111111111,1.0625,979.0,3.3993055555555554,33.89,-117.99,1
2.0288,18.0,4.3487544483985765,0.8896797153024911,708.0,2.5195729537366547,39.71,-121.81,0
3.5878,43.0,4.634228187919463,0.9328859060402684,1494.0,5.0134228187919465,33.91,-118.2,0
1.6554,44.0,4.260504201680672,0.9453781512605042,704.0,2.957983193277311,37.93,-121.68,0
6.3716,30.0,5.510416666666667,0.9625,1506.0,3.1375,37.33,-121.98,1
7.5,21.0,7.816867469879518,1.0265060240963855,1158.0,2.7903614457831325,37.36,-122.07,1
6.8686,35.0,6.666666666666667,1.053030303030303,352.0,2.6666666666666665,37.89,-122.09,1
3.6581,51.0,4.990723562152134,1.0278293135435992,1795.0,3.3302411873840447,37.72,-122.45,1
15.0001,34.0,8.114173228346457,1.0236220472440944,825.0,3.248031496062992,34.19,-118.19,1
1.0568,16.0,7.8427672955974845,1.9811320754716981,433.0,2.7232704402515724,34.52,-116.73,0
5.2329,33.0,6.6682134570765665,1.062645011600928,1239.0,2.874709976798144,34.13,-118.02,1
5.8221,36.0,5.7913669064748206,1.0071942446043165,445.0,3.2014388489208634,37.56,-122.29,1
5.0941,3.0,6.998985801217039,1.1379310344827587,5226.0,2.650101419878296,36.87,-119.75,0
3.4531,44.0,5.778801843317972,1.1612903225806452,498.0,2.294930875576037,37.98,-122.03,0
5.7763,14.0,6.847746650426309,1.048721071863581,3108.0,3.7856272838002436,33.99,-117.72,1
3.3616,35.0,5.8893280632411065,1.0,705.0,2.7865612648221343,34.15,-117.27,0
6.6012,6.0,7.465098039215686,1.112156862745098,4413.0,3.461176470588235,32.99,-117.04,1
2.4482,11.0,4.150918635170604,1.041994750656168,2106.0,2.763779527559055,38.11,-121.27,0
4.2356,21.0,4.75,1.015625,1251.0,2.171875,33.02,-117.28,1
3.2689,31.0,4.409298780487805,1.0510670731707317,2973.0,2.2660060975609757,37.73,-122.27,1
4.4583,22.0,6.246875,1.296875,967.0,3.021875,37.85,-121.64,1
13.2935,27.0,7.607142857142857,1.012672811059908,2336.0,2.6912442396313363,34.11,-118.49,1
3.8882,37.0,6.052486187845304,1.0883977900552486,951.0,2.6270718232044197,38.61,-121.36,0
2.6667,35.0,3.8959537572254335,0.884393063583815,808.0,4.670520231213873,34.27,-118.42,0
2.1719,44.0,4.283489096573208,1.0934579439252337,766.0,2.3862928348909658,38.57,-121.5,0
7.2639,15.0,7.473684210526316,0.9578947368421052,876.0,3.0736842105263156,37.67,-121.9,1
5.7361,39.0,6.451612903225806,1.0026881720430108,877.0,2.35752688172043,33.81,-118.38,1
10.9891,4.0,6.296296296296297,0.8518518518518519,93.0,3.4444444444444446,39.0,-121.0,1
3.2824,52.0,4.356984478935699,1.06430155210643,794.0,1.7605321507760532,34.08,-118.36,1
2.1414,46.0,2.8577319587628867,0.9422680412371134,1845.0,3.804123711340206,34.05,-118.3,0
2.3,23.0,4.305699481865285,0.9766839378238342,1318.0,3.4145077720207255,32.58,-117.1,0
1.9903,18.0,4.258845437616388,1.2327746741154562,1804.0,3.359404096834264,33.88,-118.16,0
2.5521,21.0,4.790291262135923,1.0097087378640777,1721.0,3.341747572815534,36.55,-119.29,0
3.25,36.0,4.211136890951276,0.988399071925754,1280.0,2.9698375870069604,37.68,-122.07,1
2.1542,31.0,2.348993288590604,1.0033557046979866,1272.0,4.268456375838926,34.04,-118.29,0
5.2722,17.0,5.532423208191126,1.0204778156996588,1028.0,3.508532423208191,37.44,-121.88,1
3.0114,31.0,4.117021276595745,0.9468085106382979,1175.0,4.166666666666667,33.97,-118.14,0
1.5288,14.0,5.187285223367698,1.104810996563574,1639.0,2.816151202749141,34.41,-117.31,0
2.0286,32.0,3.6842105263157894,1.1169590643274854,1434.0,4.192982456140351,34.29,-118.44,0
1.7546,52.0,4.733333333333333,1.0466666666666666,1085.0,3.6166666666666667,37.76,-122.21,0
3.8393,35.0,5.5688775510204085,0.9770408163265306,976.0,2.489795918367347,37.72,-122.13,1
4.0556,16.0,4.979779411764706,0.9237132352941176,2690.0,2.4724264705882355,33.89,-117.51,0
2.957,52.0,4.496259351620948,1.0473815461346634,1321.0,3.29426433915212,37.8,-122.24,0
5.8407,18.0,7.510416666666667,1.1125,1682.0,3.504166666666667,34.12,-117.64,1
1.9038,16.0,5.456445993031359,1.0662020905923344,652.0,2.2717770034843205,39.92,-122.17,0
4.7222,30.0,6.424691358024691,0.9901234567901235,981.0,2.422222222222222,38.67,-121.79,0
2.8818,50.0,5.2026143790849675,1.0762527233115469,1241.0,2.7037037037037037,34.1,-117.77,0
3.1667,52.0,4.136986301369863,1.0365296803652968,1662.0,7.589041095890411,37.35,-121.94,1
3.1875,30.0,4.171487603305785,1.1384297520661157,2481.0,5.12603305785124,34.06,-118.04,0
5.9225,18.0,6.270216962524655,1.0374753451676528,1663.0,3.280078895463511,37.23,-121.8,1
10.2666,24.0,8.063545150501673,1.0,847.0,2.8327759197324416,37.26,-122.02,1
2.5833,37.0,4.158536585365853,0.9829268292682927,1839.0,4.485365853658537,33.92,-118.21,0
3.653,13.0,6.418196994991653,1.181135225375626,3264.0,2.7245409015025044,38.98,-120.91,0
5.7039,35.0,5.8730650154798765,0.9628482972136223,965.0,2.9876160990712073,34.08,-117.92,1
4.3317,30.0,6.06203007518797,1.0432330827067668,1601.0,3.0093984962406015,32.83,-117.19,0
1.7083,19.0,4.033678756476684,1.0194300518134716,3157.0,4.089378238341969,33.71,-116.21,0
3.4063,16.0,4.585131894484412,0.973621103117506,1009.0,2.419664268585132,34.64,-120.47,0
2.3886,16.0,5.254716981132075,1.1622641509433962,1387.0,2.616981132075472,39.37,-121.24,0
3.55,17.0,4.794007490636704,0.951310861423221,707.0,2.647940074906367,37.09,-119.65,0
3.5606,30.0,4.851694915254237,1.1080508474576272,1272.0,2.694915254237288,32.84,-117.18,0
2.3,30.0,3.65,1.025,164.0,4.1,36.32,-121.26,1
5.061,34.0,5.081553398058253,1.083495145631068,1396.0,2.7106796116504857,33.84,-118.29,1
4.3594,14.0,5.041095890410959,0.9965753424657534,876.0,3.0,37.52,-122.25,1
2.9559,36.0,4.65242718446602,1.0407766990291263,1225.0,2.378640776699029,38.61,-121.39,0
2.6354,40.0,3.3527397260273974,1.0136986301369864,934.0,3.1986301369863015,33.96,-118.19,0
5.193,8.0,6.255813953488372,0.9900332225913622,999.0,3.318936877076412,37.81,-121.21,0
4.7813,5.0,5.703994760969221,1.0569744597249509,4372.0,2.8631303208906353,32.75,-116.91,1
4.1324,44.0,5.129082426127527,0.9564541213063764,1417.0,2.2037325038880247,34.14,-118.11,1
5.4842,22.0,5.1553956834532375,1.0906474820143885,1792.0,2.57841726618705,37.3,-122.03,1
6.2917,39.0,5.312803889789303,1.0243111831442464,1321.0,2.141004862236629,34.02,-118.44,1
4.1932,52.0,3.568888888888889,1.1866666666666668,628.0,2.7911111111111113,34.24,-117.86,0
3.6071,43.0,5.342741935483871,1.0241935483870968,613.0,2.471774193548387,34.2,-118.33,1
7.5557,36.0,7.743396226415094,1.0830188679245283,699.0,2.637735849056604,32.73,-117.23,1
3.5547,25.0,6.172413793103448,1.0919540229885059,882.0,3.3793103448275863,37.49,-120.82,0
3.1389,31.0,5.374631268436578,1.1002949852507375,2229.0,3.2876106194690267,38.02,-121.87,0
5.195,23.0,6.182389937106918,0.9916142557651991,1671.0,3.50314465408805,33.86,-117.6,0
0.9802,46.0,4.584288052373159,1.0540098199672667,1823.0,2.983633387888707,37.81,-122.29,0
1.8281,29.0,3.963740458015267,1.1011450381679388,1418.0,2.7061068702290076,34.13,-117.28,0
4.3851,16.0,5.531365313653136,0.922509225092251,1292.0,4.767527675276753,37.67,-120.97,0
4.1029,52.0,5.632022471910112,1.0084269662921348,847.0,2.3792134831460676,37.79,-122.46,1
2.5096,33.0,4.559322033898305,0.940677966101695,656.0,2.7796610169491527,40.78,-124.18,0
4.1875,35.0,5.474666666666667,0.984,1044.0,2.784,34.12,-118.06,1
5.9539,39.0,6.27027027027027,1.0324324324324323,508.0,2.745945945945946,37.53,-122.31,1
6.9833,10.0,10.765466297322252,1.853185595567867,2186.0,2.018467220683287,33.69,-116.39,1
5.103,34.0,5.90625,0.9744318181818182,1379.0,3.9176136363636362,33.84,-117.99,1
5.6825,24.0,6.69921875,1.0703125,1601.0,3.126953125,33.71,-117.98,1
4.5033,7.0,5.2917888563049855,1.1011730205278591,1739.0,2.5498533724340176,37.26,-121.83,1
2.9643,41.0,4.828877005347594,1.0909090909090908,1146.0,3.064171122994652,33.91,-118.16,0
3.7237,42.0,3.7324414715719065,1.0133779264214047,1082.0,3.6187290969899664,33.95,-118.36,0
2.6981,35.0,5.572327044025157,1.005503144654088,4885.0,3.8404088050314464,38.55,-121.28,0
2.3578,31.0,5.29038854805726,1.0858895705521472,1227.0,2.5092024539877302,34.1,-117.36,0
1.8438,52.0,3.06984667802385,1.0442930153321976,2382.0,4.057921635434412,34.07,-118.26,1
8.8693,8.0,6.307801418439716,1.0113475177304965,1680.0,2.382978723404255,33.64,-117.8,1
8.7835,52.0,7.539184952978056,0.9373040752351097,970.0,3.040752351097179,34.19,-118.12,1
2.3674,18.0,5.348453608247422,1.111340206185567,817.0,1.6845360824742268,33.68,-117.96,1
5.3439,23.0,5.825980392156863,0.9877450980392157,1101.0,2.698529411764706,33.83,-117.86,1
2.6471,16.0,4.0986666666666665,0.9706666666666667,1125.0,3.0,38.58,-121.3,0
8.0727,25.0,6.908408408408408,1.045045045045045,2003.0,3.0075075075075075,37.31,-122.05,1
1.6424,50.0,4.40169133192389,1.040169133192389,1131.0,2.3911205073995774,37.84,-122.28,0
2.9562,14.0,6.038084874863983,1.088139281828074,1822.0,1.9825897714907508,39.54,-121.46,0
3.2993,25.0,5.553191489361702,1.148936170212766,789.0,3.3574468085106384,38.13,-121.25,0
3.6455,9.0,5.328859060402684,1.0536912751677852,2717.0,2.604985618408437,38.73,-121.3,0
2.7864,22.0,4.859832635983263,1.5209205020920502,1301.0,2.721757322175732,34.38,-119.53,1
3.5393,15.0,5.460504201680672,1.030252100840336,1569.0,2.6369747899159663,37.35,-120.59,0
2.4964,32.0,5.79020979020979,1.1083916083916083,1037.0,3.625874125874126,37.37,-120.75,0
2.918,39.0,3.8917378917378915,1.0446343779677112,2054.0,1.9506172839506173,34.0,-118.46,1
2.5148,27.0,5.073496659242761,1.066815144766147,995.0,2.2160356347438754,37.67,-121.0,0
2.4387,7.0,4.088939566704675,1.0935005701254277,2695.0,3.072976054732041,33.88,-117.59,0
2.1927,29.0,2.9446460980036298,1.0798548094373865,3906.0,3.544464609800363,34.09,-118.3,1
4.8494,5.0,6.653132250580047,1.0812064965197217,2623.0,3.04292343387471,35.61,-117.66,0
2.6458,23.0,4.382352941176471,0.9411764705882353,101.0,2.9705882352941178,32.83,-116.97,0
6.1624,26.0,6.507380073800738,1.0092250922509225,1615.0,2.9797047970479706,33.66,-117.98,1
2.2841,52.0,4.35064935064935,1.077922077922078,152.0,1.974025974025974,37.85,-122.27,0
6.9326,6.0,7.314775160599572,1.0556745182012848,1319.0,2.8244111349036403,33.03,-117.25,1
5.9878,26.0,8.22742474916388,1.0468227424749164,838.0,2.802675585284281,32.76,-116.97,1
1.1108,41.0,4.473611111111111,1.1847222222222222,1959.0,2.720833333333333,37.82,-122.27,0
2.4632,41.0,5.309352517985611,1.0287769784172662,1086.0,3.906474820143885,33.89,-118.25,0
1.9208,39.0,3.291946308724832,0.959731543624161,1183.0,3.969798657718121,33.79,-118.25,0
1.725,52.0,3.386215864759428,1.0884265279583876,1798.0,2.3381014304291288,37.88,-122.26,1
3.2679,49.0,4.385802469135802,1.0339506172839505,1396.0,2.154320987654321,37.76,-122.47,1
7.5349,33.0,7.002890173410405,0.930635838150289,998.0,2.884393063583815,37.89,-122.04,1
3.0543,23.0,4.584245076586433,1.1728665207877462,1858.0,4.065645514223195,36.33,-121.23,0
5.2203,18.0,7.191780821917808,1.0502283105022832,751.0,3.4292237442922375,36.81,-121.6,1
2.442,30.0,5.102915951972555,1.0874785591766725,1367.0,2.3447684391080617,40.77,-124.19,0
5.25,16.0,7.099337748344371,1.0242825607064017,1504.0,3.3200883002207506,38.0,-121.86,0
2.0938,42.0,4.036842105263158,1.0973684210526315,1295.0,3.4078947368421053,34.0,-118.28,0
2.1779,36.0,4.490625,1.034375,1073.0,3.353125,37.6,-120.98,0
1.5071,28.0,3.481967213114754,1.0131147540983607,1058.0,3.4688524590163934,34.38,-119.86,1
2.3658,17.0,4.073093220338983,1.1133474576271187,3102.0,3.2860169491525424,32.78,-117.17,0
6.1287,4.0,6.791896869244936,1.0810313075506446,10450.0,3.2074892572130143,34.01,-117.75,1
2.2,49.0,5.1875,1.0972222222222223,611.0,2.1215277777777777,37.74,-122.15,1
3.2865,52.0,4.8839590443686,1.023890784982935,657.0,2.242320819112628,36.62,-121.91,1
3.4306,34.0,5.774410774410774,0.9764309764309764,780.0,2.6262626262626263,36.22,-119.09,0
6.0689,19.0,6.7318181818181815,0.9204545454545454,1295.0,2.9431818181818183,33.61,-117.68,1
4.25,24.0,5.35343618513324,1.1037868162692848,1656.0,2.3225806451612905,33.78,-117.84,1
3.0035,16.0,4.46,1.08,574.0,1.64,32.8,-117.05,0
2.4866,26.0,4.671610169491525,1.0127118644067796,1730.0,3.6652542372881354,37.96,-121.25,0
6.8645,23.0,7.302973977695167,1.0390334572490707,1858.0,3.453531598513011,33.72,-117.96,1
1.8661,24.0,4.984520123839009,1.0030959752321982,909.0,2.8142414860681115,39.52,-121.61,0
3.3456,37.0,4.514084507042254,0.9084507042253521,458.0,3.2253521126760565,36.67,-121.7,1
1.8878,30.0,4.272952853598015,0.9230769230769231,1467.0,3.640198511166253,36.56,-119.62,0
2.8,27.0,4.420494699646643,0.9964664310954063,503.0,1.7773851590106007,34.44,-119.74,1
1.125,26.0,3.7943396226415094,1.0509433962264152,855.0,1.6132075471698113,38.45,-122.7,1
2.1515,6.0,5.440366972477064,1.073394495412844,1135.0,5.206422018348624,36.72,-119.55,0
3.9038,35.0,6.177966101694915,1.1059322033898304,686.0,2.906779661016949,33.9,-118.13,1
5.8322,14.0,5.689848963821566,1.0512820512820513,8117.0,2.8510713031260977,37.57,-122.01,1
2.3482,52.0,6.891891891891892,1.1783783783783783,627.0,3.389189189189189,38.28,-122.9,0
2.558,15.0,3.8518518518518516,0.9590643274853801,2024.0,1.97270955165692,37.32,-120.47,0
2.9798,17.0,5.530487804878049,0.9695121951219512,1672.0,3.3983739837398375,35.02,-120.48,1
1.712,36.0,6.307228915662651,1.2891566265060241,651.0,3.9216867469879517,37.75,-122.18,0
4.2143,36.0,5.677064220183486,1.0201834862385322,1672.0,3.067889908256881,34.09,-117.75,0
4.2672,47.0,4.650793650793651,0.9714285714285714,1119.0,3.552380952380952,37.72,-122.4,1
5.0,26.0,5.599173553719008,1.0289256198347108,1439.0,2.9731404958677685,38.32,-122.32,0
4.3393,20.0,5.232388663967611,1.0477732793522267,3288.0,2.662348178137652,37.56,-121.99,1
1.6038,23.0,4.505030181086519,1.080482897384306,784.0,1.5774647887323943,34.17,-119.15,1
2.825,16.0,4.648464163822526,1.0119453924914676,1124.0,1.918088737201365,38.48,-122.66,1
1.1875,48.0,5.492063492063492,1.4603174603174602,129.0,2.0476190476190474,35.38,-119.02,0
2.5156,43.0,4.829351535836177,1.1877133105802047,569.0,1.9419795221843004,37.68,-122.09,1
2.2222,39.0,4.233576642335766,0.9452554744525548,725.0,2.645985401459854,37.66,-122.09,0
5.0621,25.0,7.461016949152542,1.1966101694915254,622.0,2.1084745762711865,36.59,-121.93,1
3.6343,37.0,5.208860759493671,1.0949367088607596,1137.0,2.3987341772151898,38.49,-122.91,0
4.8274,21.0,5.832214765100671,0.9899328859060402,983.0,3.2986577181208054,32.57,-117.12,0
2.8,42.0,4.791666666666667,1.1493055555555556,1290.0,4.479166666666667,33.96,-118.22,0
2.8403,16.0,6.428571428571429,1.2007722007722008,1301.0,5.023166023166024,38.02,-121.35,0
5.1778,26.0,5.097087378640777,0.970873786407767,881.0,2.8511326860841426,33.81,-118.36,1
3.4482,35.0,4.420743639921722,0.9804305283757339,1340.0,2.6223091976516635,32.83,-117.21,0
2.3269,34.0,4.494623655913978,0.974910394265233,1056.0,3.78494623655914,36.73,-119.74,0
7.2211,30.0,6.413157894736842,0.9184210526315789,1005.0,2.6447368421052633,36.73,-119.69,0
3.1757,50.0,4.5,1.0842105263157895,915.0,2.4078947368421053,34.28,-119.27,1
8.0287,11.0,8.007211538461538,0.9855769230769231,1460.0,3.5096153846153846,33.92,-117.85,1
6.3237,4.0,7.7841048750512085,1.1011880376894716,8980.0,3.678820155673904,32.95,-117.18,1
2.4044,36.0,5.438448566610456,1.0708263069139967,2034.0,3.430016863406408,35.77,-119.23,0
4.4236,38.0,5.78140703517588,1.0452261306532664,1079.0,2.7110552763819094,34.1,-118.03,1
7.9135,21.0,7.928571428571429,1.1114285714285714,856.0,2.4457142857142857,37.25,-121.97,1
3.9792,42.0,5.263513513513513,0.9797297297297297,450.0,3.0405405405405403,34.19,-118.41,1
3.1146,24.0,4.88785046728972,1.1744548286604362,715.0,2.2274143302180685,32.82,-117.17,1
2.4113,26.0,4.685649202733485,1.0751708428246014,1453.0,3.3097949886104785,36.34,-119.27,0
6.5843,20.0,7.351201478743068,0.9981515711645101,1886.0,3.4861367837338264,33.88,-117.86,1
3.2569,42.0,4.945273631840796,1.0,1239.0,3.082089552238806,34.08,-118.06,1
1.186,24.0,3.3642611683848798,0.9862542955326461,546.0,1.8762886597938144,38.55,-121.47,0
4.5833,27.0,6.080321285140562,0.9759036144578314,1284.0,2.5783132530120483,37.28,-121.92,1
2.809,34.0,4.846153846153846,0.9842209072978304,1538.0,3.0335305719921104,34.12,-117.22,0
5.1265,34.0,5.897163120567376,1.0602836879432624,762.0,2.702127659574468,34.21,-118.52,1
4.1797,43.0,6.344569288389513,1.0599250936329587,674.0,2.5243445692883895,34.15,-118.03,1
4.0,52.0,4.647058823529412,1.0484429065743945,1392.0,2.4083044982698962,37.78,-122.45,1
2.45,30.0,5.202443280977312,1.0558464223385688,1784.0,3.113438045375218,34.08,-117.25,0
3.75,38.0,5.275229357798165,0.981651376146789,259.0,2.376146788990826,38.72,-121.9,1
5.4138,2.0,8.930715935334874,1.3233256351039262,1275.0,2.9445727482678983,34.12,-117.17,0
4.8618,22.0,5.018963337547408,1.1011378002528445,1588.0,2.0075853350189634,34.05,-118.44,1
10.1714,6.0,8.305343511450381,1.0882103477523324,3744.0,3.1755725190839694,33.78,-117.78,1
5.4617,17.0,5.48785046728972,1.0373831775700935,1381.0,2.581308411214953,33.92,-117.89,1
2.9271,6.0,2.4880763116057234,0.9523052464228935,3157.0,5.019077901430842,33.75,-117.86,0
3.0536,34.0,4.620087336244541,1.0043668122270741,1043.0,4.554585152838428,34.05,-118.04,0
4.3819,25.0,4.996638655462185,1.0453781512605043,1413.0,2.3747899159663866,37.7,-122.1,1
3.9036,37.0,4.968023255813954,0.9680232558139535,778.0,2.261627906976744,33.95,-118.13,1
1.6667,30.0,5.265217391304348,1.2565217391304349,611.0,2.6565217391304348,34.83,-116.96,0
5.4469,33.0,6.1854545454545455,1.0545454545454545,831.0,3.021818181818182,34.06,-117.9,1
2.9744,43.0,6.070063694267516,1.0414012738853504,996.0,3.171974522292994,38.26,-121.56,0
4.1442,22.0,5.493464052287582,1.0294117647058822,1471.0,2.40359477124183,32.66,-117.04,1
6.7496,36.0,5.411616161616162,1.095959595959596,751.0,1.8964646464646464,34.05,-118.48,1
1.9073,29.0,5.635593220338983,1.1073446327683616,1261.0,3.562146892655367,37.12,-120.16,0
3.9063,15.0,4.74306269270298,1.0359712230215827,2549.0,2.6197327852004113,34.22,-119.18,1
2.5833,25.0,3.4672454617205997,1.080505130228887,3781.0,2.984214680347277,34.23,-118.45,1
6.979,17.0,6.7057057057057055,0.960960960960961,2166.0,3.2522522522522523,33.67,-117.97,1
3.0377,47.0,4.590415913200723,1.1491862567811935,3348.0,3.027124773960217,34.1,-118.21,1
2.9526,24.0,4.725085910652921,1.168384879725086,1699.0,1.9461626575028637,37.9,-122.05,1
2.1487,44.0,4.944444444444445,1.0815972222222223,1408.0,2.4444444444444446,37.65,-120.99,0
4.6563,45.0,5.986784140969163,0.9933920704845814,1106.0,2.436123348017621,37.79,-122.19,1
2.8548,6.0,8.095914742451155,1.4280639431616342,1543.0,2.7406749555950265,34.7,-118.09,0
3.2031,52.0,5.477611940298507,1.0796019900497513,910.0,2.263681592039801,37.85,-122.26,1
2.2208,15.0,7.362948960302457,1.4782608695652173,900.0,1.7013232514177694,33.68,-116.42,0
2.181,36.0,3.399581589958159,1.0251046025104602,2003.0,4.190376569037657,34.04,-118.2,0
4.1115,35.0,4.908333333333333,0.9958333333333333,1659.0,3.45625,33.79,-117.98,1
3.9617,6.0,6.910372608257805,1.1424974823766365,5860.0,2.9506545820745216,33.57,-117.23,1
6.2048,23.0,7.304843304843305,0.9886039886039886,1043.0,2.9715099715099713,37.73,-121.93,1
1.7031,20.0,4.895985401459854,1.0091240875912408,1497.0,2.7317518248175183,36.07,-119.06,0
4.0473,5.0,4.851305334846765,1.3087400681044268,1503.0,1.706015891032917,37.93,-122.05,1
1.6983,10.0,4.471930906847625,1.161011721159778,4274.0,2.6366440468846393,33.95,-116.5,0
4.5135,15.0,6.566302652106084,1.0608424336973479,1914.0,2.985959438377535,32.72,-116.98,0
2.7386,16.0,3.367375886524823,1.1063829787234043,913.0,1.2950354609929078,32.77,-117.18,0
5.0237,52.0,5.2559241706161135,1.0355450236966826,1211.0,2.8696682464454977,34.16,-118.12,1
1.7929,37.0,3.1008902077151337,1.0712166172106825,1666.0,4.943620178041543,33.98,-118.25,0
4.0909,36.0,6.043478260869565,1.030690537084399,1240.0,3.1713554987212276,33.79,-117.93,1
1.625,52.0,3.4285714285714284,0.8571428571428571,46.0,6.571428571428571,34.06,-117.75,0
2.9735,34.0,4.301369863013699,1.0325342465753424,1805.0,3.0907534246575343,34.21,-118.47,1
5.3812,10.0,5.316037735849057,1.1462264150943395,1584.0,2.490566037735849,33.84,-117.87,1
1.9013,36.0,4.232905982905983,1.0833333333333333,1998.0,4.269230769230769,37.64,-121.01,0
2.1875,27.0,5.4124293785310735,1.03954802259887,580.0,3.2768361581920904,37.6,-121.04,0
2.6535,26.0,3.1676470588235293,1.0676470588235294,3193.0,3.130392156862745,33.95,-118.36,0
2.3409,38.0,4.718631178707224,1.1330798479087452,1055.0,4.011406844106464,34.08,-118.19,0
7.8904,33.0,7.082802547770701,1.0047770700636942,1675.0,2.667197452229299,37.95,-122.52,1
4.6607,33.0,5.996621621621622,1.0439189189189189,1071.0,3.6182432432432434,34.36,-118.93,1
3.6389,44.0,6.126436781609195,1.0919540229885059,416.0,2.3908045977011496,38.34,-122.28,1
1.9853,47.0,3.9927797833935017,0.9620938628158845,1903.0,3.435018050541516,33.99,-118.3,0
2.5821,20.0,3.5811051693404634,1.0873440285204992,1570.0,1.3992869875222815,38.58,-121.5,0
4.5042,9.0,7.129129129129129,1.117117117117117,884.0,2.6546546546546548,39.04,-121.07,1
1.9,15.0,6.742574257425742,1.2623762376237624,378.0,1.8712871287128714,33.63,-117.72,0
1.3274,21.0,2.828689370485036,1.061919504643963,2924.0,3.017543859649123,33.78,-118.19,1
3.5278,32.0,3.878524945770065,0.9956616052060737,1131.0,2.453362255965293,33.88,-118.13,0
4.0583,52.0,5.865,1.0925,1121.0,2.8025,34.05,-118.37,1
5.5284,37.0,5.46360153256705,0.9923371647509579,689.0,2.6398467432950192,34.0,-118.41,1
5.9641,44.0,4.357142857142857,1.0285714285714285,156.0,2.2285714285714286,33.99,-118.44,1
3.3269,52.0,4.61003861003861,1.079150579150579,1121.0,2.164092664092664,37.77,-122.27,1
2.8558,31.0,4.9918367346938775,1.346938775510204,1067.0,4.355102040816327,37.56,-121.27,0
3.875,36.0,5.408759124087592,0.9708029197080292,640.0,2.335766423357664,35.41,-118.98,0
3.1795,32.0,4.889830508474576,1.0084745762711864,1509.0,2.557627118644068,33.93,-117.42,0
3.6563,18.0,10.447852760736197,2.208588957055215,354.0,2.1717791411042944,39.17,-120.18,0
3.7784,25.0,5.928571428571429,1.0372670807453417,1043.0,3.239130434782609,32.95,-117.02,0
3.3793,18.0,6.322834645669292,1.0669291338582678,1817.0,3.576771653543307,39.11,-121.64,0
3.6563,17.0,5.901408450704225,1.1338028169014085,388.0,2.732394366197183,39.03,-121.12,0
3.0588,28.0,3.7810650887573964,1.0591715976331362,1062.0,6.284023668639053,33.92,-117.94,0
1.0612,15.0,2.5535714285714284,1.0446428571428572,914.0,1.3601190476190477,32.75,-117.21,1
4.675,27.0,4.907725321888412,1.053648068669528,1101.0,2.3626609442060085,33.87,-118.38,1
4.2614,36.0,5.690384615384615,1.0173076923076922,1125.0,2.1634615384615383,37.29,-121.89,1
2.1696,16.0,4.834920634920635,0.9777777777777777,477.0,1.5142857142857142,38.27,-122.66,0
2.6288,23.0,6.421906693711968,1.4198782961460445,1097.0,2.2251521298174444,35.75,-118.44,0
5.2145,28.0,6.807407407407408,1.011111111111111,899.0,3.3296296296296295,37.96,-121.96,1
7.4817,41.0,6.813901345291479,1.0807174887892377,973.0,2.181614349775785,34.14,-118.16,1
4.4871,2.0,6.6907001044932075,1.1661442006269593,3327.0,3.476489028213166,38.01,-121.29,0
7.9976,52.0,7.742465753424658,1.0438356164383562,924.0,2.5315068493150683,34.13,-118.13,1
3.0199,25.0,4.067385444743936,1.0862533692722371,2205.0,2.9716981132075473,34.15,-118.27,1
2.9567,52.0,4.05344295991778,1.1017471736896198,1913.0,1.9660842754367933,37.77,-122.43,1
4.9643,36.0,5.118367346938776,0.9346938775510204,629.0,2.5673469387755103,34.21,-118.5,1
3.4531,41.0,5.105154639175257,1.043298969072165,1271.0,2.620618556701031,34.22,-118.24,1
2.5787,35.0,4.14662273476112,1.0906095551894563,1883.0,3.102141680395387,34.08,-118.13,1
4.112,12.0,5.250332889480692,0.9813581890812251,3280.0,4.3675099866844205,32.7,-117.06,0
1.7622,36.0,3.928716904276986,1.0712830957230142,974.0,1.9837067209775967,32.75,-117.25,1
2.1343,52.0,3.219138755980861,1.0526315789473684,2112.0,2.0210526315789474,37.79,-122.42,1
2.8472,27.0,12.32,2.993333333333333,396.0,2.64,40.16,-123.22,0
4.0679,24.0,6.347394540942928,1.0496277915632755,1149.0,2.8511166253101736,38.91,-121.11,1
2.1866,29.0,2.633093525179856,1.0359712230215827,691.0,2.485611510791367,34.1,-118.33,1
2.6053,33.0,4.786632390745501,1.1028277634961439,971.0,2.4961439588688945,37.8,-121.21,0
4.5272,17.0,5.895161290322581,1.0376344086021505,1148.0,3.086021505376344,38.36,-121.29,1
4.8017,39.0,5.669950738916256,1.0147783251231528,1590.0,3.916256157635468,34.1,-118.04,1
2.1375,23.0,3.2763713080168775,1.0928270042194093,1988.0,4.194092827004219,33.76,-117.98,0
6.2306,22.0,5.749478079331942,0.9958246346555324,1163.0,2.4279749478079333,37.59,-122.4,1
3.3906,44.0,4.258928571428571,0.8125,220.0,1.9642857142857142,34.18,-118.39,1
2.6161,30.0,6.833333333333333,1.597938144329897,1387.0,2.3831615120274914,38.49,-123.04,0
1.6111,26.0,3.6561338289962824,1.0724907063197027,692.0,1.2862453531598512,33.76,-118.08,0
2.9292,29.0,4.505747126436781,0.9540229885057471,1681.0,3.864367816091954,34.09,-117.33,0
5.2879,12.0,5.410596026490066,1.0066225165562914,3436.0,3.250709555345317,37.57,-122.04,1
2.1038,24.0,5.015945330296128,1.072892938496583,1052.0,2.3963553530751707,36.3,-119.77,0
4.0882,16.0,5.851351351351352,1.0694980694980696,1301.0,2.511583011583012,33.41,-117.19,1
2.575,45.0,5.663793103448276,1.1939655172413792,649.0,2.7974137931034484,39.17,-122.9,0
2.625,40.0,4.192592592592592,1.0641975308641975,1280.0,3.1604938271604937,33.98,-118.18,1
2.7218,38.0,3.809090909090909,0.9745454545454545,1240.0,2.2545454545454544,32.64,-117.09,0
3.625,25.0,5.305555555555555,1.021604938271605,1098.0,3.388888888888889,34.09,-117.7,0
4.2566,16.0,4.924731182795699,1.0595533498759304,3107.0,2.5698924731182795,33.87,-117.8,1
0.7068,49.0,2.0822784810126582,1.0063291139240507,467.0,1.4778481012658229,37.33,-121.89,1
5.2806,47.0,4.485333333333333,1.0106666666666666,837.0,2.232,37.78,-122.46,1
6.3992,36.0,5.693333333333333,1.0666666666666667,473.0,3.1533333333333333,33.86,-118.33,1
1.3889,25.0,4.552529182879377,1.0077821011673151,804.0,3.1284046692607004,36.21,-119.36,0
6.8279,2.0,8.78297161936561,1.2737896494156928,1460.0,2.4373956594323873,33.51,-117.7,1
3.6897,38.0,4.322115384615385,1.0360576923076923,2416.0,2.9038461538461537,33.85,-118.18,0
4.2083,44.0,4.924050632911392,1.0,733.0,3.0928270042194095,33.9,-118.08,0
4.4659,32.0,5.321621621621621,1.072972972972973,1349.0,3.645945945945946,33.89,-118.27,0
4.3646,9.0,7.129436325678497,1.173277661795407,1208.0,2.521920668058455,39.25,-121.18,1
6.6897,22.0,7.408783783783784,1.0016891891891893,1915.0,3.2347972972972974,33.89,-117.86,1
4.0156,34.0,5.471590909090909,0.9034090909090909,392.0,2.227272727272727,38.14,-122.26,0
5.1806,9.0,4.41635687732342,1.0346964064436184,1530.0,1.895910780669145,33.8,-118.16,0
4.5268,22.0,9.880898876404494,2.0921348314606742,1145.0,2.5730337078651684,34.21,-117.1,0
3.0404,25.0,4.2631578947368425,1.0701754385964912,1021.0,2.5588972431077694,38.29,-122.3,0
5.716,27.0,7.15625,0.9375,492.0,3.075,37.4,-121.83,1
2.9306,41.0,4.522292993630574,1.0764331210191083,640.0,2.038216560509554,32.84,-117.28,1
2.3523,37.0,3.8008595988538683,1.0802292263610316,1087.0,1.5573065902578798,33.77,-118.18,1
5.2713,36.0,5.884146341463414,1.079268292682927,915.0,2.7896341463414633,33.82,-118.1,1
4.775,35.0,5.073558648111332,1.0834990059642147,1850.0,3.6779324055666005,34.24,-118.4,0
2.535,43.0,4.861538461538461,1.05,611.0,2.35,39.21,-121.05,0
3.3125,22.0,4.069986541049798,1.0148048452220726,2357.0,3.172274562584118,33.75,-117.99,1
3.8214,36.0,5.897435897435898,1.0128205128205128,690.0,2.948717948717949,33.83,-117.95,1
5.2131,5.0,4.898805340829234,1.0182712579058328,3521.0,2.4743499648629657,33.87,-117.83,1
4.1563,12.0,6.751497005988024,1.4131736526946108,1006.0,3.0119760479041915,37.13,-118.94,0
3.5978,33.0,5.976315789473684,1.0236842105263158,1100.0,2.8947368421052633,34.15,-117.26,0
7.5696,4.0,8.026178010471204,1.1570680628272252,545.0,2.8534031413612566,34.87,-120.45,1
1.7885,40.0,5.916817359855335,1.1989150090415914,1467.0,2.6528028933092225,41.78,-121.62,0
6.1825,27.0,6.756637168141593,0.9734513274336283,756.0,3.3451327433628317,34.3,-118.7,1
3.2396,25.0,3.501700680272109,1.120748299319728,1349.0,2.29421768707483,34.03,-118.44,1
7.7307,34.0,6.619528619528619,1.0740740740740742,980.0,3.2996632996632997,34.13,-118.02,1
3.0313,17.0,5.870614035087719,1.1644736842105263,1244.0,2.7280701754385963,41.84,-124.3,0
4.125,37.0,5.109792284866469,1.0445103857566767,648.0,1.9228486646884273,37.93,-122.53,1
3.0677,37.0,4.439024390243903,1.102981029810298,1341.0,3.6341463414634148,33.93,-118.34,0
6.9584,16.0,6.310714285714286,0.9571428571428572,1061.0,3.789285714285714,37.4,-121.87,1
5.0526,36.0,6.088495575221239,1.0154867256637168,1211.0,2.6792035398230087,33.95,-118.12,1
5.0543,21.0,6.760925449871466,1.1465295629820051,1789.0,4.598971722365039,37.31,-121.8,1
3.1042,7.0,5.493362831858407,1.0896017699115044,2431.0,2.689159292035398,37.5,-120.87,0
3.6806,15.0,5.744648318042813,1.018348623853211,1693.0,2.58868501529052,33.74,-116.93,0
3.0,16.0,41.333333333333336,8.476190476190476,44.0,2.0952380952380953,39.3,-120.33,0
1.3479,42.0,3.9075862068965517,1.0593103448275862,2542.0,3.506206896551724,33.98,-118.29,0
5.17,39.0,6.190804597701149,1.0988505747126436,1219.0,2.802298850574713,34.16,-118.52,1
1.9464,36.0,4.975510204081632,1.0530612244897959,639.0,2.6081632653061226,37.12,-120.27,0
6.381,52.0,6.662337662337662,1.0692640692640694,1005.0,2.175324675324675,37.89,-122.26,1
2.1875,16.0,5.49171270718232,1.022099447513812,495.0,2.734806629834254,40.44,-122.42,0
3.6546,30.0,5.250639386189258,0.9411764705882353,1496.0,3.8260869565217392,34.16,-119.18,1
1.3362,18.0,4.822299651567945,1.083623693379791,1429.0,4.979094076655052,32.57,-117.06,0
2.7012,36.0,3.9957686882933707,1.0155148095909732,2148.0,3.0296191819464036,34.12,-118.19,0
2.1094,29.0,4.0,1.0623052959501558,1191.0,1.855140186915888,32.76,-117.13,0
6.2885,6.0,6.909448818897638,1.1023622047244095,664.0,2.6141732283464565,35.47,-118.92,1
4.0938,5.0,6.28125,1.0658482142857142,9509.0,3.5375744047619047,33.92,-117.22,0
7.0059,39.0,6.681592039800995,1.037313432835821,1094.0,2.7213930348258706,34.22,-118.22,1
2.7891,40.0,5.71830985915493,1.0845070422535212,374.0,2.6338028169014085,39.32,-121.65,0
2.0625,39.0,5.837528604118993,1.102974828375286,1181.0,2.7025171624713957,39.52,-122.2,0
4.9028,14.0,6.372151898734177,1.008860759493671,2124.0,2.688607594936709,37.1,-121.63,1
5.041,16.0,4.626614987080103,1.0077519379844961,1644.0,2.124031007751938,33.67,-118.01,1
6.0794,32.0,6.337559429477021,1.057052297939778,1628.0,2.5800316957210776,34.16,-118.6,1
2.346,38.0,3.2733918128654973,1.054093567251462,984.0,1.4385964912280702,33.77,-118.17,0
3.5542,43.0,6.268421052631579,1.1342105263157896,874.0,2.3,36.78,-119.8,0
5.4863,16.0,6.414201183431953,1.014792899408284,1589.0,4.701183431952662,32.67,-117.05,0
4.8966,45.0,6.176646706586826,1.0419161676646707,1722.0,2.5778443113772456,37.48,-122.24,1
1.6767,26.0,5.720779220779221,1.3571428571428572,855.0,2.7759740259740258,37.64,-120.9,0
2.6823,19.0,4.148974130240856,1.142729705619982,2917.0,2.6021409455842996,33.97,-118.36,0
3.4125,30.0,4.489010989010989,1.0247252747252746,771.0,2.118131868131868,33.65,-117.9,1
2.67,33.0,5.915451895043732,1.1020408163265305,936.0,2.728862973760933,41.04,-121.45,0
3.233,25.0,4.633587786259542,1.0729431721798135,3010.0,2.553011026293469,33.79,-118.16,1
2.6538,9.0,4.20327868852459,1.0950819672131147,1176.0,3.855737704918033,37.75,-122.41,1
2.9309,29.0,4.495388669301713,1.0895915678524375,1574.0,2.0737812911725957,36.61,-121.9,1
3.9688,52.0,5.167173252279635,0.9635258358662614,996.0,3.027355623100304,34.18,-118.14,0
7.0526,18.0,6.117283950617284,0.9259259259259259,1027.0,3.169753086419753,33.88,-117.82,1
4.7381,43.0,6.446666666666666,1.01,847.0,2.8233333333333333,37.61,-122.41,1
10.0765,3.0,7.674358974358975,1.1,991.0,2.541025641025641,33.61,-117.59,1
4.0893,41.0,4.805732484076433,1.035031847133758,821.0,2.6146496815286624,33.8,-118.13,1
6.0252,15.0,7.958217270194986,1.0389972144846797,1325.0,3.6908077994428967,38.34,-121.96,0
4.0074,30.0,5.823439878234399,1.051750380517504,1656.0,2.5205479452054793,34.46,-119.26,1
3.2125,46.0,5.0087463556851315,1.0029154518950438,756.0,2.204081632653061,34.17,-118.34,1
5.3241,14.0,7.049645390070922,0.9739952718676123,1408.0,3.3286052009456264,36.83,-119.82,0
3.3534,26.0,6.087096774193548,1.1548387096774193,1913.0,3.085483870967742,34.13,-117.24,0
1.9181,17.0,4.674329501915709,1.053639846743295,800.0,3.0651340996168583,40.58,-122.36,0
5.606,32.0,5.365155131264917,1.097852028639618,1191.0,2.8424821002386635,37.31,-121.98,1
4.0398,23.0,5.154782608695652,1.0469565217391303,3570.0,3.1043478260869564,33.77,-117.85,1
2.1484,52.0,5.1923076923076925,1.3076923076923077,93.0,3.576923076923077,37.72,-122.39,1
1.9224,36.0,3.902542372881356,0.847457627118644,585.0,2.4788135593220337,37.92,-122.35,0
4.0987,37.0,4.804913294797688,1.060693641618497,1468.0,2.121387283236994,37.58,-122.36,1
4.1852,44.0,4.991228070175438,1.0,497.0,2.1798245614035086,33.96,-118.4,1
3.8065,5.0,5.436657681940701,1.0390835579514826,1967.0,2.650943396226415,37.69,-121.03,0
3.2614,19.0,5.767213114754099,1.0786885245901638,2091.0,3.4278688524590164,33.36,-117.1,0
2.9231,21.0,4.005970149253732,0.9731343283582089,748.0,2.2328358208955223,33.8,-117.9,0
3.15,44.0,5.446376811594203,1.0405797101449274,791.0,2.2927536231884056,38.54,-121.43,0
3.9825,22.0,5.2611940298507465,1.0170575692963753,2874.0,3.0639658848614073,34.11,-117.76,1
4.8686,4.0,6.293711656441718,1.052914110429448,3887.0,2.980828220858896,33.85,-117.55,1
4.8875,9.0,5.735849056603773,1.0150943396226415,1250.0,4.716981132075472,32.69,-117.06,0
1.5521,30.0,3.8506787330316743,1.002262443438914,1966.0,4.447963800904978,33.99,-118.26,0
3.9091,34.0,5.909638554216867,1.1927710843373494,1488.0,4.481927710843373,34.01,-118.06,0
1.4732,28.0,4.96078431372549,0.9803921568627451,201.0,3.9411764705882355,38.03,-121.16,0
3.8598,14.0,5.684536082474227,0.9371134020618557,2819.0,2.906185567010309,37.69,-120.97,0
3.3594,22.0,5.623115577889447,1.1055276381909547,565.0,2.8391959798994977,37.92,-122.32,1
2.2125,52.0,5.124293785310734,1.0169491525423728,479.0,2.7062146892655368,38.56,-121.46,0
2.037,42.0,4.497175141242938,1.1468926553672316,697.0,3.937853107344633,33.96,-118.27,0
1.8077,47.0,5.162790697674419,1.0232558139534884,846.0,2.8106312292358804,40.17,-122.25,0
2.1473,29.0,3.853846153846154,1.0538461538461539,1368.0,3.5076923076923077,33.74,-118.29,1
7.8031,18.0,7.1535087719298245,1.0,599.0,2.6271929824561404,38.58,-121.34,1
3.0217,26.0,4.146341463414634,0.9420731707317073,869.0,2.649390243902439,32.58,-117.12,0
2.162,36.0,4.561611374407583,1.0497630331753554,1405.0,3.329383886255924,36.06,-119.03,0
2.9125,32.0,8.057416267942584,1.7177033492822966,454.0,2.172248803827751,39.17,-120.15,0
5.6986,20.0,5.677050882658359,1.0841121495327102,2310.0,2.398753894080997,37.9,-122.04,1
3.233,32.0,5.751497005988024,1.1796407185628743,951.0,2.8473053892215567,34.39,-119.51,1
4.9434,17.0,3.9544334975369457,1.043103448275862,1553.0,1.9125615763546797,37.56,-122.27,1
2.9886,10.0,3.3752535496957403,1.0304259634888437,1369.0,2.7768762677484786,33.86,-118.17,0
5.8371,35.0,5.482758620689655,1.1352785145888593,724.0,1.9204244031830238,33.55,-117.8,1
5.5073,16.0,5.172535211267606,1.0369718309859155,1718.0,3.0246478873239435,37.41,-121.86,0
2.2679,39.0,3.2409638554216866,1.0180722891566265,1242.0,3.7409638554216866,34.08,-117.96,0
3.5504,11.0,4.302564102564102,1.065934065934066,3089.0,2.263003663003663,34.18,-118.85,0
2.2813,21.0,5.207272727272727,1.0327272727272727,862.0,3.1345454545454547,39.42,-121.71,0
3.0139,45.0,4.796610169491525,1.0677966101694916,1076.0,2.2796610169491527,38.23,-122.63,1
2.6354,27.0,3.493377483443709,1.1490066225165563,718.0,2.377483443708609,37.79,-122.27,1
7.2905,23.0,6.401663695781343,1.0314913844325608,3895.0,2.3143196672608437,37.89,-122.47,1
5.1457,5.0,6.395918367346939,1.023469387755102,3269.0,3.335714285714286,35.22,-119.13,0
3.625,52.0,3.973568281938326,1.0440528634361232,846.0,3.7268722466960353,37.79,-122.25,0
4.5625,12.0,6.6796246648793565,1.0167560321715818,5008.0,3.35656836461126,33.99,-117.44,0
4.6197,21.0,3.7019328585961344,1.0193285859613428,1489.0,1.5147507629704984,34.05,-118.46,1
6.5268,30.0,6.034246575342466,0.9006849315068494,761.0,2.606164383561644,34.23,-118.48,1
2.1818,46.0,5.511784511784512,1.138047138047138,714.0,2.404040404040404,35.37,-119.04,0
7.3409,23.0,8.185185185185185,1.005050505050505,1938.0,3.2626262626262625,34.2,-118.88,1
4.5478,45.0,5.884,1.02,670.0,2.68,33.99,-118.06,1
4.4375,5.0,6.031547320981472,1.0826239359038559,5640.0,2.8242363545317977,33.09,-117.1,1
2.5639,47.0,5.233031674208145,1.2126696832579185,779.0,1.762443438914027,38.54,-121.49,0
2.1357,28.0,3.339563862928349,1.0311526479750779,692.0,2.155763239875389,32.8,-117.24,1
3.6696,40.0,5.230769230769231,1.0796703296703296,1183.0,3.25,34.1,-118.09,1
3.1324,19.0,29.248648648648647,5.632432432432433,441.0,2.383783783783784,34.24,-116.86,0
2.4911,35.0,4.506702412868632,0.9651474530831099,1648.0,4.418230563002681,34.07,-117.99,0
5.1695,36.0,6.207692307692308,1.0442307692307693,1305.0,2.5096153846153846,33.99,-118.37,1
1.432,44.0,4.04915514592934,1.1136712749615976,2182.0,3.3517665130568357,34.0,-118.28,0
1.6898,38.0,3.907042253521127,0.9746478873239437,1240.0,3.492957746478873,33.95,-118.26,0
5.5718,20.0,6.458410351201478,1.0147874306839186,1673.0,3.0924214417744915,38.35,-122.32,1
1.8369,17.0,6.1947368421052635,1.3526315789473684,775.0,2.039473684210526,35.48,-118.23,0
4.1806,28.0,6.317738791423002,1.0389863547758285,1334.0,2.6003898635477585,32.83,-117.21,1
3.2574,32.0,3.718503937007874,0.9586614173228346,1321.0,2.6003937007874014,37.38,-122.02,1
4.3,34.0,5.990066225165563,1.0496688741721854,863.0,2.857615894039735,37.33,-121.94,1
6.9135,52.0,6.1656441717791415,0.8773006134969326,908.0,2.785276073619632,34.17,-118.27,1
3.8456,35.0,5.461346633416459,0.9576059850374065,1154.0,2.8778054862842892,37.96,-122.05,0
2.7303,51.0,4.972014925373134,1.0708955223880596,1258.0,2.3470149253731343,37.83,-122.27,0
1.6785,12.0,4.485285101164929,1.011036174126303,7517.0,2.304414469650521,39.74,-121.88,0
2.3243,27.0,6.34718826405868,1.0635696821515892,1100.0,2.6894865525672373,39.38,-121.74,0
4.0018,14.0,3.5860555826426133,1.174061433447099,3100.0,1.5114578254509996,37.84,-122.3,0
3.129,48.0,4.144736842105263,1.064327485380117,1674.0,2.4473684210526314,37.78,-122.48,1
8.2375,14.0,8.916363636363636,1.0763636363636364,954.0,3.4690909090909092,33.83,-117.75,1
2.5179,36.0,5.051612903225807,1.135483870967742,1194.0,2.567741935483871,40.69,-124.27,0
4.0222,16.0,4.767910447761194,0.9925373134328358,6242.0,4.658208955223881,34.19,-119.13,1
1.5685,34.0,2.7942754919499104,1.1645796064400715,1774.0,3.1735241502683365,34.08,-118.3,1
4.069,28.0,5.247349823321555,0.9717314487632509,820.0,2.8975265017667846,32.69,-117.07,0
3.2969,38.0,4.733812949640288,0.9460431654676259,671.0,2.4136690647482015,33.84,-117.92,1
4.1382,15.0,5.562105263157894,1.0947368421052632,1032.0,2.1726315789473682,38.66,-121.27,1
2.4844,35.0,5.649819494584838,1.0469314079422383,861.0,3.108303249097473,38.68,-121.38,0
2.0536,42.0,4.735632183908046,1.0421455938697317,946.0,3.624521072796935,36.73,-119.74,0
2.9464,19.0,5.672661870503597,1.0494604316546763,3012.0,2.70863309352518,38.56,-121.37,0
1.9427,42.0,4.136666666666667,1.03,821.0,2.736666666666667,37.78,-122.29,0
3.75,27.0,4.13768115942029,1.1107660455486543,1901.0,1.9679089026915113,37.77,-122.28,1
1.0278,15.0,3.6932515337423313,1.0,543.0,1.665644171779141,32.76,-117.02,0
2.8025,5.0,4.947761194029851,1.1305970149253732,1767.0,3.296641791044776,32.78,-115.55,0
5.8587,52.0,5.885922330097087,1.0558252427184467,962.0,2.3349514563106797,34.04,-118.43,1
6.1187,36.0,6.406976744186046,1.122093023255814,522.0,3.0348837209302326,33.83,-118.35,1
4.8711,27.0,5.082810539523212,0.944792973651192,1499.0,1.8808030112923464,37.75,-122.24,1
3.9625,39.0,4.854368932038835,1.0776699029126213,998.0,3.2297734627831716,34.22,-118.46,0
3.2564,19.0,4.04102096627165,1.0733819507748406,5005.0,2.281221513217867,34.23,-118.6,1
4.8036,36.0,5.644628099173554,0.9201101928374655,1105.0,3.044077134986226,33.95,-118.11,1
1.7083,11.0,7.976744186046512,1.4767441860465116,246.0,2.86046511627907,38.95,-122.63,0
5.8735,35.0,5.811638591117918,1.0566615620214395,1521.0,2.329249617151608,34.11,-118.63,1
3.4333,27.0,3.443080357142857,0.9776785714285714,1453.0,1.6216517857142858,37.57,-122.33,1
2.2146,31.0,3.9568034557235423,0.958963282937365,1669.0,3.6047516198704104,33.11,-117.08,0
1.6686,17.0,3.893175074183976,1.1691394658753709,836.0,2.4807121661721068,32.81,-116.92,0
4.875,32.0,5.031578947368421,1.03859649122807,672.0,2.357894736842105,33.8,-118.35,1
1.9208,33.0,4.796208530805687,1.0876777251184835,1019.0,2.414691943127962,39.44,-123.8,0
3.7045,30.0,4.596928982725528,1.0844529750479845,1214.0,2.330134357005758,33.94,-117.99,1
4.4821,5.0,6.05506329113924,1.0943037974683545,4620.0,2.9240506329113924,38.1,-122.2,1
5.7421,16.0,17.322916666666668,2.9635416666666665,527.0,2.7447916666666665,34.28,-117.21,0
4.8958,21.0,9.012195121951219,1.524390243902439,199.0,2.426829268292683,34.07,-116.98,0
5.0861,35.0,6.051724137931035,1.110344827586207,774.0,2.668965517241379,33.95,-118.01,1
8.6196,11.0,5.8133333333333335,0.9333333333333333,212.0,2.8266666666666667,37.29,-122.12,1
2.5809,27.0,4.898601398601398,1.027972027972028,1306.0,4.566433566433567,34.96,-120.57,0
4.5,21.0,5.721830985915493,1.073943661971831,1978.0,3.482394366197183,37.24,-121.81,1
6.1768,33.0,5.98635477582846,0.9083820662768031,1348.0,2.6276803118908383,32.76,-116.97,1
4.0875,52.0,4.538181818181818,1.029090909090909,620.0,2.2545454545454544,37.89,-122.3,1
2.0536,9.0,3.9507042253521125,1.0211267605633803,662.0,2.3309859154929575,36.81,-119.71,0
3.0086,27.0,5.254424778761062,1.1880530973451326,863.0,1.9092920353982301,38.61,-121.38,0
2.15,37.0,3.75320970042796,1.0470756062767475,3228.0,4.604850213980028,34.02,-118.18,0
4.1827,30.0,4.694797687861271,1.0716763005780348,1487.0,1.7190751445086705,34.03,-118.49,1
3.4042,33.0,4.769363166953529,1.1342512908777969,1496.0,2.5748709122203097,37.38,-122.08,1
10.4835,30.0,7.618556701030927,0.9759450171821306,851.0,2.924398625429553,33.95,-117.99,1
4.6985,12.0,5.7020547945205475,1.0273972602739727,1577.0,2.7003424657534247,34.27,-118.8,1
4.6719,24.0,6.924901185770751,1.0296442687747036,1490.0,2.9446640316205532,35.31,-120.7,1
10.3467,34.0,7.296127562642369,1.1002277904328017,949.0,2.161731207289294,34.07,-118.43,1
3.5402,24.0,4.747311827956989,0.9139784946236559,1028.0,2.763440860215054,38.48,-121.45,0
4.8984,8.0,5.023255813953488,0.9069767441860465,626.0,3.63953488372093,32.56,-117.09,0
6.02,19.0,5.368794326241135,1.049645390070922,361.0,2.5602836879432624,33.87,-118.37,1
3.8603,22.0,5.354260089686099,0.9282511210762332,545.0,2.4439461883408073,38.68,-121.31,0
5.3098,22.0,5.589147286821706,0.9069767441860465,367.0,2.8449612403100777,38.0,-121.88,0
2.5655,16.0,4.955882352941177,1.0122549019607843,1126.0,2.7598039215686274,37.76,-120.87,0
4.1776,36.0,5.14176245210728,0.9923371647509579,706.0,2.7049808429118776,33.9,-118.34,1
3.6154,52.0,5.616016427104722,1.1478439425051334,1076.0,2.209445585215606,38.06,-122.21,0
2.2375,19.0,4.742105263157895,0.9631578947368421,700.0,3.6842105263157894,36.94,-120.06,0
5.2648,12.0,5.608808290155441,1.1321243523316062,792.0,2.051813471502591,32.94,-117.24,1
3.7679,10.0,5.313725490196078,0.9915966386554622,1353.0,3.7899159663865545,34.97,-120.45,0
4.875,33.0,5.630597014925373,1.1305970149253732,748.0,2.791044776119403,37.44,-122.12,1
1.9722,35.0,3.0,0.9887640449438202,1586.0,3.5640449438202246,34.07,-118.23,0
2.4615,46.0,4.465573770491804,1.0524590163934426,1068.0,3.501639344262295,36.92,-121.75,0
2.3929,52.0,4.4714285714285715,1.0678571428571428,844.0,3.0142857142857142,37.8,-122.23,0
8.338,52.0,8.297101449275363,0.9637681159420289,334.0,2.420289855072464,38.54,-121.5,1
3.3917,25.0,4.7701149425287355,1.3103448275862069,368.0,2.1149425287356323,37.38,-122.08,1
3.8934,52.0,5.567233384853169,1.1406491499227203,2270.0,3.508500772797527,37.73,-122.43,1
3.7361,5.0,6.202150537634409,1.2193548387096773,1396.0,3.0021505376344084,34.41,-117.51,0
4.7143,35.0,6.103092783505154,1.0309278350515463,572.0,2.948453608247423,37.65,-122.09,1
5.2681,21.0,5.7555555555555555,0.8444444444444444,142.0,3.1555555555555554,34.31,-119.17,1
1.25,39.0,4.548223350253807,1.101522842639594,805.0,4.086294416243655,35.36,-119.0,0
4.2171,32.0,4.1243432574430825,1.021015761821366,1605.0,2.810858143607706,33.89,-118.29,1
1.9707,12.0,5.213774597495528,1.170840787119857,2711.0,2.424865831842576,33.77,-116.98,0
3.4817,15.0,5.6280834914611,1.0588235294117647,1687.0,3.2011385199240987,38.02,-121.91,0
3.1591,2.0,4.63265306122449,0.7142857142857143,114.0,2.326530612244898,37.78,-121.93,1
1.6971,52.0,4.173469387755102,0.9897959183673469,208.0,2.122448979591837,37.88,-122.3,0
3.5744,31.0,4.163120567375887,1.0480693459416863,2659.0,2.095350669818755,37.76,-122.45,1
3.2196,31.0,4.293159609120521,1.0390879478827362,2695.0,4.3892508143322475,34.18,-119.18,0
1.0353,19.0,2.1555555555555554,0.973015873015873,766.0,1.2158730158730158,32.75,-117.14,0
2.3152,25.0,5.412844036697248,1.055045871559633,1424.0,3.2660550458715596,36.21,-119.32,0
3.1513,35.0,4.756207674943567,1.0835214446952597,2241.0,5.058690744920993,33.93,-118.05,0
3.6031,52.0,3.7025920873124147,1.0627557980900408,1438.0,1.9618008185538882,37.77,-122.43,1
3.8899,52.0,4.5,1.0475352112676057,1202.0,2.1161971830985915,37.77,-122.48,1
5.5524,21.0,6.156645569620253,0.9746835443037974,1968.0,3.1139240506329116,38.11,-122.65,1
3.5313,39.0,5.660194174757281,1.0776699029126213,640.0,3.1067961165048543,33.9,-118.36,1
2.862,21.0,4.2480957562568005,1.0663764961915125,1949.0,2.120783460282916,37.87,-122.51,1
3.2639,31.0,3.8903654485049834,1.0166112956810631,1690.0,5.614617940199335,33.73,-117.9,0
3.7045,33.0,5.296774193548387,0.9053763440860215,1235.0,2.6559139784946235,38.32,-122.31,0
4.1993,23.0,6.069252077562327,1.149584487534626,959.0,2.656509695290859,38.5,-122.47,1
7.6348,4.0,6.534079348931841,1.0600203458799593,2607.0,2.6520854526958293,32.98,-117.24,1
2.7619,21.0,4.043795620437956,0.9817518248175182,524.0,1.9124087591240877,38.3,-122.3,0
3.0083,18.0,4.283018867924528,1.0452830188679245,3001.0,3.7748427672955973,34.23,-118.39,1
3.6,24.0,5.351648351648351,0.9945054945054945,1286.0,3.532967032967033,34.07,-117.71,0
3.7596,21.0,4.1122278056951425,1.1055276381909547,1015.0,1.7001675041876048,32.84,-117.28,1
6.6988,26.0,7.2,0.9566265060240964,1371.0,3.3036144578313253,34.0,-117.99,1
1.8396,44.0,4.775628626692456,1.0986460348162477,1363.0,2.6363636363636362,34.13,-117.28,0
2.3683,17.0,4.439102564102564,1.0961538461538463,1471.0,2.3573717948717947,38.67,-121.36,0
4.9306,17.0,4.635245901639344,0.9672131147540983,622.0,2.5491803278688523,33.85,-117.86,0
4.1518,13.0,6.1980676328502415,1.0845410628019323,1181.0,2.8526570048309177,35.73,-117.87,0
1.5633,41.0,4.590189873417722,1.0901898734177216,1426.0,2.2563291139240507,39.74,-121.85,0
3.7083,52.0,4.3585313174946005,0.9114470842332614,1142.0,2.466522678185745,37.76,-122.5,1
5.3169,10.0,5.769886363636363,1.0142045454545454,867.0,2.4630681818181817,37.66,-122.04,1
3.0489,33.0,4.361607142857143,1.0357142857142858,1293.0,2.8861607142857144,37.66,-122.1,0
3.3889,15.0,6.094936708860759,1.1424050632911393,917.0,2.901898734177215,35.12,-118.01,0
3.9219,24.0,5.483928571428572,0.9714285714285714,1477.0,2.6375,36.67,-121.67,1
2.4167,22.0,5.93886462882096,1.2314410480349345,808.0,3.5283842794759823,38.65,-121.7,1
3.3846,45.0,4.511254019292605,1.0128617363344052,1111.0,3.572347266881029,33.94,-118.19,0
6.2838,34.0,6.948717948717949,1.0,442.0,2.2666666666666666,37.8,-122.18,1
4.75,36.0,5.92654028436019,1.0497630331753554,1031.0,2.443127962085308,33.88,-118.38,1
3.0588,37.0,4.914798206278027,1.0201793721973094,1515.0,3.396860986547085,32.72,-117.03,0
8.2335,37.0,5.098468271334792,0.949671772428884,846.0,1.851203501094092,34.11,-118.33,1
5.2855,31.0,6.851301115241636,1.0483271375464684,749.0,2.7843866171003717,37.71,-122.09,1
3.067,28.0,3.966666666666667,1.0952380952380953,349.0,1.661904761904762,34.08,-118.39,1
3.25,16.0,4.935483870967742,1.060931899641577,830.0,2.974910394265233,39.37,-123.75,0
1.5758,11.0,4.789346246973365,1.1138014527845037,2756.0,2.2243744955609364,34.41,-117.29,0
5.9202,9.0,6.115131578947368,1.0098684210526316,947.0,3.1151315789473686,32.76,-116.92,1
3.3594,45.0,3.82312591866732,1.0553650171484565,3359.0,1.6457618814306711,34.07,-118.35,1
3.5156,44.0,5.466911764705882,1.1544117647058822,961.0,3.5330882352941178,37.79,-122.22,0
3.3906,36.0,5.0785340314136125,1.044502617801047,1076.0,2.816753926701571,32.58,-117.16,0
5.3062,16.0,6.572072072072072,1.0,1697.0,3.8220720720720722,32.93,-117.13,1
6.379,12.0,7.8193979933110365,1.1672240802675586,1543.0,2.580267558528428,33.51,-117.71,1
2.1058,41.0,4.481632653061224,1.0775510204081633,1178.0,4.808163265306122,34.05,-118.19,0
5.3154,18.0,5.4574898785425106,0.9635627530364372,631.0,2.554655870445344,34.66,-120.11,1
3.3724,15.0,5.4078711985688726,1.114490161001789,1283.0,2.295169946332737,33.03,-117.08,0
5.5106,10.0,5.789976133651551,1.0167064439140812,966.0,2.305489260143198,34.6,-120.12,1
2.1513,27.0,4.698550724637681,1.0521739130434782,909.0,2.634782608695652,37.93,-121.19,0
5.345,32.0,5.135416666666667,0.9965277777777778,830.0,2.8819444444444446,34.38,-119.74,1
3.901,37.0,5.154213036565978,1.109697933227345,1080.0,1.7170111287758347,33.76,-118.14,1
6.1463,6.0,7.181262729124236,1.1384928716904277,1378.0,2.8065173116089612,37.3,-121.76,1
8.3678,34.0,7.860304287690179,1.0442600276625174,1962.0,2.7136929460580914,37.91,-122.12,1
1.675,34.0,3.28099173553719,1.0909090909090908,250.0,2.0661157024793386,33.99,-118.34,0
2.1179,18.0,4.107583774250441,1.0229276895943562,1538.0,2.7125220458553794,32.59,-117.11,0
4.825,29.0,6.577464788732394,1.0246478873239437,764.0,2.6901408450704225,38.33,-122.37,1
4.6042,51.0,6.66412213740458,1.025445292620865,922.0,2.346055979643766,37.73,-122.14,1
2.6618,37.0,3.8741721854304636,1.0033112582781456,766.0,2.5364238410596025,38.28,-122.27,0
2.3333,52.0,3.8073701842546064,1.1105527638190955,1480.0,2.4790619765494135,34.09,-118.28,1
2.1,17.0,4.335740072202166,0.9675090252707581,555.0,2.003610108303249,39.51,-122.22,0
10.3942,39.0,8.089285714285714,0.9732142857142857,353.0,3.1517857142857144,37.46,-122.15,1
2.894,52.0,4.157894736842105,1.0582706766917294,1195.0,2.2462406015037595,37.33,-121.91,1
3.5156,39.0,5.954545454545454,1.0,288.0,2.1818181818181817,37.72,-122.14,1
2.9054,37.0,3.4665551839464883,1.0267558528428093,2544.0,4.254180602006689,33.99,-118.19,0
4.6,27.0,6.304347826086956,0.9723320158102767,610.0,2.411067193675889,38.65,-121.34,1
4.2404,52.0,4.442477876106195,1.0221238938053097,590.0,2.6106194690265485,34.05,-118.38,1
3.2222,34.0,5.342364532019705,1.0295566502463054,1169.0,2.8793103448275863,33.92,-118.02,1
4.2361,2.0,5.03639846743295,0.975095785440613,1044.0,2.0,33.19,-117.26,0
1.5536,20.0,5.690196078431373,1.5137254901960784,467.0,1.8313725490196078,38.96,-119.94,1
1.3971,37.0,4.642857142857143,1.0942857142857143,1243.0,3.5514285714285716,33.96,-118.26,0
9.8589,18.0,7.100719424460432,0.935251798561151,808.0,2.906474820143885,33.64,-117.82,1
1.9851,17.0,5.474949899799599,1.220440881763527,1005.0,2.0140280561122244,38.91,-120.01,0
1.8911,52.0,4.151761517615176,1.1056910569105691,782.0,2.1192411924119243,38.56,-121.47,0
4.4038,45.0,4.571847507331379,0.8944281524926686,891.0,2.6129032258064515,33.98,-118.36,1
4.0556,49.0,4.968599033816425,1.038647342995169,1103.0,2.6642512077294684,34.1,-118.12,1
5.2108,31.0,5.846153846153846,1.083916083916084,1604.0,2.804195804195804,37.34,-122.0,1
1.8656,50.0,3.377922077922078,1.0311688311688312,3080.0,4.0,34.01,-118.28,0
2.1167,48.0,4.536184210526316,1.075657894736842,696.0,2.289473684210526,34.69,-118.14,0
2.3182,38.0,3.365432098765432,0.9753086419753086,1798.0,4.439506172839506,34.21,-118.38,0
5.3344,12.0,7.594235033259423,1.2172949002217295,1357.0,3.008869179600887,38.58,-121.0,1
5.0762,26.0,5.556521739130435,1.146583850931677,1518.0,1.8857142857142857,34.05,-118.4,1
1.3302,38.0,4.37958115183246,1.044502617801047,1116.0,2.9214659685863875,38.63,-121.44,0
2.6321,21.0,4.132264529058117,1.0561122244488979,2162.0,2.1663326653306614,37.7,-122.13,1
4.2305,32.0,5.891774891774892,1.2359307359307359,2541.0,5.5,33.91,-118.01,1
2.6964,21.0,4.660377358490566,1.1981132075471699,489.0,4.613207547169812,34.2,-119.18,0
1.6515,37.0,4.050675675675675,1.1858108108108107,782.0,2.641891891891892,34.9,-117.02,0
2.9125,28.0,3.748159057437408,1.1075110456553756,1548.0,2.279823269513991,34.02,-118.49,1
4.0568,16.0,5.281321184510251,1.071753986332574,2476.0,2.8200455580865604,34.27,-118.68,1
1.4141,18.0,5.907692307692308,1.3512820512820514,782.0,2.005128205128205,35.62,-118.45,0
4.6625,14.0,5.554006968641115,1.0174216027874565,887.0,3.0905923344947737,37.58,-121.47,1
3.6389,36.0,5.584615384615384,1.1153846153846154,490.0,3.769230769230769,33.91,-118.1,0
3.1324,28.0,4.228260869565218,1.2572463768115942,770.0,1.394927536231884,32.85,-117.3,1
1.1765,36.0,5.327044025157233,1.3333333333333333,567.0,3.5660377358490565,37.74,-122.19,0
2.6598,50.0,4.803603603603603,1.1045045045045045,1768.0,3.1855855855855855,36.85,-121.4,0
2.4663,39.0,4.22020725388601,1.0958549222797926,804.0,2.082901554404145,36.6,-121.9,1
3.375,10.0,5.975138121546961,1.0828729281767955,1174.0,3.2430939226519335,34.5,-117.35,0
3.2396,24.0,7.9072847682119205,1.6291390728476822,414.0,2.7417218543046356,38.92,-120.02,0
2.7816,21.0,3.50453720508167,1.0762250453720508,2773.0,2.516333938294011,34.09,-118.13,1
6.8553,33.0,6.760695187165775,1.0561497326203209,2021.0,2.7018716577540105,33.81,-118.37,1
5.6732,43.0,5.907090464547677,1.1100244498777505,1028.0,2.513447432762836,33.96,-118.4,1
2.8906,11.0,7.918918918918919,1.6891891891891893,317.0,4.283783783783784,34.61,-120.09,0
3.8529,43.0,4.2191142191142195,0.9953379953379954,742.0,1.7296037296037297,34.12,-118.15,1
4.4063,13.0,28.75728155339806,5.300970873786408,252.0,2.4466019417475726,38.26,-120.33,0
4.6389,34.0,5.664383561643835,0.976027397260274,905.0,3.0993150684931505,33.8,-117.95,1
2.3912,34.0,5.652960526315789,1.144736842105263,1783.0,2.932565789473684,35.16,-119.45,0
1.8125,23.0,4.899721448467966,1.0194986072423398,788.0,2.1949860724233985,39.77,-121.62,0
1.8235,37.0,2.4851063829787234,1.1063829787234043,552.0,2.348936170212766,34.14,-118.25,1
4.8,40.0,6.580188679245283,1.2523584905660377,952.0,2.2452830188679247,33.61,-117.91,1
6.7099,50.0,7.503521126760563,1.0352112676056338,753.0,2.6514084507042255,34.11,-118.11,1
5.0714,33.0,5.799319727891157,0.9914965986394558,1739.0,2.957482993197279,37.27,-121.9,1
5.347,22.0,6.751091703056769,1.042212518195051,2302.0,3.3508005822416305,37.72,-121.92,1
1.925,20.0,5.549618320610687,1.2442748091603053,624.0,2.381679389312977,33.57,-114.57,0
2.0043,36.0,5.264150943396227,1.326145552560647,999.0,2.692722371967655,37.97,-121.33,0
4.0458,12.0,5.253073770491803,1.0225409836065573,2749.0,2.8165983606557377,38.32,-121.96,0
1.3927,30.0,4.067853170189099,1.0511679644048944,2925.0,3.253615127919911,38.52,-121.43,0
5.3559,26.0,5.741496598639456,0.9546485260770975,1274.0,2.888888888888889,33.74,-118.04,1
2.8,43.0,4.302521008403361,1.0392156862745099,1256.0,3.518207282913165,37.35,-121.86,0
2.0875,13.0,3.5259740259740258,1.0352504638218925,1986.0,1.842300556586271,34.19,-118.31,1
10.3345,5.0,8.74031007751938,1.0426356589147288,876.0,3.395348837209302,37.76,-121.93,1
2.9306,37.0,5.4363636363636365,1.0618181818181818,858.0,3.12,37.04,-120.35,0
3.6607,23.0,6.296296296296297,1.128395061728395,1016.0,2.508641975308642,39.18,-120.99,0
1.7875,18.0,5.270440251572327,1.0440251572327044,733.0,2.3050314465408803,39.76,-121.58,0
0.8702,11.0,3.7172619047619047,0.9315476190476191,625.0,1.8601190476190477,34.02,-118.33,0
3.5469,28.0,5.863013698630137,1.2100456621004567,628.0,2.867579908675799,38.02,-122.93,1
5.5925,13.0,5.757981462409886,1.043254376930999,3188.0,3.283213182286303,34.3,-118.9,1
